school_code,school_name,subject,batch,major_code,major_name,field_name,current_value,new_value,source,match_type,confidence,diff_type
0391,中华女子学院,—,—,—,—,location.address,校本部: 北京市朝阳区育慧东路1号 | 北校区: 北京市昌平区科技园区创新路20号,"北京市朝阳区育慧东路1号
邮编：100101",02_简介,exact,1.0,text_major
0013,中国传媒大学,—,—,—,—,location.address,中国传媒大学: 北京市朝阳区定福庄东街一号,北京朝阳区定福庄东街一号,02_简介,exact,1.0,text_major
0002,中国人民大学,—,—,—,—,location.address,校本部: 北京市海淀区中关村大街59号 | 苏州校区: 江苏省苏州工业园区仁爱路158号 | 通州校区: 北京市通州区潞城镇 | 老校区: 北京市东城区张自忠路3号,北京市海淀区中关村大街59号,02_简介,exact,1.0,text_major
0008,中国农业大学,—,—,—,—,location.address,东校区: 北京市海淀区清华东路17号 | 西校区: 北京市海淀区圆明园西路2号 | 烟台校区: 山东省烟台市莱山区滨海中路2006号,"东区地址：北京市海淀区清华东路17号        100083

西区地址：北京市海淀区圆明园西路2号       100193",02_简介,exact,1.0,text_major
0064,中国地质大学(北京),—,—,—,—,location.address,中国地质大学(北京): 北京市海淀区学院路29号,通讯地址：北京市海淀区学院路29号中国地质大学（北京）招生办公室 邮政编码：100083 办公地点：中国地质大学（北京）综合办公楼303室,02_简介,exact,1.0,text_major
0397,中国劳动关系学院,—,—,—,—,location.address,北京校址: 北京市海淀区增光路45号 | 涿州校址: 河北省保定市涿州市东城坊镇,北京市海淀区增光路45号,02_简介,exact,1.0,text_major
1114,中国戏曲学院,—,—,—,—,location.address,中国戏曲学院: 北京市丰台区万泉寺400号,北京市丰台区万泉寺400号,02_简介,exact,1.0,text_major
0016,中国政法大学,—,—,—,—,location.address,海淀校区: 北京市海淀区西土城路25号 | 昌平校区: 北京市昌平区府学路27号,北京市昌平区府学路27号,02_简介,exact,1.0,text_major
0096,中国消防救援学院,—,—,—,—,location.address,中国消防救援学院: 北京市昌平区南雁路4号,北京市昌平区南雁路4号,02_简介,exact,1.0,text_major
0063,中国石油大学(北京),—,—,—,—,location.address,北京西校区: 北京市昌平区府学路18号 | 克拉玛依校区: 新疆维吾尔自治区克拉玛依市安定路355号 | 北京东校区: 北京市昌平区南环路15号,北京校本部 联系电话：010-89733245 地址：北京市昌平区府学路18号中国石油大学（北京）本科招生办公室 邮编：102249 克拉玛依校区 联系电话：0990-6633036 地址：新疆维吾尔自治区克拉玛依市安定路355号中国石油大学（北京）克拉玛依校区招生办公室 邮编：834000,02_简介,exact,1.0,text_major
0062,中国矿业大学(北京),—,—,—,—,location.address,学院路校区: 北京市海淀区学院路丁11号 | 沙河校区: 北京市昌平区沙河高教园区南二街9号,北京市海淀区学院路丁11号,02_简介,exact,1.0,text_major
0346,中国科学院大学,—,—,—,—,location.address,玉泉路校区: 北京市石景山区玉泉路19号甲 | 奥运村校区: 北京市朝阳区大屯路甲3号 | 中关村校区: 北京市海淀区中关村东路80号 | 雁栖湖校区: 北京市怀柔区雁栖湖东路1号,地址：北京市石景山区玉泉路19号（甲）  邮编:100049,02_简介,exact,1.0,text_major
0079,中国社会科学院大学,—,—,—,—,location.address,良乡校区: 北京市房山区长于大街11号 | 望京校区: 北京市朝阳区望京中环南路1号,学校地址：北京市房山区高教园区长于大街11号，邮编：102488,02_简介,exact,1.0,text_major
0315,中央民族大学,—,—,—,—,location.address,海淀校区: 北京市海淀区中关村南大街27号 | 丰台校区: 北京市丰台区魏各庄路27号,北京市海淀区中关村南大街27号,02_简介,exact,1.0,text_major
0010,北京中医药大学,—,—,—,—,location.address,良乡校区: 北京市房山区良乡大学城 | 和平街校区: 北京市朝阳区北三环东路11号 | 望京校区: 北京市朝阳区望京中环南路6号,北京市朝阳区北三环东路11号（100029） 望京校区朝阳区望京中环南路6号 良乡校区房山区良乡大学城,02_简介,exact,1.0,text_major
0004,北京交通大学,—,—,—,—,location.address,校本部: 北京市海淀区西直门外上园村3号 | 威海校区: 威海市南海新区现代路69号 | 雄安校区: 河北省雄安新区雄安校区,北京交通大学本部校区：北京市海淀区上园村3号，邮编100044 北京交通大学威海校区：山东省威海市文登区南海新区现代路69号，邮编264400,02_简介,exact,1.0,text_major
9233,军事航天部队航天工程大学,—,—,—,—,location.address,军事航天部队航天工程大学: 北京市怀柔区八一路1号,通信地址：北京市怀柔区八一路1号；邮编：101416,02_简介,exact,1.0,text_major
0310,北京体育大学,—,—,—,—,location.address,北京体育大学: 北京市海淀区信息路48号,北京市海淀区上地信息路48号,02_简介,exact,1.0,text_major
1123,北京信息科技大学,—,—,—,—,location.address,小营校区: 北京市海淀区清河小营东路12号 | 酒仙桥校区: 北京市朝阳区酒仙桥六街坊1号院 | 清河校区: 海淀区清河昌平路南段26号 | 金台路校区: 北京市朝阳区金台西路2号院 | 沙河校区: 北京市昌平区太行路55号,北京市昌平区太行路55号，邮政编码102206。,02_简介,exact,1.0,text_major
1190,北京信息职业技术学院,—,—,—,—,location.address,院本部: 北京市朝阳区芳园西路5号 | 东校区: 北京市朝阳区东坝红松园北里甲1号 | 南校区: 北京市丰台区花乡辛庄90号 | 首经贸密云分校: 北京市密云县西大桥路7号,北京市朝阳区芳园西路5号（院本部） 北京市朝阳区东坝红松园北里甲1号（东坝校区） 北京市丰台区花乡辛庄90号（花乡校区） 北京市密云县西大桥路7号（密云办学点）,02_简介,exact,1.0,text_major
1148,北京农学院,—,—,—,—,location.address,北京农学院: 北京市昌平区回龙观镇北农路7号,北京市昌平区史各庄街道北农路7号,02_简介,exact,1.0,text_major
0006,北京化工大学,—,—,—,—,location.address,东校区: 北京市朝阳区北三环东路15号 | 北校区: 北京市昌平区南涧路29号 | 西校区: 北京市海淀区紫竹院路98号,北京市朝阳区北三环东路15号38号信箱 邮编：100029,02_简介,exact,1.0,text_major
0095,北京协和医学院,—,—,—,—,location.address,北京市东城区东单三条9号 | 八大处校区: 北京市石景山区八大处路33号,北京东城区东单三条9号,02_简介,exact,1.0,text_major
1104,北京印刷学院,—,—,—,—,location.address,主校区: 北京市大兴区兴华大街(二段)1号 | 北校区: 北京市大兴区北程庄路 | 西校区: 北京市大兴区兴盛街206号,北京市大兴区兴华大街（二段）1号,02_简介,exact,1.0,text_major
0001,北京大学,—,—,—,—,location.address,燕园校区(校本部): 北京市海淀区颐和园路5号 | 新燕园校区: 北京市昌平区马池口镇 | 昌平校区: 北京市昌平区十三陵镇 | 医学部校区: 北京市海淀区学院路38号 | 深圳校区: 深圳市南山区西丽镇丽水路深圳大学城北大校区,北京市海淀区颐和园路5号,02_简介,exact,1.0,text_major
0075,北京外国语大学,—,—,—,—,location.address,东校区: 北京市海淀区西三环北路2号 | 西校区: 北京市海淀区西三环北路19号,北京市海淀区西三环北路2号,02_简介,exact,1.0,text_major
1101,北京工业大学,—,—,—,—,location.address,校本部: 北京市朝阳区平乐园100号 | 管庄校区: 北京市朝阳区管庄西里20号 | 花园村校区: 北京市海淀区车公庄西路35号 | 琉璃井校区: 北京市东城区永外琉璃井路41号 | 通州校区: 北京市通州区潞苑南大街89号 | 中蓝校区: 北京市朝阳区平乐园西大望路27号 | 惠新东街: 北京市朝阳区惠新东街8号,平乐园校区：北京市朝阳区平乐园100号； 通州校区：北京市通州区潞苑南大街1145号。,02_简介,exact,1.0,text_major
0011,北京师范大学,—,—,—,—,location.address,海淀校园: 北京市海淀区新街口外大街19号 | 珠海校区: 广东省珠海市香洲区唐家湾金凤路18号 | 西城校园: 北京市西城区定阜街1号 | 昌平校园: 北京市昌平区高教园南二街10号 | 育荣校园: 北京市昌平区沙河镇七里渠南村531号育荣园区,北京市新街口外大街19号,02_简介,exact,1.0,text_major
1120,北京工商大学,—,—,—,—,location.address,阜成路校区: 北京市海淀区阜成路11号、33号 | 良乡校区: 北京市良乡高教园区,海淀区阜成路11号、33号邮编：100048 北京市良乡高教园区邮编：102488,02_简介,exact,1.0,text_major
1103,北京服装学院,—,—,—,—,location.address,樱花园校区: 北京市朝阳区樱花东街甲2号 | 芍药居校区: 北京市朝阳区芍药居甲1号 | 通州校区: 北京市通州区光华路甲1号 | 昌平校区: 北京市昌平区南口镇道北文化路1号 | 牡丹园校区: 北京市海淀区花园北路29号,地址：北京市朝阳区樱花东街甲2号北京服装学院 邮编：100029,02_简介,exact,1.0,text_major
0009,北京林业大学,—,—,—,—,location.address,北京林业大学: 北京市海淀区清华东路35号,北京市海淀区清华东路35号 邮政编码：100083,02_简介,exact,1.0,text_major
1111,北京物资学院,—,—,—,—,location.address,北京物资学院: 北京市通州区富河大街321号,北京市通州区富河大街321号北京物资学院，邮编：101149,02_简介,exact,1.0,text_major
0302,北京理工大学,—,—,—,—,location.address,中关村校区: 北京市海淀区中关村南大街5号 | 良乡校区: 北京市房山区良乡高教园区 | 西山校区: 北京市海淀区冷泉东路16号 | 珠海校区: 广东省珠海市唐家湾金凤路6号 | 怀来校区: 河北省张家口市怀来县 | 秦皇岛校区: 河北省秦皇岛市北戴河区育花路28号,北京市海淀区中关村南大街5号,02_简介,exact,1.0,text_major
1115,北京电影学院,—,—,—,—,location.address,蓟门桥校区: 北京市海淀区西土城路4号 | 怀柔校区: 北京市怀柔区杨宋镇瑞丰大街1号,北京市海淀区西土城路4号,02_简介,exact,1.0,text_major
0305,北京电子科技学院,—,—,—,—,location.address,北京电子科技学院: 北京市丰台区富丰路7号,北京市丰台区富丰路7号,02_简介,exact,1.0,text_major
0005,北京科技大学,—,—,—,—,location.address,本部学院路校区: 北京市海淀区学院路30号 | 管庄校区: 北京市朝阳区管庄北一里 | 昌平校区: 北京市昌平区沙河镇昆仑路12号 | 顺德创新学院: 广东省佛山市顺德区大良致慧路2号,北京市海淀区学院路30号北京科技大学招生办公室,02_简介,exact,1.0,text_major
1110,北京第二外国语学院,—,—,—,—,location.address,北京第二外国语学院: 北京市朝阳区定福庄南里1号,北京市朝阳区定福庄南里1号 北京市延庆区湖南东路8号,02_简介,exact,1.0,text_major
1116,北京舞蹈学院,—,—,—,—,location.address,北京舞蹈学院: 北京市海淀区万寿寺路1号,北京海淀区万寿寺路一号北京舞蹈学院本科招生办公室,02_简介,exact,1.0,text_major
0301,北京航空航天大学,—,—,—,—,location.address,学院路校区: 北京市海淀区学院路37号 | 沙河校区: 北京市昌平区沙河高教园南三街9号,北航现隶属于工业和信息化部，在北京市拥有学院路校区、沙河校区，2023年建成启用北航杭州国际校园。学院路校区、沙河校区、杭州国际校园总占地约4000亩。,02_简介,exact,1.0,text_major
1119,北京联合大学,—,—,—,—,location.address,北京联合大学: 北京市朝阳区北四环东路97号,"地址：北京市朝阳区北四环东路97号
邮编：100101",02_简介,exact,1.0,text_major
0007,北京邮电大学,—,—,—,—,location.address,海淀校区: 北京市海淀区西土城路10号 | 沙河校区: 北京市昌平区沙河高教园区高教园北三街 | 宏福校区: 北京市昌平区北七家镇郑各庄村 | 小西天校区: 北京市西城区新街口外大街28号,学校本科办学地点有西土城路校区、沙河校区和海南校区：西土城路校区位于北京市海淀区西土城路10号；沙河校区位于北京市昌平区沙河高教园区；海南校区位于海南省陵水黎族自治县黎安国际教育创新试验区。,02_简介,exact,1.0,text_major
0012,北京语言大学,—,—,—,—,location.address,北京语言大学: 北京市海淀区学院路15号,北京市海淀区学院路15号,02_简介,exact,1.0,text_major
1102,北方工业大学,—,—,—,—,location.address,北方工业大学: 北京市石景山区晋元庄路5号,北京市石景山区晋元庄路5号,02_简介,exact,1.0,text_major
0317,华北电力大学(北京),—,—,—,—,location.address,北京校部: 北京市昌平区北农路2号 | 保定校区: 河北省保定市永华北大街619号,北京市昌平区回龙观北农路2号华北电力大学本科招生办,02_简介,exact,1.0,text_major
0307,外交学院,—,—,—,—,location.address,展览馆校区: 北京市西城区展览馆路24号 | 沙河校区: 北京市昌平区沙河高教园区,北京市西城区展览馆路24号（邮编100037）,02_简介,exact,1.0,text_major
0309,国际关系学院,—,—,—,—,location.address,国际关系学院: 北京市海淀区坡上村12号,北京市海淀区坡上村12号,02_简介,exact,1.0,text_major
0015,对外经济贸易大学,—,—,—,—,location.address,对外经济贸易大学: 北京市朝阳区惠新东街10号,北京市朝阳区惠新东街10号,02_简介,exact,1.0,text_major
1106,首都医科大学,—,—,—,—,location.address,主校区: 北京市丰台区右安门外西头条10号 | 顺义校区: 北京市顺义区大东路4号 | 和平里校区: 北京市东城区和平里北街22号 | 东城校区: 北京市东城区东四十条27号 | 丰台校区: 北京市丰台区花乡张家口路口107号,"地址：北京市丰台区右安门外西头条10号


邮编：100069",02_简介,exact,1.0,text_major
1108,首都体育学院,—,—,—,—,location.address,首都体育学院: 北京市北三环西路11号,北京市海淀区北三环西路11号,02_简介,exact,1.0,text_major
1121,首都经济贸易大学,—,—,—,—,location.address,校本部: 北京市丰台区花乡张家路口121号 | 红庙校区: 北京市朝阳门外金台里2号,北京市丰台区花乡张家路口121号,02_简介,exact,1.0,text_major
1206,天津中医药大学,—,—,—,—,location.address,天津中医药大学: 天津市静海区团泊新城西区鄱阳湖路10号,学校地址：天津市静海区团泊新城西区鄱阳湖路10号 邮编：301617,02_简介,exact,1.0,text_major
1255,天津中德应用技术大学,—,—,—,—,location.address,天津中德应用技术大学: 天津市海河教育园区雅深路2号,地址：天津市海河教育园区雅深路2号 邮编：300350,02_简介,exact,1.0,text_major
1265,天津交通职业学院,—,—,—,—,location.address,天津交通职业学院: 天津市西青区西青道269号,天津西青区西青道269号,02_简介,exact,1.0,text_major
1205,天津农学院,—,—,—,—,location.address,东校区: 天津市西青区津静路22号 | 西校区: 天津市西青区津同公路19号 | 蓟州校区: 天津市蓟州区五百户镇青池1村,"学校地址：

天津市西青区津静路22号（东校区），邮政编码：300392",02_简介,exact,1.0,text_major
1212,天津体育学院,—,—,—,—,location.address,团泊校区: 天津市静海区团泊新城西区东海道16号 | 河西校区: 天津市河西区卫津南路51号,天津市静海区团泊新城西区东海道16号,02_简介,exact,1.0,text_major
1225,天津医学高等专科学校,—,—,—,—,location.address,天津医学高等专科学校: 天津市河西区柳林路14号,天津市河西区柳林路14号,02_简介,exact,1.0,text_major
1218,天津医科大学,—,—,—,—,location.address,气象台路校区: 天津市和平区气象台路22号 | 广东路校区: 天津市河西区广东路1号,天津市和平区气象台路22号,02_简介,exact,1.0,text_major
1210,天津商业大学,—,—,—,—,location.address,天津商业大学: 天津市北辰区光荣道409号,天津市北辰区光荣道409号,02_简介,exact,1.0,text_major
1272,天津城市建设管理职业技术学院,—,—,—,—,location.address,主校区: 天津市北辰区龙泉道2889号 | 华苑校区: 天津市西青区东清莹道2号,1.主校区 地址：天津市北辰区光荣道2688号 邮编：300134 招生咨询电话：022-58319057 2.华苑校区 地址：天津市西青区清莹道与天宇路交叉口东100米，东清莹道2号 邮编：300380,02_简介,exact,1.0,text_major
1264,天津国土资源和房屋职业学院,—,—,—,—,location.address,天津国土资源和房屋职业学院: 天津市滨海新区大港学苑路600号,天津滨海新区大港学苑路600号,02_简介,exact,1.0,text_major
1261,天津商务职业学院,—,—,—,—,location.address,海河教育园校区: 天津市海河教育园区雅观路23号 | 河东校区: 天津市河东区六纬路82号 | 河西校区: 天津市河西区白云山路,天津市津南区海河教育园区雅观路23号,02_简介,exact,1.0,text_major
1273,天津城市职业学院,—,—,—,—,location.address,主校区: 天津市河东区真理道27号 | 幸福道校区: 天津市河北区幸福道39号 | 泰兴路校区: 天津市河北区泰兴路4号 | 渤海校区: 天津市河北区乌江路 | 月牙河校区: 天津市河北区民权门乌江南里,天津市河东区真理道27号（中环线红星路与真理道交口） 招生咨询电话：022-26464200、26473168 招生咨询QQ：800145577 微信公众号：天津城市职业学院总院,02_简介,exact,1.0,text_major
1216,天津城建大学,—,—,—,—,location.address,天津城建大学: 天津市西青区津静路26号,天津市西青区津静路26号 邮编300384,02_简介,exact,1.0,text_major
0018,天津大学,—,—,—,—,location.address,卫津路校区: 天津市南开区卫津路92号 | 北洋园校区: 天津市津南区雅观路135号,北洋园校区：天津市津南区雅观路135号 天津大学行政服务中心A116室 邮编：300354 卫津路校区：天津市南开区卫津路92号 天津大学第九教学楼223室 邮编：300072,02_简介,exact,1.0,text_major
1202,天津工业大学,—,—,—,—,location.address,天津工业大学: 天津市西青区宾水西道399号,天津市西青区宾水西道399号,02_简介,exact,1.0,text_major
1262,天津工业职业学院,—,—,—,—,location.address,主校区: 天津市北辰区学海道38号 | 天铁校区: 河北省邯郸市涉县更乐镇,"学院地址：天津市北辰区学海道38号   

邮编：300400",02_简介,exact,1.0,text_major
1207,天津师范大学,—,—,—,—,location.address,主校区: 天津市西青区宾水西道393号 | 学前教育学院校区: 天津市南开区双峰道38号,地址:天津市西青区宾水西道393号 邮政编码：300387,02_简介,exact,1.0,text_major
1259,天津机电职业技术学院,—,—,—,—,location.address,天津机电职业技术学院: 天津市海河教育园区雅观路19号,天津市津南区海河教育园区雅观路19号,02_简介,exact,1.0,text_major
1269,天津海运职业学院,—,—,—,—,location.address,天津海运职业学院: 天津市海河教育园区雅深路8号,天津市津南区海河教育园区雅深路8号,02_简介,exact,1.0,text_major
1258,天津渤海职业技术学院,—,—,—,—,location.address,天津渤海职业技术学院: 天津市北辰区津榆公路508号,天津市北辰区津榆公路508号,02_简介,exact,1.0,text_major
1260,天津现代职业技术学院,—,—,—,—,location.address,天津现代职业技术学院: 天津市海河教育园区雅观路3号,天津市海河教育园雅观路3号,02_简介,exact,1.0,text_major
1204,天津理工大学,—,—,—,—,location.address,天津理工大学: 天津市西青区宾水西道391号,地址：天津市西青区宾水西道391号 邮编：300384,02_简介,exact,1.0,text_major
1253,天津滨海职业学院,—,—,—,—,location.address,天津滨海职业学院: 天津市滨海新区塘沽庐山道1101号,天津市滨海新区塘沽庐山道1101号,02_简介,exact,1.0,text_major
1257,天津电子信息职业技术学院,—,—,—,—,location.address,天津电子信息职业技术学院: 天津市海河教育园区雅深路4号,天津海河教育园区雅深路4号,02_简介,exact,1.0,text_major
1271,天津生物工程职业技术学院,—,—,—,—,location.address,东丽校区: 天津市开发区西区南大街175号 | 河北校区: 天津市河北区宙纬路15号,网址：http://www.tjbio.cn 电子邮箱E-mail: zsbyk@126.com 联系电话：022-26652463 26688925 60123810 传真：022-26652463 邮编：300462 通讯地址：天津经济技术开发区西区南大街175号,02_简介,exact,1.0,text_major
1201,天津科技大学,—,—,—,—,location.address,滨海校区: 天津市经济技术开发区第十三大街9号 | 河西校区: 天津市河西区大沽南路1038号,天津市河西区大沽南路1038号，天津科技大学招生工作办公室，邮编：300222,02_简介,exact,1.0,text_major
1214,天津美术学院,—,—,—,—,location.address,天纬路校区: 河北区天纬路4号 | 志成路校区: 河北区志成路7号,天津市河北区天纬路4号,02_简介,exact,1.0,text_major
1268,天津石油职业技术学院,—,—,—,—,location.address,主校区: 天津市团泊洼 | 分校区: 天津市滨海新区大港油田幸福路51号,天津团泊洼,02_简介,exact,1.0,text_major
1222,天津职业技术师范大学,—,—,—,—,location.address,天津职业技术师范大学: 天津市河西区大沽南路1310号,天津市河西区大沽南路1310号，邮政编码：300222,02_简介,exact,1.0,text_major
1249,天津艺术职业学院,—,—,—,—,location.address,河东校区: 天津市河东区娄山道27号 | 南开校区: 天津市南开区苍穹道08号,天津市河东区娄山道27号 天津市南开区苍穹道8号,02_简介,exact,1.0,text_major
1266,天津铁道职业技术学院,—,—,—,—,location.address,北宁校区: 天津市河北区建昌道21号 | 南校区: 天津市河北区金钟河大街232号 | 水西校区: 西青区凯苑路148号,学院网址：http://www.tjtdxy.cn 咨询电话：022-26748181 26186939 26744940(兼传真) 电子邮箱：tjtdxy@163.com 学院地址：天津市河北区建昌道21号（北宁校区） 天津市西青区东姜井凯苑路148号（水西校区） 邮政编码：300240,02_简介,exact,1.0,text_major
1256,天津轻工职业技术学院,—,—,—,—,location.address,天津轻工职业技术学院: 天津市海河教育园雅观路1号,"地址：天津海河教育园区雅观路1号
邮编：300350",02_简介,exact,1.0,text_major
1303,河北工业大学,—,—,—,—,location.address,北辰校区: 天津市北辰区西平道5340号 | 红桥校区: 天津市红桥区丁字沽一号路8号 | 廊坊校区: 河北省廊坊市广阳区新华路199号,天津市北辰区西平道5340号,02_简介,exact,1.0,text_major
0370,中国人民警察大学,—,—,—,—,location.address,廊坊校区: 河北省廊坊市安次区西昌路220号 | 广州校区: 广东省广州市天河区奥体南路399号,河北省廊坊市安次区西昌路220号,02_简介,exact,1.0,text_major
1331,保定学院,—,—,—,—,location.address,保定学院: 河北省保定市七一东路3027号,河北省保定市莲池区七一东路3027号,02_简介,exact,1.0,text_major
0395,中央司法警官学院,—,—,—,—,location.address,中央司法警官学院: 河北省保定市七一中路103号,河北省保定市七一中路103号,02_简介,exact,1.0,text_major
1849,保定幼儿师范高等专科学校,—,—,—,—,location.address,涿州校区: 河北省涿州市光明路303号 | 定兴校区: 河北省定兴县兴华东路45号,保定幼儿师范高等专科学校 地址：河北省涿州市桃园区光明路303号（涿州校区） 河北省定兴县兴华东路45号（定兴校区）,02_简介,exact,1.0,text_major
1315,北华航天工业学院,—,—,—,—,location.address,廊坊校区: 河北省廊坊市爱民东道133号 | 固安校区: 河北省廊坊市固安高新技术产业开发区航天大道7号,通信地址：河北省廊坊市爱民东道133号 邮政编码：065000,02_简介,exact,1.0,text_major
1305,华北理工大学,—,—,—,—,location.address,曹妃甸校区: 河北省唐山市曹妃甸新城渤海大道21号,河北省唐山市曹妃甸新城渤海大道21号，邮编063210.,02_简介,exact,1.0,text_major
0369,应急管理大学,—,—,—,—,location.address,华北科技学院: 河北省廊坊三河燕郊开发区学院大街467号,北京东燕郊高新区学院大街467号（206信箱）,02_简介,exact,1.0,text_major
1324,唐山师范学院,—,—,—,—,location.address,大学道校区: 河北省唐山市路北区建设北路156号 | 学院路校区: 河北省唐山市学院路41号 | 玉田分校: 河北省玉田县兴玉路350号,院本部大学道校区：河北省唐山市建设北路156号,02_简介,exact,1.0,text_major
1399,唐山幼儿师范高等专科学校,—,—,—,—,location.address,唐山幼儿师范高等专科学校: 河北省唐山市高新技术开发区京唐智慧港,河北省唐山市高新技术开发区京唐智慧港，邮政编码：063000,02_简介,exact,1.0,text_major
1858,唐山职业技术学院,—,—,—,—,location.address,南湖校区: 唐山市丰南区正泰街29号 | 新华道校区: 唐山市路北区新华西道120号 | 韩城校区: 唐山市路北区韩城,"现有南湖校区、新华道校区和韩城校区3个校区
河北省唐山市路北区新华西道120号(新华道校区）
河北省唐山市丰南区正泰街29号（南湖校区）
河北省唐山市路北区韩城（韩城校区）",02_简介,exact,1.0,text_major
1374,廊坊卫生职业学院,—,—,—,—,location.address,廊坊卫生职业学院: 河北省廊坊市经济开发区东方大学城四光路南,"学院地址：廊坊市经济开发区东方大学城四光路南
乘车路线：（1）廊坊市长途汽车站（火车站）下车转乘21路公交车终点即到
          （2）北京站东乘805路公交车廊坊东方大学城站下车即到",02_简介,exact,1.0,text_major
1846,宣化科技职业学院,—,—,—,—,location.address,西校区: 河北省张家口市宣化区皇城桥北77号,"河北省张家口市宣化区皇城桥北路77号（西校区）  
河北省张家口市宣化区师范街37号（东校区）",02_简介,exact,1.0,text_major
1860,廊坊职业技术学院,—,—,—,—,location.address,大学城校区: 河北省廊坊市东方大学城二期居易道 | 北校区: 河北省廊坊市新源道2号 | 西校区: 河北省廊坊市安次区爱民西道42号,河北省廊坊市东方大学城二期,02_简介,exact,1.0,text_major
1850,廊坊燕京职业技术学院,—,—,—,—,location.address,廊坊燕京职业技术学院: 河北三河经济开发区,河北省三河市河北三河经济开发区（原李旗庄工业新区） 邮编：065200,02_简介,exact,1.0,text_major
1349,张家口学院,—,—,—,—,location.address,平门校区: 河北省张家口市桥西区平门大街副19号 | 明湖校区: 河北省张家口市经开区洋河新区景观大道北侧,学校地址： 明湖校区：河北省张家口市经开区洋河新区景观大道北侧 平门校区：河北省张家口市桥西区平门大街副19号,02_简介,exact,1.0,text_major
1854,张家口职业技术学院,—,—,—,—,location.address,主校区: 河北省张家口市经开区胜利南路50号 | 新校区(数字服务产业基地职教园区): 河北省张家口市桥东区站前西大街27号,河北省张家口市高新技术开发区马路东59号,02_简介,exact,1.0,text_major
1313,承德医学院,—,—,—,—,location.address,承德医学院: 河北省承德市双桥区安远路,河北省承德市双桥区安远路（上二道河子）,02_简介,exact,1.0,text_major
1383,承德应用技术职业学院,—,—,—,—,location.address,南校区: 高新技术开发区 | 北校区: 承德市双桥区,承德市高新技术开发区,02_简介,exact,1.0,text_major
1353,承德护理职业学院,—,—,—,—,location.address,承德护理职业学院: 承德市双桥区下二道河子,河北省承德市双桥区下二道河子 承德护理职业学院 邮政编码 067000,02_简介,exact,1.0,text_major
1845,沧州师范学院,—,—,—,—,location.address,沧州师范学院: 河北省沧州市运河区青海南大道16号,河北省沧州市运河区青海南大道16号,02_简介,exact,1.0,text_major
1844,沧州医学高等专科学校,—,—,—,—,location.address,沧州医学高等专科学校: 沧州市运河区九河西路39号,学校地址：河北省沧州市运河区九河西路39号 邮编：061001 传真：0317-5679132 联系电话：0317-5507819；5508019 学校网址：http://www.czmc.cn E-mail：czyz1958@sina.com 招生网址：http://zhaosheng.czmc.cn/,02_简介,exact,1.0,text_major
1838,沧州幼儿师范高等专科学校,—,—,—,—,location.address,沧州校区: 河北省沧州市解放东路155号 | 泊头校区: 河北省泊头市解放西路150号,河北省泊头市解放西路光明街150号,02_简介,exact,1.0,text_major
1377,河北交通职业技术学院,—,—,—,—,location.address,主校区: 石家庄市高新区槐安东路339号 | 西校区: 河北省石家庄市友谊南大街258号 | 天津校区: 天津市河西区纪庄子南里2号,河北交通职业技术学院招生就业处 河北省石家庄市高新区槐安东路339号 邮编：050035,02_简介,exact,1.0,text_major
1341,河北中医药大学,—,—,—,—,location.address,杏苑校区: 河北省石家庄市鹿泉区杏苑路3号 | 橘泉校区: 河北省石家庄市桥西区新石南路326号 | 祁州校区: 河北省保定市安国市保衡南大街99号 | 东垣校区: 河北省石家庄市长安区中山东路389号,河北省石家庄市鹿泉区杏苑路3号,02_简介,exact,1.0,text_major
1330,河北农业大学,—,—,—,—,location.address,保定东校区(校本部): 河北省保定市灵雨寺街289号 | 保定西校区: 河北省保定市莲池区乐凯南大街2596号 | 秦皇岛校区: 河北省秦皇岛海港区河北大街东段52号,河北省保定市莲池区灵雨寺街289号河北农业大学,02_简介,exact,1.0,text_major
1378,河北化工医药职业技术学院,—,—,—,—,location.address,河北化工医药职业技术学院: 河北省石家庄市方兴路88号,河北省石家庄市裕华区方兴路88号,02_简介,exact,1.0,text_major
1325,河北北方学院,—,—,—,—,location.address,西校区: 张家口市高新区钻石南路11号 | 东校区: 张家口市高新区富强路 | 南校区: 张家口市宣化区沙岭子镇 | 北校区: 河北省张家口市桥西区长青路14号,河北省张家口市,02_简介,exact,1.0,text_major
1319,河北医科大学,—,—,—,—,location.address,中山校区: 河北省石家庄市中山东路361号 | 建华校区北院: 河北省石家庄市建华南大街309号 | 建华校区南院: 河北省石家庄市东岗路48号,（中山校区）河北省石家庄市中山东路361号 （建华校区）北院，河北省石家庄市建华南大街309号 南院，河北省石家庄市东岗路48号,02_简介,exact,1.0,text_major
1304,河北地质大学,—,—,—,—,location.address,校本部: 河北省石家庄市裕华区槐安东路136号 | 新校区: 河北省石家庄市河北大道601号,河北省石家庄市槐安东路136号,02_简介,exact,1.0,text_major
1841,河北司法警官职业学院,—,—,—,—,location.address,学院本部: 河北省邯郸市中华北大街515号 | 石家庄校区: 河北省石家庄市工农路587号,"学院地址：河北省邯郸市中华北大街515号
邮    编：056004
联系电话：（0310）3178382、3178362
传    真：（0310）3178382
石家庄校区地址：河北省石家庄市工农路587号
邮    编：050081
联系电话：（0311）83020652、83086952
传    真：（0311）83020652
学院网址：http://www.jjgxy.com.cn",02_简介,exact,1.0,text_major
1302,河北大学,—,—,—,—,location.address,五四路校区: 河北省保定市五四东路180号 | 七一路校区: 河北省保定市七一东路2666号 | 裕华路校区: 河北省保定市裕华东路342号,河北省保定市五四东路180号,02_简介,exact,1.0,text_major
1857,河北女子职业技术学院,—,—,—,—,location.address,主校区: 河北省石家庄市桥西区汇新路45号 | 花都校区: 河北省石家庄市桥西区红旗大街337号,河北省石家庄市桥西区南二环汇文街16号,02_简介,exact,1.0,text_major
1379,河北对外经贸职业学院,—,—,—,—,location.address,河北对外经贸职业学院: 河北省秦皇岛市北戴河新区戴河大街6号,河北省秦皇岛市北戴河新区戴河大街6号（066311）,02_简介,exact,1.0,text_major
1301,河北工程大学,—,—,—,—,location.address,河北工程大学: 河北省邯郸经济技术开发区太极路19号,河北省邯郸经济技术开发区太极路19号.,02_简介,exact,1.0,text_major
1308,河北师范大学,—,—,—,—,location.address,裕华校区: 河北省石家庄市南二环东路20号 | 红旗校区: 河北省石家庄市红旗大街469号,河北省石家庄市南二环东路20号,02_简介,exact,1.0,text_major
1363,河北建材职业技术学院,—,—,—,—,location.address,校本部: 河北省秦皇岛市海港区文育路8号 | 北校区: 河北省秦皇岛市海港区河北大街西段512号 | 东校区: 河北省秦皇岛市海港区秦山路72号,河北省秦皇岛市海港区文育路8号,02_简介,exact,1.0,text_major
1322,河北建筑工程学院,—,—,—,—,location.address,河北建筑工程学院: 河北省张家口市朝阳西大街13号,河北省张家口市朝阳西大街13号（邮编075000）,02_简介,exact,1.0,text_major
1355,河北旅游职业学院,—,—,—,—,location.address,河北旅游职业学院: 河北省承德市高校园区,河北省承德市高新技术产业开发区,02_简介,exact,1.0,text_major
1384,河北正定师范高等专科学校,—,—,—,—,location.address,主校区: 河北省石家庄市正定县正定镇华安西路29号 | 护理学院校区: 河北省石家庄市高新技术开发区太行大街202号,学校地址：河北省石家庄市正定县正定镇华安西路29号 邮编编码：050800,02_简介,exact,1.0,text_major
1351,河北机电职业技术学院,—,—,—,—,location.address,河北机电职业技术学院: 河北省邢台市泉北西大街1169号,河北省邢台市泉北西大街1169号    邮政编码：054000,02_简介,exact,1.0,text_major
1395,河北水利电力学院,—,—,—,—,location.address,河北水利电力学院: 河北省沧州市黄河西路49号,联系部门：河北水利电力学院招生办 地址：河北省沧州市黄河西路49号 邮编：061001 咨询电话：0317-7587123、7587125 传真：0317-7587123 咨询qq：1599167839 咨询qq群：259704665,02_简介,exact,1.0,text_major
1390,河北环境工程学院,—,—,—,—,location.address,河北环境工程学院: 河北省秦皇岛市北戴河区金港大道8号,地址：河北省秦皇岛市北戴河区金港大道8号 电话：03357815777 微信公众号：emcczsjyc,02_简介,exact,1.0,text_major
1306,河北科技大学,—,—,—,—,location.address,河北科技大学: 河北省石家庄市裕翔街26号,通讯地址：河北省石家庄市裕翔街26号,02_简介,exact,1.0,text_major
1311,河北科技师范学院,—,—,—,—,location.address,秦皇岛校区: 河北省秦皇岛市海港区河北大街西段360号 | 昌黎校区: 河北省昌黎县城关镇四街河东113号 | 开发区校区: 河北省秦皇岛经济技术开发区秦皇西大街106号,河北省秦皇岛市河北大街西段360号,02_简介,exact,1.0,text_major
1320,河北经贸大学,—,—,—,—,location.address,河北经贸大学: 河北省石家庄市学府路47号,河北省石家庄市学府路47号,02_简介,exact,1.0,text_major
1360,河北能源职业技术学院,—,—,—,—,location.address,河北能源职业技术学院: 河北省唐山市北新西道88号,河北省唐山市北新西道88号,02_简介,exact,1.0,text_major
1356,河北轨道运输职业技术学院,—,—,—,—,location.address,石家庄市经济技术开发区赣江路9号 | 石家庄市新华区宁安路43号,"学院地址：1、石家庄市经济技术开发区赣江路9号（开发区校区）
2、石家庄市宁安路189号（宁安路校区）
3、石家庄市经济技术开发区阿里山大街18号 （阿里山校区）",02_简介,exact,1.0,text_major
1847,河北软件职业技术学院,—,—,—,—,location.address,河北软件职业技术学院: 河北省保定市东风东路999号,河北省保定市东风东路999号,02_简介,exact,1.0,text_major
1314,河北金融学院,—,—,—,—,location.address,河北金融学院: 河北省保定市恒祥北大街3188号,河北省保定市恒祥北大街3188号,02_简介,exact,1.0,text_major
1310,燕山大学,—,—,—,—,location.address,燕山大学: 河北省秦皇岛市河北大街西段438号,河北省秦皇岛市河北大街438号,02_简介,exact,1.0,text_major
1362,石家庄信息工程职业学院,—,—,—,—,location.address,东校区: 石家庄市藁城区天祥大街81号 | 西校区: 石家庄市藁城区天祥大街82号,河北省石家庄市藁城区天祥大街81号,02_简介,exact,1.0,text_major
1839,石家庄幼儿师范高等专科学校,—,—,—,—,location.address,石家庄幼儿师范高等专科学校: 河北省石家庄市鹿泉区御园路88号,"河北省石家庄市鹿泉区御园路88号
邮编：050228",02_简介,exact,1.0,text_major
1359,石家庄铁路职业技术学院,—,—,—,—,location.address,长安校区: 河北省石家庄市四水厂路18号 | 松阳校区: 河北省石家庄市灵寿县西外环北路2号,河北省石家庄市学府路41号；河北省石家庄市四水厂路18号；河北省石家庄市鹿泉区龙康路8号；,02_简介,exact,1.0,text_major
1389,石家庄邮电职业技术学院,—,—,—,—,location.address,西校区: 河北省石家庄市裕华区体育南大街318号 | 东校区: 河北省石家庄市裕华区翟营大街51号,河北省石家庄市体育南大街318号,02_简介,exact,1.0,text_major
1372,秦皇岛职业技术学院,—,—,—,—,location.address,秦皇岛职业技术学院: 河北省秦皇岛市北戴河区联峰北路90号,河北省秦皇岛市北戴河区海滨联峰北路90号,02_简介,exact,1.0,text_major
1321,衡水学院,—,—,—,—,location.address,衡水学院: 河北省衡水市桃城区和平西路1088号,河北省衡水市和平西路1088号,02_简介,exact,1.0,text_major
1335,邢台医学院,—,—,—,—,location.address,钢铁路校区: 河北省邢台市信都区钢铁北路618号 | 皇寺校区: 河北省邢台市信都区邢昔路9号,河北省邢台市信都区钢铁北路618号,02_简介,exact,1.0,text_major
4899,邯郸幼儿师范高等专科学校,—,—,—,—,location.address,主校区: 河北省武安市恩元路66号 | 大名校区: 河北省大名县育才路43号,地址：河北省武安市恩元路高教园区 咨询电话：0310-5586666；5586669；5588891；5588892 邮编：056300,02_简介,exact,1.0,text_major
1354,邯郸职业技术学院,—,—,—,—,location.address,主校区: 河北省邯郸市邯山区渚河路768号 | 永年学院: 河北省邯郸市永年区露禅大街99号 | 河北省邯郸市渚河路141号,河北省邯郸市渚河路768号,02_简介,exact,1.0,text_major
1418,吕梁学院,—,—,—,—,location.address,校本部: 山西省吕梁市离石区学院路1号 | 汾阳校区: 山西省汾阳市文峰路8号 | 离石校区: 山西省吕梁市离石区文化路102号,山西省吕梁市离石区学院路1号,02_简介,exact,1.0,text_major
1403,中北大学,—,—,—,—,location.address,中北大学: 山西省太原市学院路3号,山西省太原市学院路3号(邮编030051),02_简介,exact,1.0,text_major
1469,临汾职业技术学院,—,—,—,—,location.address,埝下校区: 山西省临汾市尧都区城东埝下 | 建设北路校区: 山西省临汾市尧都区建设北路113号 | 鼓楼校区: 山西省临汾市尧都区鼓楼南大街18号,山西省临汾市尧都区城东埝下（埝下校区）； 临汾市尧都区建设北路113号（建设北路校区）,02_简介,exact,1.0,text_major
1485,大同师范高等专科学校,—,—,—,—,location.address,大同师范高等专科学校: 山西省大同市同泉路1081号,学校地址：山西省大同市云州区南环东路职教城,02_简介,exact,1.0,text_major
1471,太原城市职业技术学院,—,—,—,—,location.address,兴华街校区: 山西省太原市尖草坪区兴华街3号 | 建设路校区: 山西省太原市迎泽区建设南路15号 | 新兰路校区: 山西省太原市尖草坪区新兰路76号,山西省太原市兴华街3号,02_简介,exact,1.0,text_major
1427,太原学院,—,—,—,—,location.address,汾东校区: 山西省太原市唐槐产业园区汾东大街7号 | 府东校区: 山西省太原市杏花岭街2号 | 滨河校区: 山西省太原市南内环街南二巷6号 | 坝陵校区: 山西省太原市小店区教育园区,山西省太原市唐槐产业园区汾东大街7号 太原学院 0351-8378227,02_简介,exact,1.0,text_major
1433,太原工业学院,—,—,—,—,location.address,太原工业学院: 山西省太原市尖草坪区新兰路31号,校 址：山西省太原市尖草坪区新兰路31号 邮政编码：030008,02_简介,exact,1.0,text_major
1412,太原师范学院,—,—,—,—,location.address,南内环校区: 山西省太原市南内环街189号 | 魏榆校区: 山西省晋中市榆次区高校新区魏榆路1799号 | 黄陵校区: 山西省太原市黄陵路19号 | 侯家巷校区: 山西省太原市侯家巷9号,山西省晋中市榆次区大学街319号,02_简介,exact,1.0,text_major
1405,太原理工大学,—,—,—,—,location.address,明向校区: 山西省晋中市榆次区大学街209号 | 迎西校区: 山西省太原市迎泽西大街79号 | 虎峪校区: 山西省太原市新矿院路18号 | 柏林校区: 山西省太原市西矿街53号,山西省太原市迎泽西大街79号,02_简介,exact,1.0,text_major
1402,太原科技大学,—,—,—,—,location.address,主校区: 山西省太原市万柏林区窊流路66号 | 南校区: 山西省太原市晋源区旧晋祠路南2段264号,山西省太原市万柏林区窊流路66号,02_简介,exact,1.0,text_major
1421,山西中医药大学,—,—,—,—,location.address,太原校区: 山西省太原市晋祠路一段89号 | 晋中校区: 山西省高校园区大学街121号,晋中校区地址（校本部/录取现场）： 山西省高校园区大学街121号 邮编：030619 咨询电话：0351-3179767 学校网址：https://www.sxtcm.edu.cn,02_简介,exact,1.0,text_major
1443,山西传媒学院,—,—,—,—,location.address,文华校区: 山西省高校新区文华街125号 | 东华校区: 山西省太原市五龙口街118号,山西省晋中市榆次区文华街125号,02_简介,exact,1.0,text_major
1475,山西体育职业学院,—,—,—,—,location.address,山西体育职业学院: 山西省太原市晋阳街100号,山西省太原市小店区黄陵路19号,02_简介,exact,1.0,text_major
1406,山西农业大学,—,—,—,—,location.address,太谷校区: 山西省晋中市太谷区铭贤南路1号 | 太原龙城校区: 山西省太原市龙城大街81号,太原龙城校区 邮编：030031 地址：山西太原小店区龙城大街81号 太谷校区 邮编：030801 地址：山西省晋中市太谷区铭贤南路1号,02_简介,exact,1.0,text_major
1407,山西医科大学,—,—,—,—,location.address,川至校区: 山西省太原市杏花岭区五一路382号 | 迎泽校区: 山西省太原市迎泽区新建南路56号 | 中都校区: 山西省晋中市榆次区大学街98号,迎泽校区：山西省太原市迎泽区新建南路56号 中都校区：山西省晋中市榆次区文华街55号,02_简介,exact,1.0,text_major
1472,山西国际商务职业学院,—,—,—,—,location.address,校本部: 太原市小店区龙堡街14号 | 罗城校区: 太原市晋源区晋祠路三段389号,山西省太原市龙堡街14号,02_简介,exact,1.0,text_major
1413,山西大同大学,—,—,—,—,location.address,御东校区: 山西省大同市平城区兴云街 | 新平旺校区: 山西省大同市云冈区同泉路,山西省大同市兴云街,02_简介,exact,1.0,text_major
1401,山西大学,—,—,—,—,location.address,坞城校区: 山西省太原市小店区坞城路92号 | 东山校区: 山西省太原市小店区南中环东街63号 | 大东关校区: 山西省太原市杏花岭区红沟南街36号 | 大同校区(云冈): 山西省大同市云冈区恒安新区和顺街227号 | 大同校区(平城): 山西省大同市平城区同泉路1081号,山西省太原市坞城路92号,02_简介,exact,1.0,text_major
1498,山西工学院,—,—,—,—,location.address,山西工学院: 山西省朔州市开发区长宁街11号,山西省朔州市开发区长宁街11号,02_简介,exact,1.0,text_major
1495,山西工程技术学院,—,—,—,—,location.address,山西工程技术学院: 山西省阳泉市经济技术开发区学院路1号,山西省阳泉市高新区学院路1号山西工程技术学院,02_简介,exact,1.0,text_major
1411,山西师范大学,—,—,—,—,location.address,山西师范大学: 山西省太原市小店区太榆路339号,山西省太原市小店区太榆路339号,02_简介,exact,1.0,text_major
1484,山西电子科技学院,—,—,—,—,location.address,山西电子科技学院: 中国山西省临汾市尧都区滨河西路501号,山西省临汾市尧都区滨河西路501号山西电子科技学院,02_简介,exact,1.0,text_major
1466,山西机电职业技术学院,—,—,—,—,location.address,主校区: 山西省长治市潞州区保宁门东街130号 | 东湖校区: 山西省长治市滨河东路东1001号,山西省长治市城北东街130号,02_简介,exact,1.0,text_major
1909,山西科技学院,—,—,—,—,location.address,山西科技学院: 山西省晋城市泽州县陵沁线666号,山西省晋城市陵沁线666号,02_简介,exact,1.0,text_major
1461,山西管理职业学院,—,—,—,—,location.address,山西管理职业学院: 山西省临汾市尧都区滨河西路北段,山西省临汾市尧都区滨河西路北段,02_简介,exact,1.0,text_major
1459,山西职业技术学院,—,—,—,—,location.address,坞城校区: 山西省太原市坞城路115号 | 南中环校区: 山西省太原市坞城南路10号 | 长风校区: 山西省太原市龙堡街15号 | 榆次校区: 山西省晋中市榆次区工业园兴业街6号,山西省太原市坞城路 115号,02_简介,exact,1.0,text_major
1451,山西能源学院,—,—,—,—,location.address,校本部: 山西省晋中市榆次区大学街63号 | 许坦校区: 山西省太原市小店区许坦西街28号,山西省晋中市榆次区大学街63号,02_简介,exact,1.0,text_major
1417,山西财经大学,—,—,—,—,location.address,坞城校区: 山西省太原市小店区坞城路140号 | 迎泽校区: 山西省太原市迎泽区南内环街135号 | 平阳校区: 山西省太原市迎泽区平阳路西二巷25号,通讯地址：太原市坞城路140号 山西财经大学教务部招生考试办公室 邮政编码：030006 联系电话：0351-7666571,02_简介,exact,1.0,text_major
1917,山西金融职业学院,—,—,—,—,location.address,山西金融职业学院: 山西省太原市迎新街南巷10号,学院地址：山西省太原市迎新街南巷10号,02_简介,exact,1.0,text_major
1470,山西铁道职业技术学院,—,—,—,—,location.address,山西铁道职业技术学院: 太原市杏花岭区马道坡街57号,山西省太原市杏花岭区马道坡街57号 邮编：030013,02_简介,exact,1.0,text_major
1416,忻州师范学院,—,—,—,—,location.address,主校区: 山西省忻州市和平西街10号 | 东校区: 山西省忻州市学府街62号 | 南校区: 山西省忻州市五台山南路忻师南巷10号 | 新校区: 山西省忻州市忻府区顿奇东街1号,山西省忻州市顿奇东街1号,02_简介,exact,1.0,text_major
1449,忻州职业技术学院,—,—,—,—,location.address,忻州职业技术学院: 忻州市开发区学院路1号,山西省忻州市经济技术开发区学院街1号,02_简介,exact,1.0,text_major
1414,晋中学院,—,—,—,—,location.address,晋中学院: 山西省晋中市榆次区文华街199号,山西省晋中市榆次区文华街199号,02_简介,exact,1.0,text_major
1455,晋中职业技术学院,—,—,—,—,location.address,晋中职业技术学院: 晋中市榆次区龙湖东大街919号,山西省晋中市榆次区龙湖东大街919号,02_简介,exact,1.0,text_major
1415,运城学院,—,—,—,—,location.address,新校区: 山西省运城市复旦西街1155号 | 老校区: 山西省运城市盐湖区河东东街333号,山西省运城市盐湖区复旦西街1155号,02_简介,exact,1.0,text_major
1497,运城幼儿师范高等专科学校,—,—,—,—,location.address,运城幼儿师范高等专科学校: 山西省运城市空港南区裴相路855号,山西省运城市空港新区南二街,02_简介,exact,1.0,text_major
1477,运城护理职业学院,—,—,—,—,location.address,运城护理职业学院: 山西省运城市复旦西街2155号,山西省运城市盐湖区复旦西街2155号,02_简介,exact,1.0,text_major
1409,长治医学院,—,—,—,—,location.address,长治医学院: 山西省长治市解放东街161号,山西省长治市潞州区解放东街161号,02_简介,exact,1.0,text_major
1420,长治学院,—,—,—,—,location.address,北校区: 山西省长治市潞州区保宁门东街73号 | 南校区: 山西省长治市潞州区东环路中段96号,山西省长治市潞州区保宁门东街73号,02_简介,exact,1.0,text_major
1480,阳泉师范高等专科学校,—,—,—,—,location.address,阳泉师范高等专科学校: 山西省阳泉市平定县冠山镇上城街59号,山西省阳泉市平定县冠山镇上城街59号（阳泉师范高等专科学校）,02_简介,exact,1.0,text_major
1514,内蒙古医科大学,—,—,—,—,location.address,金山校区: 呼和浩特市金山经济技术开发区 | 新华校区: 呼和浩特市新华大街5号 | 锡林校区: 呼和浩特市锡林郭勒南路60号,内蒙古呼和浩特市敕勒川乳业开发区 邮编：010110,02_简介,exact,1.0,text_major
1501,内蒙古大学,—,—,—,—,location.address,赛罕校区: 呼和浩特市赛罕区大学西街235号 | 玉泉校区: 呼和浩特市玉泉区锡林郭勒南路49号,内蒙古呼和浩特市大学西路235号,02_简介,exact,1.0,text_major
1504,内蒙古工业大学,—,—,—,—,location.address,新城校区: 内蒙古呼和浩特市新城区爱民街49号 | 金川校区: 内蒙古呼和浩特市经济技术开发区金川工业园区 | 准格尔校区: 内蒙古鄂尔多斯市准格尔旗大路新区,内蒙古自治区呼和浩特市新城区爱民街49号,02_简介,exact,1.0,text_major
1509,内蒙古师范大学,—,—,—,—,location.address,赛罕校区: 内蒙古呼和浩特市赛罕区昭乌达路81号 | 盛乐校区: 内蒙古呼和浩特市和林格尔盛乐经济园区,内蒙古自治区呼和浩特市昭乌达路81号，邮编：010022内蒙古师范大学招生办公室,02_简介,exact,1.0,text_major
1552,内蒙古建筑职业技术大学,—,—,—,—,location.address,生态校区(校本部): 内蒙古呼和浩特市回民区内蒙古青少年生态园南侧 | 新华校区: 呼和浩特市回民区西村前街1号,内蒙古自治区呼和浩特市内蒙古青少年生态园南侧内蒙古建筑职业技术学院 邮政编码:010070,02_简介,exact,1.0,text_major
1515,内蒙古民族大学,—,—,—,—,location.address,霍林河校区: 内蒙古通辽市霍林河大街西536号 | 西拉木伦校区: 内蒙古通辽市科尔沁区西拉木伦大街西996号,内蒙古通辽市科尔沁区霍林河大街西536号,02_简介,exact,1.0,text_major
1503,内蒙古科技大学,—,—,—,—,location.address,内蒙古科技大学: 内蒙古包头市阿尔丁大街7号,"学校地址：内蒙古包头市昆都仑区阿尔丁大街7号
邮编： 014010",02_简介,exact,1.0,text_major
1520,内蒙古科技大学包头师范学院,—,—,—,—,location.address,青山校区: 内蒙古包头市青山区自由路24号 | 九原校区: 内蒙古包头市九原区希望大道10号,内蒙古包头市青山区自由路24号,02_简介,exact,1.0,text_major
1521,内蒙古科技大学包头医学院,—,—,—,—,location.address,校本部: 内蒙古包头市东河区建设路31号 | 青山校区: 包头市青山区林北路北,内蒙古包头市东河区建设路31号,02_简介,exact,1.0,text_major
1518,内蒙古财经大学,—,—,—,—,location.address,西校区: 内蒙古呼和浩特市北二环路185号 | 东校区: 内蒙古呼和浩特市海拉尔大街47号,内蒙古呼和浩特市北二环路185号（西），内蒙古呼和浩特海拉尔大街47号（东),02_简介,exact,1.0,text_major
1551,包头职业技术学院,—,—,—,—,location.address,建华路校区: 内蒙古包头市青山区建华路15号 | 呼得木林校区: 内蒙古包头市青山区呼得木林大街12号 | 北重分校区: 内蒙古包头市青山区青山路129号,学院地址：建华路校区（地址：包头市青山区建华路15号）；呼得木林校区（地址：包头市青山区呼得木林大街12号）,02_简介,exact,1.0,text_major
1516,呼伦贝尔学院,—,—,—,—,location.address,主校区: 内蒙古自治区呼伦贝尔市海拉尔区成吉思汗中路26号 | 西校区: 内蒙古自治区呼伦贝尔市海拉尔区西大街123号 | 牙克石校区: 内蒙古牙克石市兴安大街14号,内蒙古呼伦贝尔市海拉尔区成吉思汗中路26号,02_简介,exact,1.0,text_major
1555,包头铁道职业技术学院,—,—,—,—,location.address,包头铁道职业技术学院: 包头市九原区职教园区平安大道7号,内蒙古包头市九原区职教园区平安大道7号,02_简介,exact,1.0,text_major
1560,呼和浩特职业技术大学,—,—,—,—,location.address,呼和浩特职业学院: 呼和浩特市赛罕区巴彦镇高职园区,内蒙古自治区呼和浩特市赛罕区巴彦高职园区,02_简介,exact,1.0,text_major
1561,满洲里俄语职业学院,—,—,—,—,location.address,满洲里俄语职业学院: 内蒙古满洲里华埠大街1号,内蒙古自治区满洲里市华埠大街1号,02_简介,exact,1.0,text_major
1511,河套学院,—,—,—,—,location.address,河套学院: 内蒙古巴彦淖尔市临河区云中大街,内蒙古巴彦淖尔市临河区双河镇云中大街（015000）,02_简介,exact,1.0,text_major
1512,赤峰大学,—,—,—,—,location.address,赤峰学院: 内蒙古赤峰市红山区迎宾路1号,内蒙古自治区赤峰市红山区迎宾路1号,02_简介,exact,1.0,text_major
1558,赤峰工业职业技术学院,—,—,—,—,location.address,赤峰工业职业技术学院: 赤峰市松山区小河沿大街5号,学院地址:内蒙古赤峰市松山区小河沿街5号,02_简介,exact,1.0,text_major
1566,阿拉善职业技术学院,—,—,—,—,location.address,巴彦浩特校区: 巴彦浩特镇西花园北街10号 | 乌斯太校区: 内蒙古自治区阿拉善盟阿拉善左旗乌斯太镇土尔扈特街,内蒙古阿拉善盟阿左旗巴彦浩特镇西花园北街10号,02_简介,exact,1.0,text_major
1556,集宁师范学院,—,—,—,—,location.address,泉山校区: 内蒙古乌兰察布市工农大街59号 | 白海校区: 内蒙古自治区乌兰察布市集宁区白海子镇,内蒙古乌兰察布市集宁区工农北路59号,02_简介,exact,1.0,text_major
2126,东北财经大学,—,—,—,—,location.address,主校区: 辽宁省大连市沙河口区尖山街217号 | 分校区: 辽宁省大连市沙河口区杨树街35号,辽宁省大连市沙河口区尖山街217号,02_简介,exact,1.0,text_major
0020,东北大学,—,—,—,—,location.address,南湖校区: 辽宁省沈阳市和平区文化路三巷11号 | 浑南校区: 辽宁省沈阳市浑南区创新路195号 | 沈河校区: 辽宁省沈阳市沈河区文化东路89号 | 秦皇岛分校: 河北省秦皇岛经济技术开发区泰山路143号,辽宁省沈阳市和平区文化路3号巷11号,02_简介,exact,1.0,text_major
0327,中国刑事警察学院,—,—,—,—,location.address,塔湾校区: 辽宁省沈阳市皇姑区塔湾街83号 | 白山路校区: 辽宁省沈阳市于洪区白山路4号 | 蒲河校区: 辽宁省沈阳市于洪区沈北西路116号,辽宁省沈阳市皇姑区塔湾街83号,02_简介,exact,1.0,text_major
2117,中国医科大学,—,—,—,—,location.address,沈北校区: 辽宁省沈阳市沈北新区蒲河路77号 | 和平校区: 辽宁省沈阳市和平区北二马路92号,沈阳市沈北新区蒲河路77号,02_简介,exact,1.0,text_major
2109,大连交通大学,—,—,—,—,location.address,沙河口校区: 大连市沙河口区黄河路794号 | 旅顺口校区: 大连市旅顺经济技术开发区兴发路216号,辽宁省大连市沙河口区黄河路794号，邮政编码116028 。,02_简介,exact,1.0,text_major
2119,大连医科大学,—,—,—,—,location.address,大连医科大学: 辽宁省大连市旅顺南路西段9号,通信地址：辽宁省大连市旅顺南路西段9号 邮政编码：116044,02_简介,exact,1.0,text_major
2120,大连外国语大学,—,—,—,—,location.address,旅顺校区: 大连市旅顺南路西段6号 | 中山校区: 大连市中山区胜利东路26号,地址：大连市旅顺南路西段6号；邮编：116044。,02_简介,exact,1.0,text_major
2135,大连大学,—,—,—,—,location.address,大连大学: 辽宁省大连市经济技术开发区学府大街10号,辽宁大连经济技术开发区学府大街10号,02_简介,exact,1.0,text_major
2111,大连工业大学,—,—,—,—,location.address,大连工业大学: 大连市甘井子区轻工苑1号,辽宁省大连市甘井子区轻工苑1号,02_简介,exact,1.0,text_major
2116,大连海洋大学,—,—,—,—,location.address,黑石礁校区: 辽宁省大连市沙河口区黑石礁街52号 | 大黑石校区: 辽宁省大连市甘井子区营平路288号 | 瓦房店校区: 辽宁省大连市瓦房店市东长春路二段12号,学校地址： 辽宁省大连市沙河口区黑石礁街52号（黄海校区） 邮编：116023 辽宁省大连市甘井子区营平路288号（渤海校区） 邮编：116036 辽宁省大连市瓦房店市东长春路二段12号（瓦房店校区）　　 邮编：116300 联系电话：0411—84762652 84763008 84762612 传 真：0411—84763306 网 址： http://www.dlou.edu.cn,02_简介,exact,1.0,text_major
0325,大连海事大学,—,—,—,—,location.address,大连海事大学: 辽宁省大连市甘井子区凌海路1号,辽宁省大连市凌海路1号,02_简介,exact,1.0,text_major
0019,大连理工大学,—,—,—,—,location.address,主校区: 辽宁省大连市甘井子区凌工路2号 | 盘锦校区: 辽宁省盘锦市辽东湾新区大工路2号 | 开发区校区: 辽宁省大连市金普新区图强路321号,辽宁省大连市甘井子区凌工路2号,02_简介,exact,1.0,text_major
2155,大连职业技术学院,—,—,—,—,location.address,夏家河子校区: 辽宁省大连市甘井子区夏泊路100号 | 南关岭校区: 辽宁省大连市甘井子区南关东街6号 | 普湾校区: 辽宁省大连市金州区海皮公路 | 白云校区: 辽宁省大连市西岗区彩云路90号,辽宁省大连市甘井子区夏泊路100号,02_简介,exact,1.0,text_major
2132,抚顺师范高等专科学校,—,—,—,—,location.address,抚顺师范高等专科学校: 抚顺市经济开发区旺力街89号,辽宁省抚顺市顺城区高山路17号,02_简介,exact,1.0,text_major
2133,朝阳师范学院,—,—,—,—,location.address,朝阳师范高等专科学校: 辽宁省朝阳市双塔区龙山街四段966号,辽宁省朝阳市双塔区龙山街四段966号,02_简介,exact,1.0,text_major
2167,抚顺职业技术学院,—,—,—,—,location.address,抚顺职业技术学院: 抚顺市经济开发区旺力街89号,抚顺经济开发区旺力街89号 邮编：113122,02_简介,exact,1.0,text_major
2113,沈阳体育学院,—,—,—,—,location.address,沈阳体育学院: 沈阳市苏家屯区金钱松东路36号,沈阳市苏家屯区金钱松东路36号,02_简介,exact,1.0,text_major
2115,沈阳农业大学,—,—,—,—,location.address,沈阳农业大学: 辽宁省沈阳市沈河区东陵路120号,"通讯地址：辽宁省沈阳市沈河区东陵路120号
邮政编码：110866",02_简介,exact,1.0,text_major
2108,沈阳化工大学,—,—,—,—,location.address,沈阳化工大学: 沈阳市经济技术开发区11号街,沈阳经济技术开发区11号街,02_简介,exact,1.0,text_major
2134,沈阳医学院,—,—,—,—,location.address,沈阳医学院: 辽宁省沈阳市黄河北大街146#,地 址：沈阳市黄河北大街146号 邮 编：110034 联系电话：024-62215829 网 址：www.symc.edu.cn 电子邮箱：symczs@163.com 乘车路线：乘坐地铁2号线到医学院站下车；沈阳站乘255路、沈阳北站乘236路公交车到沈阳医学院站下车；沈阳市内还可乘坐138路、141路、157路、175路、190路、290路、301、326、382路公交车到沈阳医学院站下车。,02_简介,exact,1.0,text_major
2101,沈阳工业大学,—,—,—,—,location.address,中央校区: 沈阳市经济技术开发区沈辽西路111号 | 兴顺校区: 沈阳市铁西区兴顺街南十三路1号 | 辽阳分校: 辽宁省辽阳市宏伟区光华街30号 | 国家大学科技园: 沈阳经济技术开发区四号街20号,沈阳经济技术开发区沈辽西路111号,02_简介,exact,1.0,text_major
2110,沈阳大学,—,—,—,—,location.address,望花校区: 辽宁省沈阳市大东区望花南街21号 | 联合路校区: 辽宁省沈阳市大东区联合路54号,辽宁省沈阳市大东区望花南街21号,02_简介,exact,1.0,text_major
2145,沈阳工程学院,—,—,—,—,location.address,沈阳工程学院: 沈阳市沈北新区蒲昌路18号,辽宁省沈阳市沈北新区蒲昌路18号,02_简介,exact,1.0,text_major
2124,沈阳师范大学,—,—,—,—,location.address,沈阳师范大学: 沈阳市黄河北大街253号,学校地址：沈阳市黄河北大街253号。 邮政编码：110034,02_简介,exact,1.0,text_major
2112,沈阳建筑大学,—,—,—,—,location.address,沈阳建筑大学: 沈阳市浑南区浑南中路25号,沈阳市浑南新区浑南东中路25号,02_简介,exact,1.0,text_major
2152,沈阳职业技术学院,—,—,—,—,location.address,总院: 辽宁省沈阳市大东区劳动路32号 | 汽车分院: 辽宁省沈阳市沈河区文萃路124号,沈阳市大东区劳动路32号,02_简介,exact,1.0,text_major
2103,沈阳理工大学,—,—,—,—,location.address,沈阳理工大学: 辽宁省沈阳市浑南新区南屏中路6号,辽宁省沈阳市浑南区南屏中路6号 110159,02_简介,exact,1.0,text_major
2102,沈阳航空航天大学,—,—,—,—,location.address,沈阳航空航天大学: 沈阳市沈北新区道义南大街37号,中国辽宁省沈阳市沈北新区道义南大街37号,02_简介,exact,1.0,text_major
2121,沈阳药科大学,—,—,—,—,location.address,主校区: 辽宁省沈阳市沈河区文化路103号 | 南校区: 辽宁省本溪高新技术产业开发区华佗大街26号,校本部：辽宁省沈阳市沈河区文化路103号 邮编：110016 南校区：辽宁省本溪高新技术产业开发区华佗大街26号 邮编：117004,02_简介,exact,1.0,text_major
2168,渤海船舶职业学院,—,—,—,—,location.address,渤海船舶职业学院: 辽宁省葫芦岛市兴城市龙兴路29号,辽宁省葫芦岛市兴城市龙兴路29号,02_简介,exact,1.0,text_major
2176,盘锦职业技术学院,—,—,—,—,location.address,盘锦职业技术学院: 辽宁省盘锦市辽东湾新区正邦路999号,辽宁省盘锦市辽东湾新区正邦路999号,02_简介,exact,1.0,text_major
2143,营口理工学院,—,—,—,—,location.address,营口理工学院: 辽宁省营口市博文路46号,通讯地址：辽宁省营口市西市区博文路46号 邮政编码：115014,02_简介,exact,1.0,text_major
2122,辽宁中医药大学,—,—,—,—,location.address,沈阳校区: 沈阳市皇姑区崇山东路79号 | 大连校区: 大连市双D港生命1路77号 | 本溪校区: 本溪市溪湖区枫叶路212号,辽宁省沈阳市皇姑区崇山东路79号,02_简介,exact,1.0,text_major
2162,营口职业技术学院,—,—,—,—,location.address,营口职业技术学院: 辽宁省营口市西市区新海大街222号,辽宁省营口市西市区新海大街222号 邮编：115000,02_简介,exact,1.0,text_major
2146,辽宁农业职业技术学院,—,—,—,—,location.address,辽宁农业职业技术学院: 辽宁省营口市鲅鱼圈区,辽宁省营口市鲅鱼圈区熊岳镇育才里76—0号,02_简介,exact,1.0,text_major
2163,辽宁医药职业学院,—,—,—,—,location.address,沈阳校区: 沈阳市苏家屯区乔松路2号 | 本溪校区: 本溪市溪湖区枫叶路207号,沈阳市苏家屯区乔松路2号,02_简介,exact,1.0,text_major
2178,辽宁冶金职业技术学院,—,—,—,—,location.address,主校区: 辽宁省本溪市明山区平山路154号 | 分校区: 辽宁省本溪市平山区环山路60号,辽宁省本溪市明山区平山路154号,02_简介,exact,1.0,text_major
2173,辽宁地质工程职业学院,—,—,—,—,location.address,辽宁地质工程职业学院: 辽宁省丹东市振兴区接梨树大街1号,辽宁省丹东市振兴区接梨树大街1号,02_简介,exact,1.0,text_major
2139,辽宁工业大学,—,—,—,—,location.address,辽宁工业大学: 辽宁省锦州市古塔区士英街169号,"辽宁省锦州市古塔区士英街169号
邮编：121001",02_简介,exact,1.0,text_major
2106,辽宁工程技术大学,—,—,—,—,location.address,阜新校区中华路校园: 辽宁省阜新市中华路47号 | 葫芦岛校区龙湾校园: 辽宁省葫芦岛市龙湾南大街188号 | 阜新校区玉龙校园: 辽宁省阜新市玉龙路88号,辽宁省阜新市中华路47号（阜新校区中华路校园）、玉龙路88号（阜新校区玉龙校园），辽宁省葫芦岛市龙湾南大街（葫芦岛校区龙湾校园）,02_简介,exact,1.0,text_major
2123,辽宁师范大学,—,—,—,—,location.address,黄河路校区: 大连市沙河口区黄河路850号 | 西山湖校区: 大连市甘井子区柳树南街1号,辽宁省大连市黄河路850号,02_简介,exact,1.0,text_major
2166,辽宁工程职业学院,—,—,—,—,location.address,凡河新区主校区: 辽宁省铁岭市凡河新区鸭绿江路18号 | 银州校区: 辽宁省铁岭市银州区龙山乡地运所村,辽宁省铁岭市凡河新区鸭绿江路18号,02_简介,exact,1.0,text_major
2558,辽宁机电职业技术学院,—,—,—,—,location.address,仪表园校区/主校区: 辽宁省丹东市振兴区洋河大街30号 | 浪头校区/分校区: 辽宁省丹东市振兴区北环路,"辽宁省丹东市振兴区洋河大街30号（仪表园校区  邮编118002）
辽宁省丹东市振兴区北环路       （浪头校区  邮编118009）",02_简介,exact,1.0,text_major
2172,辽宁建筑职业学院,—,—,—,—,location.address,北校区: 辽宁省辽阳市白塔区青年大街24号 | 南校区: 辽宁省辽阳市白塔区八一街11号 | 西校区: 辽宁省辽阳市太子河区繁荣路114号,"辽宁省辽阳市青年大街24号（北校区）
辽宁省辽阳市八一街11号（南校区）",02_简介,exact,1.0,text_major
2153,辽宁特殊教育师范高等专科学校,—,—,—,—,location.address,辽宁特殊教育师范高等专科学校: 沈阳市东陵区柏叶306号,辽宁省沈阳市浑南区柏叶306号,02_简介,exact,1.0,text_major
2551,辽宁现代服务职业技术学院,—,—,—,—,location.address,辽宁现代服务职业技术学院: 辽宁省沈阳市沈北新区蒲河新城通顺街81号,沈阳市沈北新区蒲河新城通顺街81号,02_简介,exact,1.0,text_major
2137,辽宁省交通高等专科学校,—,—,—,—,location.address,辽宁省交通高等专科学校: 辽宁省沈阳市沈北新区建设南一路5号,"地址：沈阳市沈北新区沈北路102号  
邮编：110122",02_简介,exact,1.0,text_major
2198,辽宁生态工程职业学院,—,—,—,—,location.address,南校区: 沈阳市苏家屯区枫杨路186号 | 北校区: 沈阳市沈北新区虎石台街道建设南一路10号 | 鞍山校区: 辽宁省鞍山市职教城,"学院地址：沈阳市苏家屯区枫杨路186号（南校区）

          沈阳市沈北新区虎石台街道建设南一路10号（北校区）",02_简介,exact,1.0,text_major
2556,辽宁石化职业技术学院,—,—,—,—,location.address,古塔校区: 辽宁省锦州市北京路二段四号 | 滨海校区: 锦州市太和区柳江街2段2号,铁北北区：辽宁省锦州市古塔区北京路二段四号,02_简介,exact,1.0,text_major
2105,辽宁科技大学,—,—,—,—,location.address,辽宁科技大学: 辽宁省鞍山市立山区千山中路189号,辽宁省鞍山市立山区千山中路189号辽宁科技大学,02_简介,exact,1.0,text_major
2107,辽宁石油化工大学,—,—,—,—,location.address,辽宁石油化工大学: 辽宁省抚顺市望花区丹东路西段一号,辽宁省抚顺市望花区丹东路西段一号,02_简介,exact,1.0,text_major
2154,辽宁经济职业技术学院,—,—,—,—,location.address,辽宁经济职业技术学院: 辽宁省沈阳市沈北新区沈北路88号,辽宁省沈阳市沈北新区沈北路88号 邮编：110122 咨询电话：024-89872456 024-89710533,02_简介,exact,1.0,text_major
2136,辽宁科技学院,—,—,—,—,location.address,辽宁科技学院: 辽宁省本溪高新技术产业开发区香槐路176号,辽宁本溪高新技术产业开发区香槐路176号,02_简介,exact,1.0,text_major
2193,辽宁装备制造职业技术学院,—,—,—,—,location.address,蒲河校区: 辽宁省沈阳市沈北新区裕农路70号 | 北陵校区: 辽宁省沈阳市皇姑区黄河北大街50号 | 榆林校区: 辽宁省沈阳市大东区榆林大街53号,辽宁省沈阳市沈北新区蒲河新城裕农路70号明德楼302办公室,02_简介,exact,1.0,text_major
2170,辽宁职业学院,—,—,—,—,location.address,辽宁职业学院: 辽宁省铁岭市银州区岭东街一委,咨询电话：024-72860888、024-72860999 地址：辽宁省铁岭市银州区岭东街一委,02_简介,exact,1.0,text_major
2563,辽宁轨道交通职业学院,—,—,—,—,location.address,辽宁轨道交通职业学院: 辽宁省沈阳经济技术开发区十三号路17甲5号,地 址：辽宁省沈阳经济技术开发区十三号路17甲5号,02_简介,exact,1.0,text_major
2560,辽宁轻工职业学院,—,—,—,—,location.address,辽宁轻工职业学院: 中国·辽宁省大连市金普新区金港路288号,学院地址：大连市金普新区金港路288号 招生咨询电话：0411-66864897 0411-66864899 0411-66864822,02_简介,exact,1.0,text_major
2164,辽宁金融职业学院,—,—,—,—,location.address,辽宁金融职业学院: 沈阳市沈北新区虎石台南大街38号,沈阳市沈北新区虎石台南大街38号,02_简介,exact,1.0,text_major
2165,辽宁铁道职业技术学院,—,—,—,—,location.address,凌河校区: 辽宁省锦州市凌河区松坡里129号 | 双凌校区: 辽宁省锦州市凌海市双何公路双羊段101号,辽宁省锦州市凌河区松坡里129号,02_简介,exact,1.0,text_major
2130,铁岭师范高等专科学校,—,—,—,—,location.address,铁岭师范高等专科学校: 辽宁省铁岭市凡河新区黑龙江路45号,辽宁省铁岭市凡河新区黑龙江路45号,02_简介,exact,1.0,text_major
2169,铁岭卫生职业学院,—,—,—,—,location.address,铁岭卫生职业学院: 辽宁省铁岭市凡河新区钟山路21号,辽宁省铁岭市凡河新区钟山路21号,02_简介,exact,1.0,text_major
2118,锦州医科大学,—,—,—,—,location.address,校本部: 辽宁省锦州市凌河区松坡路三段40号 | 西校区: 辽宁省锦州市古塔区人民街五段48号,辽宁省锦州市凌河区松坡路三段40号,02_简介,exact,1.0,text_major
2158,辽阳职业技术学院,—,—,—,—,location.address,主校区: 辽宁省辽阳市太子河区铁西路150号 | 辽阳开放大学校区: 辽宁省辽阳市白塔区青年大街31号,辽宁省辽阳市铁西路150号,02_简介,exact,1.0,text_major
2186,阜新高等专科学校,—,—,—,—,location.address,阜新高等专科学校: 辽宁省阜新市海州区育红路36号,辽宁省阜新市海州区育红路36号,02_简介,exact,1.0,text_major
2179,锦州师范高等专科学校,—,—,—,—,location.address,锦州师范高等专科学校: 锦州市滨海新区金山大街18号,"办学地点及校址： 小学道德与法治教育、小学语文教育、小学英语教育、小学数学教育、小学科学教育、体育教育、音乐教育、学前教育、早期教育、美术教育、市场营销、大数据与会计、旅游管理、电子商务、中文、现代文秘、应用英语、旅游英语、物联网应用技术、虚拟现实技术应用、计算机应用技术、智能制造装备技术、电气自动化技术、环境工程技术、视觉传达设计、动漫设计专业在主校区办学,具体地址：锦州市凌河区松坡里189号。 小学教育（全科教育）、艺术教育、小学教育（综合文科教育）、小学教育（综合理科教育）专业在西校区办学，具体地址：锦州市凌河区文兴里52号",02_简介,exact,1.0,text_major
2127,鞍山师范学院,—,—,—,—,location.address,铁东校区: 辽宁省鞍山市铁东区平安街43号 | 职教城校区: 辽宁省鞍山市千山区千山西路690号,辽宁省鞍山市铁东区平安街43号,02_简介,exact,1.0,text_major
0022,东北师范大学,—,—,—,—,location.address,人民大街校区: 吉林省长春市南关区人民大街5268号 | 净月校区: 吉林省长春市南关区净月大街2555号,吉林省长春市南关区人民大街5268号 （邮编：130024）,02_简介,exact,1.0,text_major
2203,东北电力大学,—,—,—,—,location.address,东北电力大学: 吉林市船营区长春路169号,吉林市长春路169号,02_简介,exact,1.0,text_major
2235,北华大学,—,—,—,—,location.address,东校区: 吉林省吉林市滨江东路3999号 | 南校区: 吉林省吉林市吉林大街15号 | 北校区: 吉林省吉林市新山街1号,"通讯地址：吉林省吉林市丰满区滨江东路3999号
    邮政编码：132013",02_简介,exact,1.0,text_major
2226,吉林农业科技学院,—,—,—,—,location.address,九站校区: 吉林省吉林市吉林经济开发区九站街道农校社区翰林路77号 | 左家校区: 吉林省吉林市昌邑区左家镇左家社区学府路1号,吉林省吉林市吉林经济技术开发区翰林路77号。,02_简介,exact,1.0,text_major
2257,吉林司法警官职业学院,—,—,—,—,location.address,吉林司法警官职业学院: 吉林省长春市合隆经济开发区景苑路1号,长春市合隆经济开发区景苑路1号,02_简介,exact,1.0,text_major
2207,吉林化工大学,—,—,—,—,location.address,龙潭校区: 吉林省吉林市龙潭区承德街45号 | 双吉校区: 吉林省吉林市经开区双吉街民航路 | 丰满校区: 吉林省吉林市丰满区石井街道江炼社区联油路48号,吉林化工学院龙潭校区：吉林省吉林市龙潭区铁东街道化院社区承德街45号； 吉林化工学院双吉校区：吉林省吉林市吉林经济开发区双吉街道双飞社区民航路与前丰路交汇处西行200米； 吉林化工学院丰满校区：吉林省吉林市丰满区石井街道江炼社区联油路48号。,02_简介,exact,1.0,text_major
2241,吉林医药学院,—,—,—,—,location.address,吉林医药学院: 吉林省吉林市吉林大街5号,地址：吉林省吉林市吉林大街5号 邮编：132013 招生咨询电话：0432-64560120,02_简介,exact,1.0,text_major
0021,吉林大学,—,—,—,—,location.address,前卫南区: 吉林省长春市前进大街2699号 | 前卫北区: 长春市解放大路2519号 | 南岭校区: 长春市南关区人民大街5988号 | 新民校区: 长春市朝阳区新民大街828号 | 朝阳校区: 长春市朝阳区西民主大街938号 | 和平校区: 长春市绿园区西安大路5333号 | 南湖校区: 长春市朝阳区南湖大路5372号,长春市前进大街2699号 邮编：130012,02_简介,exact,1.0,text_major
2215,吉林工程技术师范学院,—,—,—,—,location.address,凯旋校区: 吉林省长春市宽城区凯旋街道一心街社区凯旋路3050号 | 长德校区: 吉林省长春市宽城区米沙子镇太平村委会长德大街与京哈高速引线交汇处西行300米 | 高新校区: 吉林省长春市高新开发区大学城学苑街219号 | 泰来校区: 吉林省长春市绿园区泰来街1485号,吉林省长春市宽城区凯旋路3050号,02_简介,exact,1.0,text_major
2220,吉林工商学院,—,—,—,—,location.address,吉林工商学院: 吉林省长春市九台区卡伦湖大街1666号,吉林省长春市九台经济开发区卡伦湖大街1666号,02_简介,exact,1.0,text_major
2256,吉林工业职业技术学院,—,—,—,—,location.address,恒山西路校区: 吉林省吉林市丰满区泰山街道实化社区恒山西路15号 | 吉桦东路校区: 吉林省吉林市永吉县永吉经济开发区洋草沟村吉桦东路168号 | 吉丰东路校区: 吉林省吉林市吉林高新技术产业开发区高新街道医科社区吉丰东路66号 | 宜山路校区: 吉林省吉林市丰满区江南街道玉华社区宜山路70号 | 深东路校区: 吉林省吉林市吉林高新技术产业开发区高新街道千翔社区深东路100号,吉林省吉林市丰满区恒山西路15号,02_简介,exact,1.0,text_major
2214,吉林师范大学,—,—,—,—,location.address,四平校区: 吉林省四平市铁西区海丰大街1301号 | 长春校区: 吉林省长春市高新区卓越大街399号,"◎ 四平校区：吉林省四平市铁西区海丰大街1301号


◎ 长春校区：吉林省长春市高新技术产业开发区卓越大街399号",02_简介,exact,1.0,text_major
2278,吉林水利电力职业学院,—,—,—,—,location.address,吉林水利电力职业学院: 吉林省长春市净月开发区聚业大街6566号,吉林省长春市净月区聚业大街6566号,02_简介,exact,1.0,text_major
2206,吉林建筑大学,—,—,—,—,location.address,吉林建筑大学: 吉林省长春市新城大街5088号,"地址：吉林省长春市新城大街5088号    
邮编：130118",02_简介,exact,1.0,text_major
2297,吉林电子信息职业技术学院,—,—,—,—,location.address,汉阳校区: 吉林省吉林市龙潭区汉阳街65号 | 新山校区: 吉林省吉林市龙潭区新山街100号,吉林省吉林市龙潭区汉阳街65号,02_简介,exact,1.0,text_major
2218,吉林财经大学,—,—,—,—,location.address,吉林财经大学: 吉林省长春市净月大街3699号,"吉林省长春市净月大街3699号
邮政编码：130117",02_简介,exact,1.0,text_major
2254,松原职业技术学院,—,—,—,—,location.address,松原职业技术学院: 吉林省松原市宁江区中山大街820号,吉林省松原市宁江区中山大街820号,02_简介,exact,1.0,text_major
2202,延边大学,—,—,—,—,location.address,延吉校区: 吉林省延吉市公园路977号 | 珲春校区: 吉林省珲春市站前大街5588号,延边大学延吉校区：吉林省延边朝鲜族自治州延吉市公园街道园校社区公园路977号。,02_简介,exact,1.0,text_major
2234,白城医学高等专科学校,—,—,—,—,location.address,白城医学高等专科学校: 吉林省白城市棉纺路27号,地址：吉林省白城市棉纺路27号 招生热线：400-167-7716,02_简介,exact,1.0,text_major
2217,白城师范学院,—,—,—,—,location.address,经开校区: 吉林省白城市吉林白城经济开发区保平街道阳光社区中兴西大路57号 | 新立校区(白城师范学院分院): 吉林省白城市吉林白城经济开发区幸福街道二三七社区白平公路50-34号,吉林省白城市中兴西大路57号,02_简介,exact,1.0,text_major
2287,白城职业技术学院,—,—,—,—,location.address,白城职业技术学院: 吉林省白城市白平公路50-34号,地 址：吉林省白城市吉林白城经济开发区幸福街道二三七社区白平公路50-34号,02_简介,exact,1.0,text_major
2294,辽源职业技术学院,—,—,—,—,location.address,辽源职业技术学院: 吉林省辽源市光明街777号 | 辽源现代职教园区辽源职业技术学院,"通讯地址：辽源市现代职教园区光明街777号，招生办（创业楼4楼）,邮政编码：136200",02_简介,exact,1.0,text_major
2213,通化师范学院,—,—,—,—,location.address,通化育才校区: 吉林省通化市东昌区老站街道新园社区育才路950号 | 海龙校区: 吉林省通化市梅河口市福民街道砂轮社区金苑路555号 | 白山校区: 吉林省白山市浑江区江北街道青山湖社区北安大街2998号 | 通化文明校区: 吉林省通化市东昌区光明街道朝阳社区文明路1078号,吉林省通化市东昌区育才路950号,02_简介,exact,1.0,text_major
2211,长春中医药大学,—,—,—,—,location.address,净月校区: 吉林省长春市长春净月高新技术产业开发区博硕街道博硕社区博硕路1035号 | 东民主校区: 吉林省长春市朝阳区永昌街道杏花村社区东民主大街482号 | 红旗校区: 吉林省长春市朝阳区红旗街道富锦社区工农大路1478号,"地址：吉林省长春市净月国家高新技术产业开发区博硕路1035号

邮编：130117",02_简介,exact,1.0,text_major
2233,长春医学高等专科学校,—,—,—,—,location.address,长春医学高等专科学校: 吉林省长春市吉林大路6177号,"学校地址：吉林省长春市吉林大路6177号 邮政编码：130031 联系电话：0431-84825118,84844694",02_简介,exact,1.0,text_major
2230,长春大学,—,—,—,—,location.address,东校区: 吉林省长春市朝阳区卫星路6543号 | 西校区: 吉林省长春市朝阳区卫星路8326号 | 新校区: 长春九台经济开发区,中国吉林省长春市卫星路6543号,02_简介,exact,1.0,text_major
2205,长春工业大学,—,—,—,—,location.address,南湖校区: 吉林省长春市延安大街2055号 | 北湖校区: 吉林省长春市高新技术产业开发区北区北远达大街3000号,吉林省长春市延安大街2055号,02_简介,exact,1.0,text_major
2237,长春工程学院,—,—,—,—,location.address,湖东校区: 长春市朝阳区同志街3066号 | 湖西校区: 长春市朝阳区宽平大路395号,吉林省长春市宽平大路395号,02_简介,exact,1.0,text_major
2201,长春理工大学,—,—,—,—,location.address,东校区: 吉林省长春市朝阳区卫星路7089号 | 南校区: 吉林省长春市朝阳区卫星路7186号 | 西校区: 吉林省长春市朝阳区卫星路7989号,中国吉林省长春市卫星路7089号(东)、7186号(南)、7989号(西),02_简介,exact,1.0,text_major
2227,长春金融高等专科学校,—,—,—,—,location.address,莲花山校区: 吉林省长春市二道区泉眼镇岗子村委会雾开河大街1666号 | 繁荣校区: 吉林省长春市南关区鸿城街道繁荣社区人民大街7696号,吉林省长春市二道区雾开河大街1666号,02_简介,exact,1.0,text_major
2255,长白山职业技术学院,—,—,—,—,location.address,长白山职业技术学院: 吉林省白山浑江区北安大街2998号,吉林省白山市浑江区北安大街2998号,02_简介,exact,1.0,text_major
2309,东北农业大学,—,—,—,—,location.address,东北农业大学: 哈尔滨市香坊区长江路600号,网址：https://www.neau.edu.cn 地址：黑龙江省哈尔滨市香坊区长江路600号 邮编：150030 电话：0451-55190419,02_简介,exact,1.0,text_major
0023,东北林业大学,—,—,—,—,location.address,东北林业大学: 黑龙江省哈尔滨市香坊区和兴路26号,学校地址：黑龙江省哈尔滨市香坊区和兴路26号 招生邮箱：zsb@nefu.edu.cn 咨询电话：0451-82190346 邮政编码：150040,02_简介,exact,1.0,text_major
2306,东北石油大学,—,—,—,—,location.address,大庆校区: 黑龙江省大庆市高新技术产业开发区学府街99号 | 秦皇岛校区: 河北省秦皇岛市河北大街西段550号,黑龙江省大庆市高新技术开发区发展路199号,02_简介,exact,1.0,text_major
2370,伊春职业学院,—,—,—,—,location.address,伊春职业学院: 黑龙江省伊春市伊美区新兴西大街65号,黑龙江省伊春市伊美区新兴西大街65号,02_简介,exact,1.0,text_major
2321,佳木斯大学,—,—,—,—,location.address,第一学区: 佳木斯市向阳区学府街258号 | 第二学区: 佳木斯市向阳区德祥街348号 | 第三学区: 佳木斯市前进区中山街479号 | 第四学区: 佳木斯市郊区长发镇,黑龙江省佳木斯市向阳区学府街258号佳木斯大学招生就业处普招科,02_简介,exact,1.0,text_major
2352,佳木斯职业学院,—,—,—,—,location.address,佳木斯职业学院: 黑龙江省佳木斯市前进区光复路1877号,黑龙江省佳木斯市光复路786号,02_简介,exact,1.0,text_major
2308,哈尔滨医科大学,—,—,—,—,location.address,校本部: 黑龙江省哈尔滨市南岗区保健路157号 | 大庆校区: 黑龙江省大庆市高新区新阳路39号,哈尔滨市南岗区保健路157号  哈尔滨医科大学招生就业处  邮编：150081,02_简介,exact,1.0,text_major
2317,哈尔滨商业大学,—,—,—,—,location.address,北校区: 黑龙江省哈尔滨市松北区学海街1号 | 南校区: 黑龙江省哈尔滨市道里区通达街138号,哈尔滨市松北区学海街1号,02_简介,exact,1.0,text_major
2330,哈尔滨学院,—,—,—,—,location.address,哈尔滨学院: 黑龙江省哈尔滨市南岗区中兴大道109号,黑龙江省哈尔滨市南岗区中兴大道109号,02_简介,exact,1.0,text_major
0330,哈尔滨工业大学,—,—,—,—,location.address,本部: 哈尔滨市南岗区西大直街92号 | 威海校区: 山东省威海市文化西路2号 | 深圳校区: 广东省深圳市南山区桃源街道深圳大学城哈尔滨工业大学深圳校区,哈尔滨工业大学 哈尔滨市南岗区西大直街92号 邮政编码：150001 招生办咨询电话：0451-86414771、86414671、53985216 网址：https://zsb.hit.edu.cn 哈尔滨工业大学（威海） 山东省威海市文化西路2号 邮政编码：264209 招生办咨询电话：0631-5689455 （高考咨询期间开通）招生咨询电话：0631-5687057、5687067、5687150、5687175、5687710、5687836、5687896、5687908 网址：http://zsb.hitwh.edu.cn 哈尔滨工业大学（深圳） 广东省深圳市南山区桃源街道深圳大学城哈尔滨工业大学深圳校区 邮政编码：518055 招生办咨询电话：0755-26035891 网址：http://zsb.hitsz.edu.cn,02_简介,exact,1.0,text_major
2311,哈尔滨师范大学,—,—,—,—,location.address,主校区: 哈尔滨市利民经济开发区师大路1号 | 江南校区(学校法定住所地): 哈尔滨市南岗区和兴路50号 | 江南二校区: 哈尔滨市香坊区农林头道街9号,"松北校区：哈尔滨市利民经济开发区师大路1号
江南校区:哈尔滨市南岗区和兴路50号",02_简介,exact,1.0,text_major
2393,哈尔滨幼儿师范高等专科学校,—,—,—,—,location.address,哈尔滨幼儿师范高等专科学校: 哈尔滨市香坊区香东街9号,黑龙江省哈尔滨市香坊区香东街9号 邮政编码：150038,02_简介,exact,1.0,text_major
2442,哈尔滨科学技术职业学院,—,—,—,—,location.address,哈尔滨科学技术职业学院: 哈尔滨市阿城区金溪路66号,"咨询电话：0451-53775370、53775316
网址：https://www.hrbkjzy.org.cn/
QQ：800007808
微信平台：edu14108
地址：黑龙江省哈尔滨市阿城区金溪路66号",02_简介,exact,1.0,text_major
2379,大兴安岭职业学院,—,—,—,—,location.address,校本部: 黑龙江省大兴安岭地区加格达奇区机场路18号 | 漠河校区(漠河文化旅游学院): 黑龙江省大兴安岭地区漠河市西林吉镇和平路1号,地址：黑龙江省大兴安岭地区加格达奇区机场路18号（主校区） 黑龙江省大兴安岭地区漠河市西林吉镇和平路1号（漠河校区）,02_简介,exact,1.0,text_major
2312,大庆师范学院,—,—,—,—,location.address,大庆师范学院: 黑龙江省大庆市让胡路区西宾西路 | 方晓校区: 黑龙江省大庆市让胡路区方晓街8号,黑龙江省大庆市让胡路区西宾西路,02_简介,exact,1.0,text_major
2332,大庆医学高等专科学校,—,—,—,—,location.address,大庆医学高等专科学校: 黑龙江省大庆市卡尔加里路11号,黑龙江省大庆市卡尔加里路11号,02_简介,exact,1.0,text_major
2373,大庆职业学院,—,—,—,—,location.address,大庆职业学院: 黑龙江省大庆市萨尔图区火炬北二路1号,地址：黑龙江省大庆市萨尔图区火炬东路118号 邮编：163255,02_简介,exact,1.0,text_major
2313,绥化学院,—,—,—,—,location.address,绥化学院: 黑龙江省绥化市黄河路18号,黑龙江省绥化市北林区黄河南路150号,02_简介,exact,1.0,text_major
2395,鹤岗师范高等专科学校,—,—,—,—,location.address,鹤岗师范高等专科学校: 黑龙江省鹤岗市东山区,地址：黑龙江省鹤岗市东山区毗邻宝泉岭中心医院。 邮编：154107 学校网址：https://www.hgtc.org.cn 招生咨询电话：(0468)8951520 8951519 13946741777 18345678377 15146889688,02_简介,exact,1.0,text_major
2340,牡丹江大学,—,—,—,—,location.address,主校区: 黑龙江省牡丹江市西地明街530号 | 穆棱校区: 黑龙江省牡丹江市穆棱经济开发区 | 海林校区: 黑龙江省牡丹江市海林市铁西路869号,黑龙江省牡丹江市爱民区西地明街530号,02_简介,exact,1.0,text_major
2339,黑河学院,—,—,—,—,location.address,黑河学院: 黑龙江省黑河市学院路1号,黑龙江省黑河市爱辉区学院路1号,02_简介,exact,1.0,text_major
2355,黑龙江交通职业技术学院,—,—,—,—,location.address,齐齐哈尔南校区: 黑龙江省哈尔滨市呼兰区利民开发区学院路88号 | 齐齐哈尔西校区: 黑龙江省齐齐哈尔市铁锋区工校街2号 | 哈尔滨校区: 黑龙江省齐齐哈尔市铁锋区纺化路1号,黑龙江省哈尔滨新区（江北大学城）学院路88号（哈尔滨校区）； 黑龙江省齐齐哈尔市铁峰区纺化路1号（齐齐哈尔南校区）； 黑龙江省齐齐哈尔市铁锋区工校街2号（齐齐哈尔西校区）。,02_简介,exact,1.0,text_major
2325,黑龙江八一农垦大学,—,—,—,—,location.address,黑龙江八一农垦大学: 黑龙江省大庆市高新区新风路5号,"学校地址：黑龙江省大庆市高新技术产业开发区新风路5号
 邮政编码：163319",02_简介,exact,1.0,text_major
2444,黑龙江中医药大学,—,—,—,—,location.address,黑龙江中医药大学: 黑龙江省哈尔滨市香坊区和平路24号,中国黑龙江省哈尔滨市香坊区和平路24号,02_简介,exact,1.0,text_major
2357,黑龙江农业工程职业技术大学,—,—,—,—,location.address,南岗校区: 哈尔滨市南岗区哈双路348号 | 松北校区: 哈尔滨市松北区学院路群英街2号,松北校区：哈尔滨市新区江北学院路群英街2号。 南岗校区：哈尔滨市南岗区哈双路348号 招生咨询电话：0451—56860111 、56860222、56860555,02_简介,exact,1.0,text_major
2356,黑龙江司法警官职业学院,—,—,—,—,location.address,主校区: 黑龙江省哈尔滨市香坊区司法路6号 | 副校区: 黑龙江省哈尔滨市香坊区红旗大街255号,地址：黑龙江省哈尔滨市香坊区司法路6号（原学府路503号） 邮编：150046,02_简介,exact,1.0,text_major
2369,黑龙江旅游职业技术学院,—,—,—,—,location.address,主校区: 哈尔滨市南岗区学府路315号 | 太阳岛校区: 哈尔滨市松北区游览街37号 | 学府路二校区: 黑龙江省哈尔滨市南岗区电缆街171号 | 佳木斯校区: 黑龙江省佳木斯市向阳区大学路221号,"学院地址：哈尔滨市南岗区学府路315号
邮    编：10086",02_简介,exact,1.0,text_major
2305,黑龙江科技大学,—,—,—,—,location.address,松北主校区: 哈尔滨市松北区浦源路2468号 | 嵩山校区: 黑龙江省哈尔滨市南岗区嵩山路111号 | 鸡西校区: 黑龙江省鸡西市南星街32号,黑龙江省哈尔滨市松北区浦源路2468号,02_简介,exact,1.0,text_major
2441,黑龙江生态工程职业学院,—,—,—,—,location.address,主校区: 哈尔滨市呼兰区利民开发区学院路1038号 | 带岭分院: 黑龙江省伊春市大箐山县迎宾路77号,哈尔滨市利民开发区学院路77号,02_简介,exact,1.0,text_major
2368,黑龙江职业学院,—,—,—,—,location.address,第一校区: 黑龙江省哈尔滨市南岗区学府路5号 | 第二校区: 黑龙江省哈尔滨市双城区迎宾路,黑龙江省哈尔滨市南岗区学府路5号 邮编：150080,02_简介,exact,1.0,text_major
2374,黑龙江艺术职业学院,—,—,—,—,location.address,主校区: 黑龙江省哈尔滨市香坊区公滨路108号 | 分校区: 黑龙江省哈尔滨市南岗区中兴街21号,黑龙江省哈尔滨市南岗区和兴路149号,02_简介,exact,1.0,text_major
2323,齐齐哈尔医学院,—,—,—,—,location.address,齐齐哈尔医学院: 齐齐哈尔市建华区卜奎北大街333号,黑龙江省齐齐哈尔市建华区卜奎北大街333号,02_简介,exact,1.0,text_major
2307,齐齐哈尔大学,—,—,—,—,location.address,齐齐哈尔大学: 黑龙江省齐齐哈尔市文化大街42号,学校地址：黑龙江省齐齐哈尔市建华区文化大街42号，联系部门：齐齐哈尔大学招生就业处，邮政编码：161006，联系电话：（0452）2738190，学校网址：https://www.qqhru.edu.cn，招生网址：https://zs.qqhru.edu.cn，电子信箱：qdzs@qqhru.edu.cn，微信公众号：“齐大本科招生”,02_简介,exact,1.0,text_major
2328,齐齐哈尔高等师范专科学校,—,—,—,—,location.address,齐齐哈尔高等师范专科学校: 黑龙江省齐齐哈尔市民航路566号,"学校地址：黑龙江省齐齐哈尔市民航路566号  邮    编：161005
   通讯地址：齐齐哈尔高等师范专科学校招生办",02_简介,exact,1.0,text_major
3112,上海中医药大学,—,—,—,—,location.address,上海中医药大学: 上海市蔡伦路1200号,上海浦东新区蔡伦路1200号,02_简介,exact,1.0,text_major
0026,上海交通大学,—,—,—,—,location.address,闵行校区: 上海市闵行区东川路800号 | 徐汇校区: 上海市徐汇区华山路1954号 | 黄浦校区: 上海市重庆南路227号 | 长宁校区: 上海市法华镇路535号 | 七宝校区: 上海市七莘路2678号 | 崇明校区: 上海市崇明区陈家镇教育园区地块 | 浦东校区: 上海市浦东新区张江科学城国际医学园区,上海市闵行区东川路800号,02_简介,exact,1.0,text_major
3153,上海交通职业技术学院,—,—,—,—,location.address,凯旋校区: 上海市徐汇区凯旋路2050号 | 宝山校区: 上海市宝山区呼兰路883号 | 浦东校区: 上海市浦东新区下盐路2888号 | 嘉定校区: 上海市嘉定区华亭镇双塘村双浏路128号 | 轨道交通学院: 上海市闵行区紫琅路118号（原漕宝路1685弄188号）,徐汇校区：上海市徐汇区凯旋路2050号 浦东校区：上海市浦东新区下盐路2888号 宝山校区：上海市宝山区呼兰路883号 闵行校区：上海市闵行区紫琅路118号 嘉定校区：上海市嘉定区华亭镇双塘村双浏路128号,02_简介,exact,1.0,text_major
3115,上海体育大学,—,—,—,—,location.address,杨浦校区: 上海市杨浦区清源环路650号 | 徐汇校区: 上海市徐汇区百色路1333号,上海市杨浦区清源环路650号,02_简介,exact,1.0,text_major
3109,上海健康医学院,—,—,—,—,location.address,北苑校区: 上海市浦东新区周祝公路279号 | 南苑校区: 上海市浦东新区周祝公路天雄路311号 | 新南苑校区: 浦东新区琥珀路500号 | 东苑校区: 上海国际医学园区25-01地块,上海市浦东新区周祝公路279号,02_简介,exact,1.0,text_major
3184,上海农林职业技术学院,—,—,—,—,location.address,上海农林职业技术学院: 上海市松江区中山二路658号,上海市松江区中山二路658号,02_简介,exact,1.0,text_major
3135,上海出版印刷高等专科学校,—,—,—,—,location.address,水丰路校区: 上海市杨浦区水丰路100号 | 营口路校区: 上海市杨浦区营口路101号 | 国顺东路校区: 上海杨浦区国顺东路24号 | 奉贤校区: 上海市奉贤区浦星公路5100号,校本部地址：杨浦区水丰路100号 营口路校区地址：杨浦区营口路101号 国顺东路校区地址：杨浦区国顺东路25号 邮政编码：200093 招办咨询电话：021-65674045 招生信息网网址：https://www.sppc.edu.cn/zs,02_简介,exact,1.0,text_major
3151,上海城建职业学院,—,—,—,—,location.address,奉贤校区: 上海市奉贤区南亭公路2080号 | 杨浦校区: 上海市杨浦区军工路2360号 | 宝山校区: 上海市宝山区漠河路1168号,上海市杨浦区军工路2360号（杨浦校区） 上海市奉贤区南亭公路2080号（奉贤校区）,02_简介,exact,1.0,text_major
0030,上海外国语大学,—,—,—,—,location.address,虹口校区: 上海市大连西路550号 | 松江校区: 上海市文翔路1550号,上海市松江区文翔路1550号,02_简介,exact,1.0,text_major
3174,上海工艺美术职业学院,—,—,—,—,location.address,上海工艺美术职业学院: 上海市嘉定区嘉行公路851号,"学院总部地址：嘉行公路851号 
招办地址：上海市漕溪北路502号",02_简介,exact,1.0,text_major
3122,上海戏剧学院,—,—,—,—,location.address,华山路校区: 上海市华山路630号 | 莲花路校区: 上海市莲花路211号 | 虹桥路校区: 上海市虹桥路1674号 | 昌林路校区: 上海市昌林路800号,上海市华山路630号,02_简介,exact,1.0,text_major
3123,上海政法学院,—,—,—,—,location.address,青浦校区: 上海市外青松公路7989号 | 普陀校区: 上海市三源路175号,上海市青浦区外青松公路7989号,02_简介,exact,1.0,text_major
3119,上海旅游高等专科学校,—,—,—,—,location.address,上海旅游高等专科学校: 上海市奉贤区海思路500号,地址：上海市奉贤区海思路500号，邮编：201418,02_简介,exact,1.0,text_major
0451,上海民航职业技术学院,—,—,—,—,location.address,徐汇校区: 上海市徐汇区龙华西路1号 | 浦东校区: 上海市浦东新区学海路100号,"上海市徐汇区龙华西路1号      邮政编码：200232
上海市浦东新区学海路100号    邮政编码：201300",02_简介,exact,1.0,text_major
3103,上海海事大学,—,—,—,—,location.address,临港校区: 上海市浦东新区海港大道1550号 | 港湾校区: 上海市浦东新区浦东大道2600号 | 民生路高恒大厦: 上海市浦东新区浦东大道1608号,上海市海港大道1550号,02_简介,exact,1.0,text_major
0335,上海海关学院,—,—,—,—,location.address,上海本部: 上海市浦东新区华夏西路5677号 | 苏州分校: 江苏省苏州市吴中区国家旅游度假区舟山路58号 | 滴水湖国际校区: 上海市浦东新区临港大道11号,上海市浦东新区华夏西路5677号,02_简介,exact,1.0,text_major
3111,上海海洋大学,—,—,—,—,location.address,临港新城校区: 上海市浦东新区沪城环路999号 | 军工路校区: 上海市杨浦区军工路318号,上海市浦东新区沪城环路999号      邮编：201306,02_简介,exact,1.0,text_major
3101,上海理工大学,—,—,—,—,location.address,军工路校区(主校区): 上海市军工路516号 | 复兴路校区: 上海市徐汇区复兴中路1195号 | 军工路校区: 军工路334号 | 军工路校区: 军工路1100号,地址：上海市军工路516号 邮编：200093,02_简介,exact,1.0,text_major
3105,上海电力大学,—,—,—,—,location.address,杨浦校区: 上海市杨浦区长阳路2588号 | 临港校区: 上海市浦东新区沪城环路1851号,临港校区：上海市浦东新区沪城环路1851号　邮政编码：201306 杨浦校区：上海市杨浦区长阳路2588号　　　邮政编码：200090,02_简介,exact,1.0,text_major
3161,上海电子信息职业技术学院,—,—,—,—,location.address,奉贤校区: 上海市奉贤区奉城镇瓦洪公路3098号 | 金山校区: 上海市金山区学府路1300号 | 闵行校区: 上海市闵行区剑川路910号 | 普陀校区: 上海市普陀区新村路435~439号,上海市奉贤区瓦洪公路3098号,02_简介,exact,1.0,text_major
3124,上海电机学院,—,—,—,—,location.address,临港校区: 上海市浦东新区水华路300号 | 闵行校区: 上海市闵行区江川路690号,"地址：上海市浦东新区临港新城水华路300号
邮编：201306",02_简介,exact,1.0,text_major
3177,上海科学技术职业学院,—,—,—,—,location.address,嘉定校区: 上海市嘉定区金沙路280号 | 闵行校区: 上海市闵行区罗锦路42号,上海市嘉定区金沙路280号,02_简介,exact,1.0,text_major
3102,上海科技大学,—,—,—,—,location.address,浦东校区: 上海市浦东新区华夏中路393号 | 岳阳路校区: 上海市徐汇区岳阳路319号8号楼,上海市浦东新区华夏中路393号 201210,02_简介,exact,1.0,text_major
3126,上海立信会计金融学院,—,—,—,—,location.address,文翔路校区: 上海市松江区文翔路2800号 | 上川路校区: 上海市浦东新区上川路995号 | 中山西路校区: 上海市徐汇区中山西路2230号 | 顾唐路校区(在建): 上海市浦东新区曹路镇顾唐路500号,"上川路校区：浦东新区上川路995号
文翔路校区：上海市松江区文翔路2800号 
中山西路校区：上海市徐汇区中山西路2230号",02_简介,exact,1.0,text_major
3155,上海第二工业大学,—,—,—,—,location.address,金海路主校区: 上海市浦东新区金海路2360号 | 静安校区: 上海市静安区陕西北路80号 | 宝山校区: 上海市宝山区同济支路199号,上海第二工业大学（上海浦东新区金海路2360号    邮编：201209）,02_简介,exact,1.0,text_major
3148,上海纽约大学,—,—,—,—,location.address,上海纽约大学: 上海市浦东新区世纪大道1555号,"上海市浦东新区世纪大道1555号
邮编：200122",02_简介,exact,1.0,text_major
3164,上海行健职业学院,—,—,—,—,location.address,上海行健职业学院: 上海市静安区原平路55号,上海市静安区原平路55号,02_简介,exact,1.0,text_major
0031,上海财经大学,—,—,—,—,location.address,主校区: 上海市国定路777号 | 中山北一路校区: 上海市虹口区中山北一路369号 | 昆山路校区: 上海市虹口区昆山路146号,上海市国定路777号  邮编：200433,02_简介,exact,1.0,text_major
0029,华东师范大学,—,—,—,—,location.address,闵行校区: 上海市东川路500号 | 普陀校区: 上海市中山北路3663号,中山北路校区：上海市中山北路3663号（200062） 闵行校区：上海市东川路500号（200241）,02_简介,exact,1.0,text_major
3118,华东政法大学,—,—,—,—,location.address,长宁校区: 上海市长宁区万航渡路1575号 | 松江校区: 上海市松江区松江大学园区龙源路555号,松江大学园区龙源路555号明志楼A210,02_简介,exact,1.0,text_major
0027,华东理工大学,—,—,—,—,location.address,徐汇校区: 上海市梅陇路130号 | 奉贤校区: 上海市奉贤区海思路999号 | 金山科技园区: 上海市金山区学府路1000号,学校地址： 上海市徐汇区梅陇路130号（邮编：200237，徐汇校区） 上海市奉贤区海思路999号（邮编：201424，奉贤校区）,02_简介,exact,1.0,text_major
0024,复旦大学,—,—,—,—,location.address,邯郸校区: 上海市杨浦区邯郸路220号 | 枫林校区: 上海市徐汇区东安路130号 | 江湾校区: 上海市杨浦区淞沪路2005号 | 张江校区: 上海市浦东新区张衡路826号,上海市杨浦区邯郸路220号,02_简介,exact,1.0,text_major
0025,同济大学,—,—,—,—,location.address,四平路校区(主校区): 上海市四平路1239号 | 嘉定校区: 上海市曹安公路4800号 | 沪西校区: 上海市普陀区真南路500号 | 沪北校区: 上海市静安区中山北路727号,上海市四平路1239号,02_简介,exact,1.0,text_major
9217,海军军医大学,—,—,—,—,location.address,中国人民解放军海军军医大学: 上海市杨浦区翔殷路800号,上海市杨浦区翔殷路800号,02_简介,exact,1.0,text_major
0034,中国矿业大学,—,—,—,—,location.address,南湖校区: 江苏省徐州市大学路1号 | 文昌校区: 江苏省徐州市泉山区金山东路1号,地址：江苏省徐州市大学路1号 邮编：221116,02_简介,exact,1.0,text_major
0233,东南大学,—,—,—,—,location.address,四牌楼校区: 南京市玄武区四牌楼2号 | 九龙湖校区: 南京市江宁区东南大学路2号 | 丁家桥校区: 南京市鼓楼区湖南路丁家桥87号 | 无锡校区: 无锡市滨湖区状元路6号 | 苏州校区: 苏州市独墅湖科教创新区林泉街399号 | 江北校区: 江苏省南京市南京江北新区东大路2号,江苏省南京市四牌楼二号,02_简介,exact,1.0,text_major
0038,中国药科大学,—,—,—,—,location.address,玄武门校区: 南京市鼓楼区童家巷24号 | 江宁校区: 南京市江宁区龙眠大道639号,"江苏省南京市鼓楼区中央路童家巷24号（玄武门校区）
江苏省南京市江宁区龙眠大道639号（江宁校区）",02_简介,exact,1.0,text_major
3268,南京交通职业技术学院,—,—,—,—,location.address,南京交通职业技术学院: 南京市江宁科学园龙眠大道629号,南京江宁科学园龙眠大道629号,02_简介,exact,1.0,text_major
3921,南京中医药大学,—,—,—,—,location.address,仙林校区: 江苏省南京市栖霞区仙林大道138号 | 汉中门校区: 江苏省南京市汉中路282号 | 泰州校区: 江苏省泰州市医药高新技术产业开发区匡时路6号,南京中医药大学招生工作办公室通讯地址：南京市栖霞区仙林大道138号,02_简介,exact,1.0,text_major
3219,南京体育学院,—,—,—,—,location.address,灵谷寺校区: 南京市玄武区灵谷寺路8号 | 仙林校区: 南京市栖霞区仙林大道169号,江苏省南京市灵谷寺路8号,02_简介,exact,1.0,text_major
3213,南京信息工程大学,—,—,—,—,location.address,南京信息工程大学: 江苏省南京市宁六路219号,江苏省南京市宁六路219号,02_简介,exact,1.0,text_major
3202,南京医科大学,—,—,—,—,location.address,江宁校区: 南京市江宁区龙眠大道101号 | 五台校区: 江苏省南京市汉中路140号 | 康达学院连云港校区: 连云港市海州区花果山大道春晖路88号,南京市江宁区龙眠大道101号,02_简介,exact,1.0,text_major
3251,南京信息职业技术学院,—,—,—,—,location.address,南京信息职业技术学院: 南京市仙林大学城文澜路99号,南京市仙林大学城文澜路99号,02_简介,exact,1.0,text_major
3239,南京审计大学,—,—,—,—,location.address,浦口校区: 江苏省南京市浦口区江浦街道雨山西路86号 | 莫愁校区: 江苏省南京市鼓楼区北圩路77号,"地址：南京市浦口区雨山西路86号
邮编：211815",02_简介,exact,1.0,text_major
3207,南京工业大学,—,—,—,—,location.address,丁家桥校区: 南京市鼓楼区新模范马路5号 | 虹桥校区: 南京市鼓楼区中山北路200号 | 江浦校区: 江苏省南京市江北新区浦珠南路30号,"南京工业大学
地址：南京市浦口区浦珠南路30号     邮编：211816",02_简介,exact,1.0,text_major
3243,南京工程学院,—,—,—,—,location.address,南京工程学院: 南京市江宁科学园弘景大道1号,"江苏省南京市江宁科学园弘景大道1号
邮编 211167",02_简介,exact,1.0,text_major
3225,南京师范大学,—,—,—,—,location.address,仙林校区: 南京市仙林大学城文苑路1号 | 随园校区: 南京市鼓楼区宁海路122号 | 紫金校区: 南京市玄武区板仓街78号,江苏省南京市仙林文苑路1号,02_简介,exact,1.0,text_major
3250,南京晓庄学院,—,—,—,—,location.address,方山校区: 南京市江宁区弘景大道3601号 | 莫愁校区: 南京市建邺区汉中门大街123号 | 晓庄校区(行知园): 南京市栖霞区晓庄中心村132号,"南京市北圩路41号（莫愁校区）
南京市江宁区弘景大道3601号（方山校区）",02_简介,exact,1.0,text_major
3875,南京旅游职业学院,—,—,—,—,location.address,江宁校区: 南京市江宁区月华西路1号 | 华严岗校区: 南京市鼓楼区华严岗1号,南京市江宁大学城月华西路1号,02_简介,exact,1.0,text_major
3912,南京机电职业技术学院,—,—,—,—,location.address,南京机电职业技术学院: 南京市高淳区鹿鸣大道33号,地址：江苏省南京市高淳区鹿鸣大道33号 邮编：211306,02_简介,exact,1.0,text_major
3288,南京特殊教育师范学院,—,—,—,—,location.address,栖霞校区: 南京市栖霞区神农路1号 | 江宁校区: 江苏省南京市江宁区润湖大道401号 | 浦口校区: 南京市浦口区护国路88号,江苏省南京市栖霞区神农路1号,02_简介,exact,1.0,text_major
3211,南京林业大学,—,—,—,—,location.address,新庄主校区: 江苏省南京市龙蟠路159号 | 淮安校区: 淮安市高教园区枚皋东路1号 | 南京白马校区: 江苏省南京市溧水区白马大道58号,江苏省南京市龙蟠路159号,02_简介,exact,1.0,text_major
0341,南京理工大学,—,—,—,—,location.address,南京校区: 苏省南京市玄武区孝陵卫街道孝陵卫街200号 | 江阴校区: 江苏省江阴市福星路8号 | 盱眙校区: 江苏省盱眙县,"地址：南京市玄武区孝陵卫200号

邮编：210014",02_简介,exact,1.0,text_major
0340,南京航空航天大学,—,—,—,—,location.address,明故宫校区: 江苏省南京市秦淮区御道街29号 | 将军路校区: 江苏省南京市江宁区将军大道29号 | 天目湖校区: 江苏省溧阳市滨河东路29号,江苏省南京市秦淮区御道街29号,02_简介,exact,1.0,text_major
3277,南京科技职业学院,—,—,—,—,location.address,南京科技职业学院: 江苏省南京市江北新区欣乐路188号,江苏省南京市江北新区欣乐路188号（葛关路625号）,02_简介,exact,1.0,text_major
3233,南京艺术学院,—,—,—,—,location.address,南京艺术学院: 江苏省南京市北京西路74号,学校地址：南京市鼓楼区北京西路74号。 学校网址：http://www.nua.edu.cn/ 邮政编码：210013 招生网址：https://zhaosheng.nua.edu.cn/ 学校招办：025—83498055、83498382，zsb@nua.edu.cn,02_简介,exact,1.0,text_major
0375,南京警察学院,—,—,—,—,location.address,仙林校区: 南京市栖霞区文澜路28号 | 花园路校区: 南京市玄武区花园路11号 | 安德门校区: 南京市雨花台区小行路18号,江苏省南京市栖霞区仙林大学城文澜路28号,02_简介,exact,1.0,text_major
3206,南京财经大学,—,—,—,—,location.address,仙林校区: 江苏省南京市仙林大学城文苑路3号 | 福建路校区: 江苏省南京市鼓楼区铁路北街128号 | 桥头校区: 江苏省镇江市桥头,南京市仙林大学城文苑路3号（210023）,02_简介,exact,1.0,text_major
3217,南通大学,—,—,—,—,location.address,啬园校区: 南通市崇川区啬园路9号 | 启秀校区: 南通市崇川区启秀路19号 | 启东校区地址: 启东市高新技术产业开发区南海路1号,江苏省南通市啬园路9号,02_简介,exact,1.0,text_major
3949,南通师范高等专科学校,—,—,—,—,location.address,开发区校区: 江苏省南通市经济开发区育贤路2号 | 崇川校区: 江苏省南通市城山路24号 | 如皋校区: 江苏省南通市如皋市学宫路1号,学校地址：江苏省南通市经济技术开发区育贤路2号,02_简介,exact,1.0,text_major
3232,南通科技职业学院,—,—,—,—,location.address,南通科技职业学院: 江苏省南通市青年中路136号,江苏省南通市青年中路136号,02_简介,exact,1.0,text_major
3924,南通职业大学,—,—,—,—,location.address,青年路校区: 江苏省南通市崇川区青年中路89号 | 海门校区: 江苏省南通市海门区广州路511号 | 钟秀校区: 江苏省南通市崇川区通京大道999号,江苏省南通市崇川区青年中路89号,02_简介,exact,1.0,text_major
3871,宿迁学院,—,—,—,—,location.address,宿迁学院: 江苏省宿迁市黄河南路399号,宿迁市黄河南路399号,02_简介,exact,1.0,text_major
3208,常州大学,—,—,—,—,location.address,科教城校区: 常州市武进区滆湖中路21号 | 西太湖校区: 常州市武进区延政西大道2468号,江苏省常州市武进区滆湖中路（校本部）,02_简介,exact,1.0,text_major
3859,常州工业职业技术学院,—,—,—,—,location.address,常州工业职业技术学院: 常州市武进区鸣新中路28号,免费咨询电话：4009902878 电话：0519-86335008、86335009 微信;常州工业职业技术学院 QQ:1253999008 网址：http://zs.ciit.edu.cn/ 地址：常州市武进区鸣新中路28号（常州科教城）,02_简介,exact,1.0,text_major
3215,常州工学院,—,—,—,—,location.address,辽河路校区: 江苏省常州市新北区辽河路666号 | 会馆滨路校区(继续教育学院): 江苏省常州市会馆浜路55号,江苏省常州市新北区辽河路666号（213032）,02_简介,exact,1.0,text_major
3279,常州机电职业技术学院,—,—,—,—,location.address,常州机电职业技术学院: 江苏省常州市武进区鸣新中路26号,常州市武进区鸣新东路26号(常州市科教城内),02_简介,exact,1.0,text_major
3913,常州纺织服装职业技术学院,—,—,—,—,location.address,常州纺织服装职业技术学院: 江苏省常州市武进区湖塘镇滆湖中路53号,"学院地址：常州市武进区滆湖中路5号  邮政编码：213164 
联系电话：0519-86336019、86336023、15251916301、15251916302
学院网址：http://zs.cztgi.edu.cn
联系人：顾老师、王老师           招办信箱：zs@cztgi.edu.cn
招办QQ:392710480、1344690813            
新浪微博：http://weibo.com/315999023
腾讯微博：http://t.qq.com/czfyzsb",02_简介,exact,1.0,text_major
3235,徐州工程学院,—,—,—,—,location.address,"丽水路校区(中心校区): 江苏省徐州市云龙区丽水路2号 | 三环南路校区(城南校区): 江苏省徐州市泉山区三环南路18号 | 迎宾路校区: 徐州市新城区行政办公中心东南约2公里,位于学校中心校区东侧",江苏省徐州市云龙区丽水路2号,02_简介,exact,1.0,text_major
3223,徐州医科大学,—,—,—,—,location.address,主校区: 江苏省徐州市云龙区铜山路209号 | 西校区: 江苏省徐州市泉山区淮海西路84号 | 东校区: 江苏省徐州市鼓楼区大庙镇东贺村,江苏省徐州市云龙区铜山路209号，徐州医科大学主校区,02_简介,exact,1.0,text_major
3284,徐州工业职业技术学院,—,—,—,—,location.address,九里校区: 江苏省徐州市鼓楼区襄王南路1号 | 黄河校区: 江苏省徐州市鼓楼区黄河北路90号 | 新沂校区: 江苏省新沂市经济开发区马陵山西路与古镇大道交叉口西侧‌‌,江苏省徐州市鼓楼区襄王路1号,02_简介,exact,1.0,text_major
3283,徐州幼儿师范高等专科学校,—,—,—,—,location.address,洞山校区: 江苏省徐州经济技术开发区桃园路6号 | 碧螺校区: 江苏省徐州经济技术开发区洞山路17号,"地址：中国徐州（金山桥）经济技术开发区桃园路6号  邮编：221004
电话：0516-80806099",02_简介,exact,1.0,text_major
3922,扬州大学,—,—,—,—,location.address,荷花池校区: 江苏省扬州市大学南路88号 | 瘦西湖校区: 江苏省扬州市四望亭路180号 | 文汇路校区: 江苏省扬州市文汇东路48号 | 江阳路北校区: 江苏省扬州市江阳中路136号 | 江阳路南校区: 江苏省扬州市江阳中路131号 | 扬子津校区: 江苏省扬州市华扬西路196号,扬州市大学南路88号,02_简介,exact,1.0,text_major
3259,扬州工业职业技术学院,—,—,—,—,location.address,扬州工业职业技术学院: 江苏省扬州市华扬西路199号扬子津科教园,江苏省扬州市扬子津科教园区华扬西路199号,02_简介,exact,1.0,text_major
3294,无锡学院,—,—,—,—,location.address,无锡学院: 无锡市锡山大道333号,南京市浦口区龙山北路6号,02_简介,exact,1.0,text_major
3977,昆山杜克大学,—,—,—,—,location.address,昆山杜克大学: 江苏省昆山市杜克大道8号,江苏省苏州市昆山市杜克大道8号,02_简介,exact,1.0,text_major
0036,江南大学,—,—,—,—,location.address,主校区: 江苏省无锡市蠡湖大道1800号 | 江阴校区: 江苏省无锡市江阴市青阳镇府前路299号 | 宜兴校区: 江苏省无锡市宜兴市太湖大道181号,江苏省无锡市滨湖区蠡湖大道1800号，邮编214122,02_简介,exact,1.0,text_major
3256,江苏医药职业学院,—,—,—,—,location.address,解放校区: 江苏省盐城市解放南路283号 | 建军校区: 江苏省盐城市建军西路156号,江苏省盐城市解放南路283号,02_简介,exact,1.0,text_major
3876,江苏卫生健康职业学院,—,—,—,—,location.address,江苏卫生健康职业学院: 江苏省南京市浦口区黄山岭路69号,主校区：江苏省南京市浦口区黄山岭路69号 邮编：211800,02_简介,exact,1.0,text_major
3255,江苏农牧科技职业学院,—,—,—,—,location.address,凤凰路主校区: 江苏省泰州市凤凰东路8号 | 迎宾路校区: 江苏省泰州市迎宾路58号,江苏省泰州市凤凰东路8号,02_简介,exact,1.0,text_major
3928,江苏商贸职业学院,—,—,—,—,location.address,主校区: 江苏省南通市崇川区江通路48号 | 通州湾教学区: 江苏省南通市通州湾江海联动开发示范区东海大道88号,江苏省南通市江通路48号,02_简介,exact,1.0,text_major
3238,江苏城乡建设职业学院,—,—,—,—,location.address,殷村校区: 江苏省常州市钟楼区殷村职教园和裕路1号 | 清潭校区: 江苏省常州市钟楼区木梳路12号,江苏省常州市殷村职教园和裕路1号,02_简介,exact,1.0,text_major
3914,江苏城市职业学院,—,—,—,—,location.address,定淮门校区: 南京市江东北路399号 | 定淮门东校区: 南京市鼓楼区古平岗35-1号 | 应天校区: 南京市建邺区应天大街832号 | 挹江门校区: 江苏省南京市鼓楼区龙池庵62号,学校地址：南京市江东北路399号 办学地址：南京市古平岗35-1号（定淮门东校区） 南京市应天大街832号（应天校区）,02_简介,exact,1.0,text_major
3212,江苏大学,—,—,—,—,location.address,校本部: 江苏省镇江市学府路301号 | 北固校区: 江苏省镇江市医政路3号 | 梦溪校区: 江苏省镇江市京口区梦溪园巷30号 | 中山校区: 江苏省镇江市中山西路63号,江苏省镇江市学府路301号,02_简介,exact,1.0,text_major
3265,江苏工程职业技术学院,—,—,—,—,location.address,崇川校区: 南通市青年中路87号 | 海门校区: 南通市海门港新区港西大道999-26号,地址：江苏省南通市青年中路87号 邮编：226007,02_简介,exact,1.0,text_major
3264,江苏建筑职业技术大学,—,—,—,—,location.address,泉山校区: 江苏省徐州市泉山区学苑路26号 | 湖西校区: 江苏省徐州市沛县东环路,江苏省徐州市铜山区学苑路26号（泉山校区）；江苏省徐州市沛县东环路（湖西校区）,02_简介,exact,1.0,text_major
3204,江苏师范大学,—,—,—,—,location.address,泉山校区: 江苏省徐州市铜山新区上海路101号 | 云龙校区: 江苏省徐州市和平路57号 | 奎园校区: 江苏省徐州市泉山区解放南路 | 贾汪校区: 江苏省徐州市贾汪区育才路2号,江苏省徐州市铜山新区上海路101号,02_简介,exact,1.0,text_major
3975,江苏护理职业学院,—,—,—,—,location.address,科技路校区: 江苏省淮安市清江浦区科技路9号 | 黄河路校区: 江苏省淮安市淮阴区黄河西路2号,江苏省淮安市清江浦区科技路9号,02_简介,exact,1.0,text_major
3280,江苏电子信息职业学院,—,—,—,—,location.address,江苏电子信息职业学院: 江苏省淮安市高教园区枚乘东路3号,校址：淮安市高教园区枚乘东路３号 邮编：223003,02_简介,exact,1.0,text_major
3249,江苏理工学院,—,—,—,—,location.address,本部: 江苏省常州市中吴大道1801号 | 新校区: 常州市武进区,常州市中吴大道1801号,02_简介,exact,1.0,text_major
3241,江苏海洋大学,—,—,—,—,location.address,苍梧校区: 江苏省连云港市海州区苍梧路59号 | 通灌校区: 江苏省连云港市海州区通灌南路108号 | 宋跳校区: 江苏省连云港市海州区昌生路2号,江苏省连云港市新浦区苍梧路59号,02_简介,exact,1.0,text_major
3258,江苏海事职业技术学院,—,—,—,—,location.address,江苏海事职业技术学院: 江苏省南京市江宁区格致路309号,南京市江宁大学城格致路309号,02_简介,exact,1.0,text_major
3205,江苏科技大学,—,—,—,—,location.address,长山校区: 江苏省镇江市丹徒区长晖路666号 | 梦溪校区: 江苏省镇江市梦溪路2号 | 张家港校区: 张家港市长兴中路8号,江苏省镇江市长晖路666号,02_简介,exact,1.0,text_major
3240,江苏第二师范学院,—,—,—,—,location.address,草场门校区: 南京市北京西路77号 | 石湫校区: 南京市石湫街道新河西路6号,石湫校区地址：南京市溧水区新河西路6号 草场门校区地址：南京市鼓楼区北京西路77号 招生电话：（025）83758188,02_简介,exact,1.0,text_major
3274,江苏经贸职业技术学院,—,—,—,—,location.address,江宁校区: 南京市江宁大学城龙眠大道180号 | 光华校区: 南京市光华路石门坎104号,"南京市江宁区(江宁大学城)龙眠大道180号（江宁校区）     邮政编码：211168

联系电话：400-040-1156  025-52710208(兼传真）",02_简介,exact,1.0,text_major
3263,江苏航空职业技术学院,—,—,—,—,location.address,江苏航空职业技术学院: 江苏省镇江新区瑞城路88号,"国际代码：14568                  学院代码：1412（普通类）
学院全称：江苏航空职业技术学院
院校性质：全日制专科层次的普通高等学校
主管部门：江苏省镇江市人民政府
录取批次：普通类高职（专科）批次
学院地址：江苏省镇江市新区瑞城路88号 
联系电话：0511-80853810            传真：0511-80821600
电子邮箱：jshkxy2015@163.com       邮编：212134
学校网址：http://www.jatc.edu.cn/",02_简介,exact,1.0,text_major
3968,江苏财会职业学院,—,—,—,—,location.address,江苏财会职业学院: 连云港市新海新区春晖路8号,江苏省连云港市新海新区春晖路8号,02_简介,exact,1.0,text_major
3931,江苏财经职业技术学院,—,—,—,—,location.address,江苏财经职业技术学院: 江苏省淮安市高教园区枚乘东路8号,地址：江苏省淮安市枚乘东路8号 邮编：223003,02_简介,exact,1.0,text_major
3285,江苏食品药品职业技术学院,—,—,—,—,location.address,江苏食品药品职业技术学院: 江苏省淮安市高教园区枚乘路4号,江苏省淮安市高教园区枚乘东路4号,02_简介,exact,1.0,text_major
0035,河海大学,—,—,—,—,location.address,西康路校区: 江苏省南京市西康路1号 | 江宁校区: 江苏省南京市佛城西路8号 | 常州校区: 江苏省常州市金坛区河海大道1915号,江苏省南京市鼓楼区西康路1号 江苏省南京市江宁区佛城西路8号 江苏省常州市河海大道1915号,02_简介,exact,1.0,text_major
3941,泰州学院,—,—,—,—,location.address,济川校区: 江苏省泰州市济川东路93号 | 泰兴校区: 国庆中路33号,江苏省泰州市济川东路93号,02_简介,exact,1.0,text_major
3214,淮安大学,—,—,—,—,location.address,枚乘路校区: 江苏省淮安市清江浦区枚乘路1号 | 萧湖校区: 江苏省淮安市淮安区城河街1号 | 北京路校区: 江苏省淮安市清江浦区北京北路89号,江苏省淮安市枚乘东路1号,02_简介,exact,1.0,text_major
3278,泰州职业技术学院,—,—,—,—,location.address,泰州职业技术学院: 江苏省泰州市医药高新区天星路8号,江苏省泰州市医药高新区天星路8号。 邮编：225300,02_简介,exact,1.0,text_major
3227,淮阴师范学院,—,—,—,—,location.address,长江路校区: 江苏省淮安市长江西路111号 | 交通路校区: 江苏省淮安市交通路71号,江苏省淮安市长江西路111号,02_简介,exact,1.0,text_major
3228,盐城师范学院,—,—,—,—,location.address,通榆校区: 江苏省盐城市开放大道50号 | 新长校区: 江苏省盐城市希望大道南路2号,1．学校代码：10324（教育部）、江苏本二：1362 2．学校地址：江苏省盐城市开放大道50号（通榆校区） 江苏省盐城市希望大道南路2号（新长校区） 3．联系部门：盐城师范学院招生办 4．联系电话：0515－88233059（兼传真） 5．学校网址：www.yctu.edu.cn 招生信息网址：zs.yctu.edu.cn 招办邮箱:yctuzsb@126.com,02_简介,exact,1.0,text_major
3995,苏州健雄职业技术学院,—,—,—,—,location.address,苏州健雄职业技术学院: 江苏省苏州太仓科教新城健雄路1号,江苏省太仓市科教新城健雄路1号,02_简介,exact,1.0,text_major
3894,苏州城市学院,—,—,—,—,location.address,苏州城市学院: 苏州市吴中区吴中大道1188号,地址：江苏省苏州市吴中区吴中大道1188号 邮编：215104,02_简介,exact,1.0,text_major
3201,苏州大学,—,—,—,—,location.address,天赐庄校区: 苏州市十梓街1号 | 独墅湖校区: 苏州市工业园区仁爱路199号 | 阳澄湖校区: 苏州市相城区济学路8号 | 未来校区: 苏州市吴江区久泳西路1号,江苏省苏州市东环路50号,02_简介,exact,1.0,text_major
3275,苏州工业职业技术学院,—,—,—,—,location.address,苏州工业职业技术学院: 苏州市吴中区吴中大道(越湖路)国际教育园致能大道1号,"江苏省苏州市吴中大道国际教育园致能大道1号
 咨询电话：66550867
 邮政编码：215104
 电子邮件：zhaosheng@siit.edu.cn
 网 址：http://zs.siit.edu.cn",02_简介,exact,1.0,text_major
3244,苏州科技大学,—,—,—,—,location.address,石湖校区: 江苏省苏州市虎丘区学府路99号 | 天平校区: 苏州市高新区长江路55号 | 江枫校区: 苏州市高新区滨河路1707号,"地址：江苏省苏州市高新区学府路99号
邮编：215009",02_简介,exact,1.0,text_major
3248,苏州职业技术大学,—,—,—,—,location.address,石湖校区: 苏州市国际教育园南区致能大道106号 | 干将路校区: 苏州市干将西路1122号,江苏省苏州市吴中区致能大道106号,02_简介,exact,1.0,text_major
3247,西交利物浦大学,—,—,—,—,location.address,西交利物浦大学: 江苏省苏州市工业园区独墅湖科教创新区仁爱路111号,"江苏省苏州市工业园区独墅湖科教创新区仁爱路111号
邮编：215123",02_简介,exact,1.0,text_major
3252,连云港职业技术学院,—,—,—,—,location.address,连云港职业技术学院: 连云港市海州区晨光路2号,江苏省连云港市晨光路2号,02_简介,exact,1.0,text_major
3234,金陵科技学院,—,—,—,—,location.address,江宁校区: 江苏省南京市江宁区弘景大道99号 | 幕府校区: 江苏省南京市栖霞区晓庄中心村130号 | 白下校区: 江苏省南京市秦淮区长白街100号,南京市江宁大学城弘景大道99号,02_简介,exact,1.0,text_major
9204,陆军工程大学,—,—,—,—,location.address,陆军工程大学: 中国江苏省南京市秦淮区后标营路88号,地址：南京市秦淮区后标营路88号，邮编：210042。,02_简介,exact,1.0,text_major
3236,镇江市高等专科学校,—,—,—,—,location.address,镇江市高等专科学校: 江苏省镇江市高校园区长香西大道518号,江苏省镇江市高校园区长香西大道518号   邮编212028,02_简介,exact,1.0,text_major
3317,中国美术学院,—,—,—,—,location.address,杭州南山校区: 杭州市上城区南山路218号 | 杭州象山校区: 杭州市西湖区转塘镇象山352号 | 上海张江校区: 上海市浦东区张江高科技园区泾牛路249号 | 杭州良渚校区: 杭州市余杭区古墩路2849号 | 湘湖校区: 杭州市萧山区溪东线湘湖金融小镇,杭州市南山路218号,02_简介,exact,1.0,text_major
3328,丽水学院,—,—,—,—,location.address,校本部: 浙江省丽水市莲都区学院路1号 | 松阳校区: 浙江省丽水市松阳县水南街道秀峰南路2号,浙江省丽水市莲都区学院路1号 邮编：323000,02_简介,exact,1.0,text_major
3318,中国计量大学,—,—,—,—,location.address,西区: 浙江省杭州市钱塘区学源街258号 | 东区: 浙江省杭州市钱塘区学源街168号,浙江省杭州市下沙高教园区学源街 邮编310018,02_简介,exact,1.0,text_major
3370,义乌工商职业技术学院,—,—,—,—,location.address,义乌工商职业技术学院: 浙江省义乌市学院路2号,浙江省义乌市学院路2号,02_简介,exact,1.0,text_major
3344,台州科技职业学院,—,—,—,—,location.address,校本部: 浙江省台州市黄岩区嘉木路288号 | 台州科技职业学院温岭学院: 浙江省温岭市太平街道万泉东路88号,台州科技职业学院校本部：浙江省台州市黄岩区嘉木路288号 台州科技职业学院温岭学院：浙江省温岭市太平街道万泉东路88号,02_简介,exact,1.0,text_major
3933,台州职业技术学院,—,—,—,—,location.address,台州职业技术学院: 浙江省台州市经济开发区学院路788号,主校区： 浙江省台州市经济开发区学院路788号 玉环校区：浙江省台州市玉环市经济开发区银湖大道,02_简介,exact,1.0,text_major
3394,嘉兴南湖学院,—,—,—,—,location.address,嘉兴南湖学院: 浙江省嘉兴市南湖区越秀南路572号,浙江省嘉兴市南湖区越秀南路572号,02_简介,exact,1.0,text_major
3331,嘉兴大学,—,—,—,—,location.address,梁林校区: 浙江省嘉兴市广穹路899号 | 平湖校区: 浙江省平湖市宏建路888号,浙江省嘉兴市广穹路899号,02_简介,exact,1.0,text_major
3336,宁波卫生职业技术学院,—,—,—,—,location.address,宁波卫生职业技术学院: 宁波市高教园区(南区)学府路51号,浙江省宁波市高教园区（南区）学府路51号（邮编315100）,02_简介,exact,1.0,text_major
3355,宁波城市职业技术学院,—,—,—,—,location.address,鄞州校区: 宁波市鄞州区高教园区学府路9号 | 奉化校区: 宁波市奉化区萧王庙街道峰岭路7号,浙江省宁波市鄞州区首南街道学府路9号（邮编315100）招生热线：0574-88122233,02_简介,exact,1.0,text_major
3325,宁波大学,—,—,—,—,location.address,主校区: 浙江省宁波市江北区风华路818号 | 梅山校区: 浙江省宁波市梅山保税港区七星南路169号,浙江省宁波市江北区风华路818号,02_简介,exact,1.0,text_major
3322,宁波工程学院,—,—,—,—,location.address,风华校区: 浙江省宁波市江北区风华路201号 | 翠柏校区: 浙江省宁波市海曙区翠柏路89号 | 前湾校区: 宁波市前湾新区滨海二路769号,（1）宁波工程学院风华校区（东校区） 地址：宁波市江北区风华路201号 邮编：315211 （2）宁波工程学院前湾校区 地址：宁波市前湾新区滨海二路769号 邮编：315336 （3）宁波工程学院翠柏校区 地址：宁波市海曙区翠柏路89号 邮编：315021,02_简介,exact,1.0,text_major
3304,宁波诺丁汉大学,—,—,—,—,location.address,宁波诺丁汉大学: 浙江省宁波市泰康东路199号,浙江省宁波市泰康东路199号,02_简介,exact,1.0,text_major
3354,宁波职业技术大学,—,—,—,—,location.address,本部校区: 浙江省宁波经济技术开发区庐山东路388号 | 余姚校区: 浙江省宁波市余姚市开丰路398号,宁波经济技术开发区庐山东路388号,02_简介,exact,1.0,text_major
3326,杭州医学院,—,—,—,—,location.address,滨江校区: 浙江省杭州市滨江区滨文路481号 | 临安校区: 浙江省杭州市临安区颐康街8号 | 黄龙校区: 杭州市西湖区天目山路182号,临安校区（浙江省杭州市临安区颐康街8号） 滨江校区（浙江省杭州市滨江区滨文路481号） 黄龙校区（浙江省杭州市西湖区天目山路182号） 青山湖科创中心（浙江省杭州市临安区青山湖街道创业街218号）,02_简介,exact,1.0,text_major
3310,杭州师范大学,—,—,—,—,location.address,仓前校区: 杭州市余杭区仓前街道海曙路58号 | 玉皇山校区: 杭州市玉皇山路77号 | 下沙校区: 杭州市江干区下沙学林街16号,杭州师范大学招生办公室 地址：杭州师范大学仓前校区（浙江省杭州市余杭塘路2318号） 邮编：311121,02_简介,exact,1.0,text_major
3368,杭州科技职业技术学院,—,—,—,—,location.address,高桥校区: 浙江省杭州市富阳高科路198号 | 严州校区: 浙江省杭州市建德梅城镇环城西路52号 | 城区校区: 浙江省杭州市文一西路37号 | 大江东校区: 杭州市钱塘区品优街(北一路)2688号,浙江省杭州市富阳区高科路198号，邮编：311402,02_简介,exact,1.0,text_major
3301,杭州电子科技大学,—,—,—,—,location.address,下沙校区: 杭州市杭州经济开发区白杨街道2号大街1158号 | 文一校区: 杭州市西湖区文一路115号 | 东岳校区: 杭州市西溪路大龙驹坞168号 | 下沙东校区: 杭州市下沙高教园区6号大街215号 | 青山湖校区: 杭州市临安区青山湖街道杭电路1号,浙江省杭州市钱塘区白杨街道2号大街1158号,02_简介,exact,1.0,text_major
3377,杭州职业技术大学,—,—,—,—,location.address,杭州职业技术学院: 杭州市下沙高教园区学源街68号,浙江省杭州市钱塘区学源街68号,02_简介,exact,1.0,text_major
3391,浙大城市学院,—,—,—,—,location.address,浙大城市学院: 杭州市湖州街51号,杭州市拱墅区湖州街51号,02_简介,exact,1.0,text_major
3851,浙江中医药大学,—,—,—,—,location.address,滨文校区: 浙江省杭州市滨江区滨文路548号 | 富春校区: 浙江省杭州市富阳区百川街260号,"学校地址：
1、滨文校区（浙江省杭州市滨江区滨文路548号，邮编310053），
2、富春校区（浙江省杭州市富阳区百川街260号，邮编311402）。",02_简介,exact,1.0,text_major
3392,浙大宁波理工学院,—,—,—,—,location.address,浙大宁波理工学院: 浙江省宁波市钱湖南路1号,浙江省宁波市鄞州区钱湖南路1号（邮编315100）,02_简介,exact,1.0,text_major
3319,浙江万里学院,—,—,—,—,location.address,钱湖校区: 浙江省宁波市鄞州区钱湖南路8号 | 回龙校区: 浙江省宁波市鄞州区盛莫路1519号,宁波高教园区钱湖南路8号,02_简介,exact,1.0,text_major
3352,浙江交通职业技术学院,—,—,—,—,location.address,杭州校区: 浙江省杭州市余杭区莫干山路1515号 | 长兴校区: 浙江省湖州市长兴县林城镇新林北路39号,杭州市古墩路1516号,02_简介,exact,1.0,text_major
3327,浙江传媒学院,—,—,—,—,location.address,杭州钱塘校区: 浙江省杭州市钱塘区白杨街道学源街998号 | 桐乡乌镇校区: 浙江省桐乡市梧桐街道逾桥西路998号,浙江省杭州市钱塘区白杨街道学源街998号（杭州钱塘校区）310018 浙江省桐乡市梧桐街道逾桥西路998号 (桐乡乌镇校区) 314500,02_简介,exact,1.0,text_major
3306,浙江农林大学,—,—,—,—,location.address,东湖校区: 浙江省杭州市临安区武肃街666号 | 暨阳学院: 浙江省诸暨市浦阳路77号 | 衣锦校区: 浙江省杭州市临安市衣锦街252号,浙江省杭州市临安区武肃街666号东湖校区 浙江省杭州市临安区衣锦街252号衣锦校区,02_简介,exact,1.0,text_major
3359,浙江商业职业技术学院,—,—,—,—,location.address,滨江校区: 浙江省杭州市滨江区滨文路470号 | 德胜校区: 浙江省杭州市拱墅区德胜路238号,浙江省杭州市滨江高教园区滨文路470号,02_简介,exact,1.0,text_major
3343,浙江国际海运职业技术学院,—,—,—,—,location.address,新城校区: 浙江省舟山市临城新区海天大道268号 | 岱山校区: 浙江省舟山市岱山县高亭镇启航路11号,浙江省舟山市临城新区海天大道268号,02_简介,exact,1.0,text_major
3375,浙江同济科技职业学院,—,—,—,—,location.address,浙江同济科技职业学院: 杭州市萧山区宁围街道耕文路418号,杭州市萧山高教园区耕文路418号,02_简介,exact,1.0,text_major
3341,浙江外国语学院,—,—,—,—,location.address,浙江外国语学院: 浙江省杭州市西湖区留和路299号,浙江省杭州市西湖区留和路299号,02_简介,exact,1.0,text_major
0039,浙江大学,—,—,—,—,location.address,紫金港校区: 浙江省杭州市西湖区余杭塘路866号 | 玉泉校区: 杭州市西湖区浙大路38号 | 西溪校区: 杭州市西湖区天目山路148号 | 华家池校区: 杭州市江干区凯旋路268号 | 之江校区: 杭州市西湖区之江路51号 | 舟山校区: 浙江省舟山市定海区浙大路1号 | 海宁校区: 浙江省海宁市海州东路718号,通讯地址：浙江省杭州市浙江大学紫金港校区东1A-126浙江大学本科生招生办公室 邮政编码：310058 咨询电话：86-571-87951001 86-571-87951006 传真号码：86-571-88981979 咨询邮箱：zsc@zju.edu.cn 浙江大学本科招生网：http://zdzsc.zju.edu.cn,02_简介,exact,1.0,text_major
3337,浙江安防职业技术学院,—,—,—,—,location.address,浙江安防职业技术学院: 温州市瓯海区瓯海大道2555号,1.通讯地址：浙江省温州市瓯海区瓯海大道2555号 2.现场咨询：浙江安防职业技术学院招生办 3.网络咨询：https://zs.zjcst.edu.cn/ 4.电话咨询：0577-85108000 85108035,02_简介,exact,1.0,text_major
3302,浙江工业大学,—,—,—,—,location.address,朝晖校区: 浙江省杭州市下城区潮王路18号 | 屏峰校区: 杭州市西湖区留和路288号(杭州小和山高教园区内) | 莫干山校区: 浙江省湖州市德清县长虹东街999号,杭州市潮王路18号,02_简介,exact,1.0,text_major
3315,浙江工商大学,—,—,—,—,location.address,下沙校区: 浙江省杭州市下沙高教园区学正街18号 | 教工路校区: 浙江省杭州市教工路149号 | 杭州商学院桐庐校区: 浙江省桐庐县凤川-江南新城核心区,浙江省杭州市钱塘区白杨街道学正街18号(310018),02_简介,exact,1.0,text_major
3374,浙江工商职业技术学院,—,—,—,—,location.address,宁波校区(本部): 浙江省宁波市机场路1988号 | 宁海校区: 浙江省宁波市宁海县檀树路809号 | 慈溪校区: 浙江省宁波市慈溪市北三环西路298号,浙江省宁波市机场路1988号,02_简介,exact,1.0,text_major
3360,浙江工贸职业技术学院,—,—,—,—,location.address,府东路校区: 浙江省温州市鹿城区府东路717号 | 瓯江口校区: 温州市瓯江口产业集聚区雁云路301号,浙江省温州市府东路17号,02_简介,exact,1.0,text_major
3309,浙江师范大学,—,—,—,—,location.address,校本部: 浙江省金华市迎宾大道688号 | 杭州校区: 杭州市萧山高教园区耕文路1108号,浙江省金华市迎宾大道688号,02_简介,exact,1.0,text_major
3324,浙江水利水电学院,—,—,—,—,location.address,钱塘校区: 杭州市钱塘区2号大街508号 | 南浔校区: 湖州市南浔区联谊路68号,浙江省杭州市下沙高教园区东区学林街583号,02_简介,exact,1.0,text_major
3305,浙江海洋大学,—,—,—,—,location.address,新城校区: 浙江省舟山市定海区临城街道海大南路1号 | 定海校区: 浙江省舟山市定海区海院路18号,浙江省舟山市定海区临城街道海大南路1号(新城校区） 浙江省舟山市定海区海院路18号（定海校区）,02_简介,exact,1.0,text_major
3378,浙江特殊教育职业学院,—,—,—,—,location.address,小和山校区: 浙江省杭州市西湖区留和路527号 | 天城路校区: 杭州市天城路145号,浙江省杭州市西湖区留和路527号,02_简介,exact,1.0,text_major
3321,浙江科技大学,—,—,—,—,location.address,小和山校区: 浙江省杭州市留和路318号 | 安吉校区: 浙江省安吉县孝源街道中德路1号,杭州市小和山高教园区留和路318号,02_简介,exact,1.0,text_major
3935,浙江纺织服装职业技术学院,—,—,—,—,location.address,浙江纺织服装职业技术学院: 浙江省宁波市江北区风华路495号,浙江省宁波市风华路495号,02_简介,exact,1.0,text_major
3389,浙江财经大学,—,—,—,—,location.address,下沙校区: 浙江省杭州市下沙高教园区学源街18号 | 文华校区: 浙江省杭州市西湖区文一西路83号 | 翠苑校区: 浙江省杭州市西湖区翠苑新村三区62号,浙江省杭州市下沙高教园区学源街18号,02_简介,exact,1.0,text_major
3346,浙江邮电职业技术学院,—,—,—,—,location.address,绍兴校区: 绍兴市滨海新区开元东路88号 | 杭州校区: 杭州市拱墅区莫干山路130号,浙江省绍兴市滨海新区开元东路88号。邮编：312366。,02_简介,exact,1.0,text_major
3351,浙江金融职业学院,—,—,—,—,location.address,杭州校区: 浙江省杭州市钱塘区学源街118号 | 绍兴校区: 浙江省绍兴市越城区开元东路118号,浙江省杭州市钱塘区下沙学源街118号,02_简介,exact,1.0,text_major
3308,温州医科大学,—,—,—,—,location.address,学院路校区: 温州市鹿城区学院西路270号 | 茶山校区: 浙江省温州市瓯海区茶山街道高教园区 | 滨海校区: 洞头区北岙街道海韵大道669号,浙江省温州市茶山高教园区,02_简介,exact,1.0,text_major
3399,温州理工学院,—,—,—,—,location.address,茶山校区: 温州茶山高教园区景观大道1号 | 滨海校区: 温州龙湾经济技术开发区金海三道337号,浙江省温州经济技术开发区金海三道337号,02_简介,exact,1.0,text_major
3340,温州肯恩大学,—,—,—,—,location.address,温州肯恩大学: 浙江省温州市瓯海区大学路88号,地址：浙江省温州市瓯海区大学路88号 邮箱：admissions@wku.edu.cn 邮政编码：325060,02_简介,exact,1.0,text_major
3356,温州职业技术学院,—,—,—,—,location.address,高教园区校区: 温州市茶山高教园区(温州大学城) | 鹿城校区: 温州市鹿城区车站大道737号 | 瑞安校区: 温州市瑞安市飞云街道 | 永嘉校区: 温州市永嘉县三江街道 | 瓯海校区: 温州市瓯海时尚智造小镇温州设计学院,中国温州茶山高教园区（温州大学城）,02_简介,exact,1.0,text_major
3398,湖州学院,—,—,—,—,location.address,湖州学院: 湖州市学士路1号,浙江省湖州市吴兴区学士路1号,02_简介,exact,1.0,text_major
3339,温州科技职业学院,—,—,—,—,location.address,温州科技职业学院: 温州市六虹桥路1000号,温州市六虹桥路1000号,02_简介,exact,1.0,text_major
3316,湖州师范大学,—,—,—,—,location.address,湖州师范学院: 浙江省湖州市二环东路759号,浙江省湖州市二环东路759号,02_简介,exact,1.0,text_major
3371,湖州职业技术学院,—,—,—,—,location.address,湖州职业技术学院: 浙江省湖州市学府路299号,通讯地址：浙江省湖州市创业大道3999号。,02_简介,exact,1.0,text_major
3313,绍兴大学,—,—,—,—,location.address,校本部: 浙江省绍兴市越城区环城西路508号 | 校本部: 绍兴市越城区城南大道1077号 | 校本部: 浙江省绍兴市越城区城南大道900号 | 兰亭校区: 浙江省绍兴市柯桥区兰亭镇 | 上虞校区: 浙江省绍兴市上虞区东山路368号,浙江省绍兴市越城区城南大道1077号 邮编：312000,02_简介,exact,1.0,text_major
3388,衢州学院,—,—,—,—,location.address,衢州学院: 浙江省衢州市九华北大道78号,浙江省衢州市柯城区九华北大道78号,02_简介,exact,1.0,text_major
3838,衢州职业技术学院,—,—,—,—,location.address,衢州职业技术学院: 浙江省衢州市柯城区白云街道江源路18号,浙江省衢州市柯城区白云街道江源路18号,02_简介,exact,1.0,text_major
0345,中国科学技术大学,—,—,—,—,location.address,北校区: 安徽省合肥市蜀山区黄山路4号 | 南校区: 安徽省合肥市包河区徽州大道1129号 | 西校区: 安徽省合肥市蜀山区黄山路443号 | 东校区: 安徽省合肥市包河区金寨路96号 | 高新校区: 安徽省合肥市蜀山区复兴路100号 | 中校区: 安徽省合肥市蜀山区黄山路373号,安徽省合肥市金寨路96号,02_简介,exact,1.0,text_major
3423,亳州学院,—,—,—,—,location.address,南湖校区: 安徽省亳州市高新技术产业开发区汤王大道2266号 | 文采校区: 徽省亳州市高新技术产业开发区文采路,学校地址：安徽省亳州市高新技术产业开发区汤王大道2266号（南湖校区） 安徽省亳州市高新技术产业开发区文采路（文采校区） 邮编：236800 招生联系电话：0558—5598588、5367131 E-mail：bzxyzsb@bzuu.edu.cn 学院网址：http://www.bzuu.edu.cn/ 招生网主页：http://www.bzuu.edu.cn/zzxx/,02_简介,exact,1.0,text_major
3420,合肥大学,—,—,—,—,location.address,合肥学院: 合肥市经济技术开发区锦绣大道99号,"安徽省合肥市经济技术开发区锦绣大道99号、158号
230601",02_简介,exact,1.0,text_major
0040,合肥工业大学,—,—,—,—,location.address,屯溪路校区: 安徽省合肥市屯溪路193号 | 六安路校区: 安徽省合肥市六安路271号 | 翡翠湖校区: 安徽省合肥市蜀山区翡翠路420号 | 宣城校区: 安徽省宣城市宣州区薰化路301号,院校地址：安徽省合肥市屯溪路193号(230009) 邮编：230009,02_简介,exact,1.0,text_major
3483,合肥师范学院,—,—,—,—,location.address,三孝口校区: 安徽省合肥市金寨路327号 | 锦绣校区: 安徽省合肥市经济技术开发区莲花路1688号 | 滨湖校区: 安徽省合肥市黄麓科教园区书香路,合肥市经济开发区莲花路1688号合肥师范学院锦绣校区行知楼402办公室,02_简介,exact,1.0,text_major
3499,合肥幼儿师范高等专科学校,—,—,—,—,location.address,学林路校区: 安徽省合肥市新站高新区学林路1100号 | 少荃湖校区地址: 安徽省合肥市新站高新区文忠路2299号,学校地址：少荃湖校区（安徽省合肥市新站高新区文忠路2299号）、学林路校区（安徽省合肥市新站高新区学林路1100号）。,02_简介,exact,1.0,text_major
3496,合肥职业技术学院,—,—,—,—,location.address,鼓山校区: 合肥市巢湖市凤凰山路 | 汇心湖校区: 合肥市新站区岱河路2号,合肥巢湖市姥山南路（巢湖校区）；合肥市烈山路与关井路交口（合肥校区）,02_简介,exact,1.0,text_major
3458,安庆医药高等专科学校,—,—,—,—,location.address,安庆医药高等专科学校: 安庆市宜秀区集贤北路1588号,安徽省安庆市集贤北路1588号,02_简介,exact,1.0,text_major
3427,安庆师范大学,—,—,—,—,location.address,菱湖校区: 安徽省安庆市菱湖南路128号 | 龙山校区: 安徽省安庆市集贤北路1318号,"安庆市菱湖南路128号（菱湖校区）
安庆市集贤北路1318号（龙山校区）",02_简介,exact,1.0,text_major
3476,合肥通用职业技术学院,—,—,—,—,location.address,合肥通用职业技术学院: 安徽省合肥市长江西路888号,合肥市长江西路888号,02_简介,exact,1.0,text_major
3428,安徽中医药大学,—,—,—,—,location.address,少荃湖校区: 安徽合肥市新站区龙子湖路350号 | 梅山路校区: 安徽合肥市蜀山区梅山路103号 | 史河路校区: 安徽合肥市蜀山区史河路45号 | 六安路校区: 安徽合肥市庐阳区寿春路300号,安徽省合肥市龙子湖路350号（少荃湖校区），邮编：230012 安徽省合肥市梅山路103号（梅山路校区），邮编：230038 安徽省合肥市史河路 45号（史河路校区），邮编：230031 安徽省合肥市寿春路300号（六安路校区），邮编：230061,02_简介,exact,1.0,text_major
3425,安徽中医药高等专科学校,—,—,—,—,location.address,弋江校区: 安徽省芜湖市乌霞山西路18号 | 三山校区: 安徽省芜湖市三山经济开发区磨山路以南、皖南医学院三山新校区以西、长江南路以北、奎湖路以东,安徽省芜湖市乌霞山西路18号,02_简介,exact,1.0,text_major
3463,安徽交通职业技术学院,—,—,—,—,location.address,新桥校区: 安徽省新桥国际产业园寿州大道16号 | 青年路校区地址: 安徽省合肥市包河区青年路114号,安徽省合肥市太湖东路22号,02_简介,exact,1.0,text_major
3405,安徽农业大学,—,—,—,—,location.address,安徽农业大学: 安徽省合肥长江西路130号,安徽省合肥市长江西路130号,02_简介,exact,1.0,text_major
3406,安徽医科大学,—,—,—,—,location.address,梅山路校区: 安徽省合肥市梅山路81号 | 翡翠路校区: 安徽省合肥市经济技术开发区翡翠路15号 | 东校区: 安徽省合肥市新站高新技术产业开发区唐河路 | 新医科中心校区: 安徽省合肥市肥西县上派镇独秀园路与李陵山路交汇处东北角,安徽省合肥市梅山路81号,02_简介,exact,1.0,text_major
3990,安徽国防科技职业学院,—,—,—,—,location.address,安徽国防科技职业学院: 安徽省六安市梅山中路56号,地址：安徽省六安市梅山中路56号,02_简介,exact,1.0,text_major
3946,安徽卫生健康职业学院,—,—,—,—,location.address,安徽卫生健康职业学院: 安徽省池州市教育园区学院路9号,"皖池州市教育园区学院路9号   安徽卫生健康职业学院
邮编：247099",02_简介,exact,1.0,text_major
3848,安徽城市管理职业学院,—,—,—,—,location.address,本部: 安徽省合肥市新站区高教基地淮海大道300号 | 南校区: 安徽省合肥市经济技术开发区耕云路158号 | 新桥校区: 安徽省淮南市寿县新桥国际产业园,磨店校区：安徽省合肥市新站区淮海大道300号 经开校区：安徽省合肥市经济技术开发区耕云路158号,02_简介,exact,1.0,text_major
3470,安徽审计职业学院,—,—,—,—,location.address,方兴校区: 安徽省合肥市经济技术开发区方兴大道509号 | 包河校区: 安徽省合肥市东流路9号 | 庐江校区: 安徽省合肥市庐江县合庐产业新城,安徽合肥市经济技术开发区方兴大道509号,02_简介,exact,1.0,text_major
3403,安徽大学,—,—,—,—,location.address,磬苑校区: 合肥市经济技术开发区九龙路111号 | 龙河校区: 安徽省合肥市蜀山区肥西路3号 | 史河路校区: 合肥市蜀山区史河路8号 | 泗州路校区: 合肥市瑶海区泗州路40号,通信地址：磬苑校区：合肥市经济技术开发区九龙路111号 邮编:230601；龙河校区：合肥市肥西路3号 邮编:230039 。 咨询电话：0551-63861666，63861777。招生办邮箱：zsb63861666@ahu.edu.cn。学校网址：https://www.ahu.edu.cn/。本科招生网网址：http://zsb.ahu.edu.cn/。微信公众号：安徽大学招生办。,02_简介,exact,1.0,text_major
3475,安徽工业经济职业技术学院,—,—,—,—,location.address,东区: 合肥市包河区祁门路66号 | 西区: 安徽省合肥市桐城南路410号 | 半汤校区: 安徽省巢湖市半汤镇花园街2号,合肥市包河区祁门路66号安徽工业经济职业技术学院,02_简介,exact,1.0,text_major
3467,安徽工商职业学院,—,—,—,—,location.address,庐阳校区: 合肥市庐阳区北二环砀山路233号 | 双凤校区: 合肥市双凤经济开发区金宁路北16号,合肥市庐阳区北二环砀山路233号(庐阳校区) 合肥市双凤经济开发区金宁路北16号(双凤校区),02_简介,exact,1.0,text_major
3404,安徽工程大学,—,—,—,—,location.address,校本部: 安徽省芜湖市鸠江区北京中路8号 | 国际工程师学院校区: 安徽省芜湖市经济技术开发区赤铸山东路100号,安徽省芜湖市北京中路,02_简介,exact,1.0,text_major
3407,安徽师范大学,—,—,—,—,location.address,赭山校区: 安徽省芜湖市北京东路1号 | 花津校区: 安徽省芜湖市九华南路189号 | 天门山校区: 安徽省芜湖市九华北路171号,安徽省芜湖市九华南路189号 241002,02_简介,exact,1.0,text_major
3495,安徽新闻出版职业技术学院,—,—,—,—,location.address,安徽新闻出版职业技术学院: 合肥市经济技术开发区繁华大道220号 | 新校区: 安徽省合肥市庐江县合庐产业新城,"地址：安徽省合肥经济技术开发区繁华大道220号
邮编：230601
联系人：安徽新闻出版职业技术学院招生就业办公室",02_简介,exact,1.0,text_major
3486,安徽汽车职业技术学院,—,—,—,—,location.address,紫云校区: 安徽省合肥市经济技术开发区紫云路99号 | 莲花校区: 安徽省合肥经济技术开发区石门路518号,安徽省合肥市经济技术开发区紫云路99号（紫云路与宿松路交汇处）,02_简介,exact,1.0,text_major
3402,安徽理工大学,—,—,—,—,location.address,校本部: 安徽省淮南市泰丰大街168号 | 合肥校区: 安徽省合肥市双凤开发区凤霞路15号,办学地址： 安徽省淮南市泰丰大街168号（校本部）； 安徽省合肥市双凤开发区凤霞路15号（合肥校区）。,02_简介,exact,1.0,text_major
3488,安徽电子信息职业技术学院,—,—,—,—,location.address,安徽电子信息职业技术学院: 安徽省蚌埠市曹山路1000号,安徽省蚌埠市龙子湖区大学城曹山路1000号,02_简介,exact,1.0,text_major
3468,安徽粮食工程职业学院,—,—,—,—,location.address,主校区: 安徽省合肥市新站区高教基地学林路2号 | 西校区: 安徽省合肥市潜山北路430号,安徽省合肥市瑶海区高教基地学林路2号,02_简介,exact,1.0,text_major
3460,安徽警官职业学院,—,—,—,—,location.address,西校区: 合肥市蜀山区清溪路78号 | 东校区: 合肥市蜀山区清溪路13号,安徽省合肥市蜀山区清溪路78号,02_简介,exact,1.0,text_major
3908,安徽艺术学院,—,—,—,—,location.address,安徽艺术学院: 安徽省合肥市新站区淮海大道1600号,安徽省合肥市新站区淮海大道1600号,02_简介,exact,1.0,text_major
3415,安徽财经大学,—,—,—,—,location.address,龙湖东校区: 安徽省蚌埠市曹山路962号 | 龙湖西校区: 安徽省蚌埠市宏业路255号,安徽省蚌埠市曹山路962号安徽财经大学 233030,02_简介,exact,1.0,text_major
3996,安徽财贸职业学院,—,—,—,—,location.address,翡翠校区: 安徽省合肥市翡翠路900号 | 蜀山校区: 安徽省合肥市蜀山区望江西路557号 | 和平校区: 安徽省合肥市瑶海区胡岗路13号,咨询电话：0551-63865888、63865657（招生办公室）、63865815（学院办公室） 电子邮箱：aczjb@126.com 学院网址：www.afc.edu.cn 学院地址：合肥市翡翠路900号（轨道交通3号线幸福坝站）,02_简介,exact,1.0,text_major
3479,宣城职业技术学院,—,—,—,—,location.address,宣城职业技术学院: 安徽省宣城市薰化路698号,敬亭山校区：安徽省宣城市宣州区薰化路698号；桃花潭校区：安徽省宣城市泾县泾川镇北郊青狮路1号,02_简介,exact,1.0,text_major
3497,宿州职业技术学院,—,—,—,—,location.address,宿州职业技术学院: 安徽省宿州市高新区宿符路,安徽省宿州市高新区宿符路,02_简介,exact,1.0,text_major
3944,徽商职业学院,—,—,—,—,location.address,槽郢校区: 安徽省合肥市蜀山区槽郢路15号 | 紫蓬校区: 安徽省合肥市肥西县紫蓬 | 庐江新校区: 安徽省合肥市庐江县合庐产业新城,紫蓬校区地址：安徽省合肥市紫蓬山森林大道 曹郢校区地址：合肥市槽郢路15号（中国科学技术大学对面） 招生咨询热线：0551-68580900 纪检监督电话：0551-68580103,02_简介,exact,1.0,text_major
3857,桐城师范高等专科学校,—,—,—,—,location.address,桐城师范高等专科学校: 安徽省桐城市经开区学苑路199号,安徽省桐城市经开区学苑路199号,02_简介,exact,1.0,text_major
3473,池州学院,—,—,—,—,location.address,池州学院: 安徽省池州市教育园区,安徽省池州市教育园区,02_简介,exact,1.0,text_major
3410,淮北师范大学,—,—,—,—,location.address,相山校区: 安徽省淮北市相山区东山路100号 | 滨湖校区: 安徽省淮北市烈山区沱河东路8号,安徽省淮北市相山区东山路100号（相山校区） 安徽省淮北市烈山区沱河东路8号（滨湖校区）,02_简介,exact,1.0,text_major
3419,淮南师范学院,—,—,—,—,location.address,泉山校区: 安徽省淮南市洞山西路 | 朝阳校区: 安徽省淮南市田家庵区学院南路 | 淮南师范学院应用技术学院: 淮南市谢家集区卧龙山路,安徽省淮南市田家庵区洞山西路淮南师范学院泉山校区 邮编：232038,02_简介,exact,1.0,text_major
3430,淮南联合大学,—,—,—,—,location.address,田家庵校区: 安徽省淮南市田家庵区洞山西路 | 高新校区: 安徽省淮南市田家庵区国庆中路313号 | 潘集校区: 安徽省淮南市潘集区齐云山路西北侧约100米,地址：安徽省淮南市田家庵区洞山西路;邮政编码：232038,02_简介,exact,1.0,text_major
3478,滁州职业技术学院,—,—,—,—,location.address,龙蟠校区: 安徽省滁州市丰乐大道2188号 | 清流校区: 安徽省滁州市琅琊区清流西路175号,学校联系电话：0550-3854622 招生咨询电话：0550-3854670 邮编：239000 通讯地址：安徽省滁州市丰乐大道2188号,02_简介,exact,1.0,text_major
3973,皖北卫生职业学院,—,—,—,—,location.address,皖北卫生职业学院: 安徽省宿州市埇桥区学府大道1606号,安徽省宿州市大学园区学府大道1606号  皖北卫生职业学院,02_简介,exact,1.0,text_major
3487,皖西卫生职业学院,—,—,—,—,location.address,皖西卫生职业学院: 六安市皋城中路406号,六安市皋城中路406号,02_简介,exact,1.0,text_major
3810,皖西学院,—,—,—,—,location.address,皖西学院: 安徽省六安市云露桥西月亮岛,"学校地址：安徽省六安市云露桥西月亮岛

邮编：237012",02_简介,exact,1.0,text_major
3408,蚌埠医科大学,—,—,—,—,location.address,龙子湖校区: 安徽省蚌埠市东海大道2600号 | 治淮校区: 安徽省蚌埠市治淮路801号 | 淮上校区: 安徽省蚌埠市龙华路633号 | 宏业校区: 安徽省蚌埠市宏业路220号 | 高铁校区: 安徽省蚌埠市高铁新区,蚌埠市东海大道2600号,02_简介,exact,1.0,text_major
3422,蚌埠学院,—,—,—,—,location.address,蚌埠学院: 安徽省蚌埠市曹山路1866号,安徽省蚌埠市曹山路1866号,02_简介,exact,1.0,text_major
3987,铜陵学院,—,—,—,—,location.address,翠湖校区: 安徽省铜陵市翠湖四路1335号 | 育秀校区: 安徽省铜陵市北京中路297号,"铜陵市北京中路297号 (育秀校区)  
铜陵市翠湖四路1335号（翠湖校区）",02_简介,exact,1.0,text_major
3426,马鞍山师范高等专科学校,—,—,—,—,location.address,雨山校区: 安徽省马鞍山市雨山区湖西中路85号 | 滨江校区: 安徽省马鞍山市和县禹锡南路369号,通讯地址：安徽省马鞍山市雨山区湖西中路85号马鞍山师专招生办 电话：0555-8215015 邮 编：243041,02_简介,exact,1.0,text_major
3564,三明医学科技职业学院,—,—,—,—,location.address,三元校区: 福建省三明市三元区高岩路6号 | 生态新城校区: 福建省三明市沙县金桥南路1号‌,福建省三明市三元区高岩路6号,02_简介,exact,1.0,text_major
3533,三明学院,—,—,—,—,location.address,三明学院: 福建省三明市荆东路25号,福建省三明市荆东路25号,02_简介,exact,1.0,text_major
0347,华侨大学,—,—,—,—,location.address,泉州校区: 福建省泉州市丰泽区城华北路269号 | 厦门校区: 福建省厦门市集美区集美大道668号,华侨大学招生处（福建省泉州市丰泽区城华北路269号） 邮编：362021,02_简介,exact,1.0,text_major
3519,厦门医学院,—,—,—,—,location.address,厦门医学院: 福建省厦门市集美区灌口中路1999号,福建省厦门市集美区灌口中路1999号,02_简介,exact,1.0,text_major
3547,厦门城市职业学院,—,—,—,—,location.address,前埔校区: 福建省厦门市思明区前埔南路1263号 | 斗西校区: 福建省厦门市思明区斗西路与禾祥西路交叉口北100米 | 禾祥校区: 福建省厦门市思明区禾祥西路98-98号,福建省厦门市思明区前埔南路1263号,02_简介,exact,1.0,text_major
3584,厦门海洋职业技术学院,—,—,—,—,location.address,思明校区: 福建省厦门市思明区体育路61号 | 翔安校区: 福建省厦门市翔安区洪钟大道4566号,厦门市思明区体育路61号(思明校区) ； 厦门市翔安区洪钟大道4566号(翔安校区) ； 【联系电话】0592-7769322 ， 7769288,02_简介,exact,1.0,text_major
3513,厦门理工学院,—,—,—,—,location.address,集美校区: 福建省厦门市集美区理工路600号 | 思明校区: 福建省厦门市思明区思明南路394号,福建省厦门市集美区理工路600号(邮政编码：361024）,02_简介,exact,1.0,text_major
3563,宁德职业技术学院,—,—,—,—,location.address,宁德职业技术学院: 福建省宁德市福安福泰路232号,福建省福安市学院路600号 邮编：355000,02_简介,exact,1.0,text_major
3509,武夷学院,—,—,—,—,location.address,武夷学院: 福建省武夷山市百花路358号,福建省武夷山市百花路358号,02_简介,exact,1.0,text_major
3540,宁德师范学院,—,—,—,—,location.address,东桥校区: 福建省宁德市东侨经济技术开发区学院路1号 | 蕉城校区: 福建省宁德市蕉城区蕉城南路98-1号,宁德市东侨经济技术开发区学院路1号,02_简介,exact,1.0,text_major
3559,泉州幼儿师范高等专科学校,—,—,—,—,location.address,校本部: 泉州市丰泽区嘉祥路801号 | 永春校区: 泉州市永春县城北环路389号,福建省泉州市丰泽区东海大街嘉祥路801号,02_简介,exact,1.0,text_major
3512,泉州师范学院,—,—,—,—,location.address,主校区: 福建省泉州市丰泽区东海大街398号 | 南安校区: 福建省泉州市南安市码头镇仙美街100号 | 鲤城校区: 福建省泉州市鲤城区金龙街道古店社区媒人桥路2号,福建省泉州市丰泽区东海大街398号,02_简介,exact,1.0,text_major
3568,泉州经贸职业技术学院,—,—,—,—,location.address,院本部校区: 福建省泉州市鲤城区南环路1129号 | 慈山分院校区: 泉州市安溪县湖头镇翠湖路135号 | 程居校区: 福建省泉州市鲤城区元福南路,学院地址:福建省泉州市鲤城区南环路1129号,02_简介,exact,1.0,text_major
3588,漳州卫生职业学院,—,—,—,—,location.address,漳州卫生职业学院: 福建省漳州市芗城区西洋坪路29号,福建省漳州市芗城区西洋坪路29号(邮编363000),02_简介,exact,1.0,text_major
3525,湄洲湾职业技术学院,—,—,—,—,location.address,涵江校区(校本部): 福建省莆田市涵江区梧塘镇荔涵东大道1001号 | 仙游校区: 福建省莆田市仙游县城区鲤北学府路新师范路1号,福建省莆田市涵江区梧塘荔涵东大道1001号，邮编：351119,02_简介,exact,1.0,text_major
3589,漳州城市职业学院,—,—,—,—,location.address,漳州城市职业学院: 漳州市芗城区西洋坪路27号,福建省漳州市西洋坪路27号,02_简介,exact,1.0,text_major
3558,漳州职业技术学院,—,—,—,—,location.address,漳州职业技术学院: 福建省漳州市大学路2号,福建省漳州市大学路2号,02_简介,exact,1.0,text_major
3502,福州大学,—,—,—,—,location.address,集美校区: 福建省厦门市集美区理工南路852号(361024) | 泉港校区: 福建省泉州市泉港区前黄镇驿峰西路 | 晋江校区: 福建省晋江市金井镇水城路1号 | 怡山校区: 福州市鼓楼区工业路532号福州大学怡山校区 | 厦门鼓浪屿校区: 福建省厦门市思明区康泰路151号,福建省福州市福州大学城乌龙江北大道2号（350116）,02_简介,exact,1.0,text_major
3587,福州职业技术学院,—,—,—,—,location.address,旗山校区: 福建省福州大学城联榕路8号 | 罗源校区: 福建省福州市罗源县松山镇西湾144号 | 长乐校区: 福建省福州市长乐区航城街道里仁工业园区厚德一号,福建省福州大学城联榕路8号,02_简介,exact,1.0,text_major
3522,福建中医药大学,—,—,—,—,location.address,旗山校区: 福建省福州市闽侯上街邱阳路1号 | 屏山校区: 福建省福州市五四路282号,福建省福州市闽侯上街邱阳路1号,02_简介,exact,1.0,text_major
3586,福建信息职业技术学院,—,—,—,—,location.address,龙腰校区: 福州市鼓楼区福飞南路106号 | 杜园校区: 福州市仓山区螺洲杜园118号 | 平潭校区: 福州市平潭综合实验区麒麟大道西段1号,福建省福州市鼓楼区福飞南路106号,02_简介,exact,1.0,text_major
3544,福建农业职业技术学院,—,—,—,—,location.address,相思岭校区: 福州市福清市镜洋镇红星村龟山116号 | 首山校区: 福州市仓山区上三路190号,通讯地址： 相思岭校区 福州市福清市镜洋镇红星村龟山116号(邮编:350303) 首山校区 福州市仓山区上三路190(邮编:350007）,02_简介,exact,1.0,text_major
3517,福建农林大学,—,—,—,—,location.address,福州金山校区: 福建省福州市仓山区上下店路15号 | 大学城旗山校区: 福建省福州市闽侯县溪源宫路63号 | 南平校区: 福建省南平市延平区新华路296号 | 安溪校区: 福建省泉州市安溪县东二环路中国茶博汇北1500米,"福建省福州市仓山区上下店路15号,福建农林大学招生办，邮编：350002",02_简介,exact,1.0,text_major
3516,福建医科大学,—,—,—,—,location.address,上街校区: 福建省福州市大学新区学府北路1号 | 台江校区: 福建省福州市交通路88号,"福州市大学新区学府北路1号（上街校区）(350122)
福州市交通路88号（台江校区）(350004)",02_简介,exact,1.0,text_major
3524,福建卫生职业技术学院,—,—,—,—,location.address,福建卫生职业技术学院: 福州市闽侯荆溪关口366号,福建省福州市闽侯荆溪关口366号  邮编：350101,02_简介,exact,1.0,text_major
3507,福建师范大学,—,—,—,—,location.address,仓山校区: 福建省福州市仓山区上三路8号 | 旗山校区: 福建省福州市闽侯县上街镇乌龙江中大道18号,福建省福州市仓山区上三路8号福建师范大学仓山校区(350007) 福建省福州市闽侯县上街镇乌龙江中大道18号福建师范大学旗山校区(350117),02_简介,exact,1.0,text_major
3585,福建水利电力职业技术学院,—,—,—,—,location.address,永安校区: 福建省永安市巴溪大道2199号 | 福州校区: 福建省福州市晋安区连江北路116-1号 | 黄历校区: 福建省三明市永安市南溪路1753-1号,福建省永安市巴溪大道2199号,02_简介,exact,1.0,text_major
3548,福建林业职业技术学院,—,—,—,—,location.address,天麟校区: 福建省南平市延平区金山路140号 | 江南校区: 福建省南平市延平区海瑞路1号,"福建省南平市延平区海瑞路1号（江南校区）
福建省南平市延平区金山路140号（天麟校区）",02_简介,exact,1.0,text_major
3541,福建江夏学院,—,—,—,—,location.address,主校区: 福建省福州地区大学新校区溪源宫路2号,"通讯地址：福建省福州地区大学新校区溪源宫路2号
邮编：350108",02_简介,exact,1.0,text_major
3538,福建电力职业技术学院,—,—,—,—,location.address,丰泽校区: 福建省泉州市丰泽区博东路329号 | 洛江校区: 福建省泉州市洛江区洛滨北路95号,"地址：福建省泉州市丰泽区博东路329号 邮编：362000 电话：0595-28005628,28005849 学院门户网址：www.fjdlzy.edu.cn",02_简介,exact,1.0,text_major
3552,福建船政交通职业学院,—,—,—,—,location.address,首山校区: 福州市仓山区首山路80号 | 排下校区: 福州市仓山区螺州杜园12号,地址：福建省福州市仓山区首山路80号，邮编：350007,02_简介,exact,1.0,text_major
3577,闽北职业技术学院,—,—,—,—,location.address,闽北职业技术学院: 福建省南平市江南新区职教园区海瑞路9号,福建省南平市延平区江南新区职教园区海瑞路9号,02_简介,exact,1.0,text_major
3511,莆田学院,—,—,—,—,location.address,学园校区: 福建省莆田市城厢区学园中街1133号 | 紫霄校区: 福建省莆田市荔城区西天尾镇紫霄东路2121号,"福建省莆田市城厢区学园中街1133号
莆田学院招生办

邮政编码：351100",02_简介,exact,1.0,text_major
3510,闽南师范大学,—,—,—,—,location.address,江滨校区: 福建省漳州市芗城区县前直街36号 | 圆山校区: 福建省漳州市高新区圆山大道顶厝188号,福建省漳州市芗城区县前直街36号,02_简介,exact,1.0,text_major
3508,闽江大学,—,—,—,—,location.address,校本部: 福建省福州市大学城溪源宫路200号 | 工业路校区: 福建省福州市工业路333号 | 首山校区: 福建省福州市仓山区首山路260号 | 洪塘校区: 福建省福州市仓山区洪塘路,联系地址：福州市大学城溪源宫路200号；联系电话：0591-83761856，83760910；网址：https://zsb.mju.edu.cn；邮箱：mjzsb@163.com。,02_简介,exact,1.0,text_major
3545,闽江师范高等专科学校,—,—,—,—,location.address,旗山校区: 福建省福州市上街大学城学府南路1号 | 仓山校区: 福建省福州市仓山区城门镇城山100号 | 福清校区: 福建省福清市海口镇新山路1号 | 甘蔗校区: 闽侯县甘蔗街道英洲路80号,福州市闽侯县上街镇大学城学府南路1号（福建师大南门对面）,02_简介,exact,1.0,text_major
3515,集美大学,—,—,—,—,location.address,集美大学: 厦门集美学村(厦门市集美区银江路185号),福建省厦门市集美区银江路185号,02_简介,exact,1.0,text_major
3546,闽西职业技术学院,—,—,—,—,location.address,主校区: 福建省龙岩市新罗区曹溪街道闽大路8号 | 天马校区: 福建省龙岩市新罗区曹溪街道莲南路346号 | 汀州校区: 福建省龙岩市长汀县策武镇稀精工小镇 | 虎岭校区: 福建省龙岩市新罗区中城陵园路90号,福建省龙岩市新罗区曹溪街道闽大路8号,02_简介,exact,1.0,text_major
3537,龙岩学院,—,—,—,—,location.address,龙岩学院: 福建省龙岩市东肖北路1号,福建省龙岩市新罗区东肖北路1号,02_简介,exact,1.0,text_major
3598,黎明职业大学,—,—,—,—,location.address,丰泽校区: 泉州市丰泽区通港西街298号 | 鲤城校区: 泉州市鲤城区中山北路42号 | 洛江校区: 泉州市洛江区河市镇白洋村,福建省泉州市丰泽区通港西街298号,02_简介,exact,1.0,text_major
3613,上饶师范学院,—,—,—,—,location.address,主校区: 江西省上饶市信州区志敏大道401号 | 弋阳校区: 江西省上饶市弋阳县弋江街道式平路21号,"学校地址：江西省上饶市志敏大道401号 上饶师范学院招生就业处
邮政编码：334001",02_简介,exact,1.0,text_major
3602,东华理工大学,—,—,—,—,location.address,南昌校区: 江西省南昌市经开区广兰大道418号 | 抚州校区: 江西省抚州市学府路56号,地 址：江西省南昌市经济技术开发区广兰大道418号（330013） 江西省南昌市经济技术开发区枫林大道892号（330013） 江西省抚州市学府路56号（344000） 电 话：0791-83897952 83898005 传 真：0791-83898005 网 址：https://www.ecut.edu.cn,02_简介,exact,1.0,text_major
3671,上饶职业技术学院,—,—,—,—,location.address,上饶职业技术学院: 江西省上饶市旭日北大道358号(广信区罗桥),江西省上饶市广信区旭日北大道358号,02_简介,exact,1.0,text_major
3642,九江学院,—,—,—,—,location.address,主校区: 江西省九江市前进东路551号 | 浔东校区: 江西省九江市浔阳区浔阳东路320号 | 庐峰校区: 江西省九江市浔阳区庐峰路17号,江西省九江市前进东路551号,02_简介,exact,1.0,text_major
3646,九江职业大学,—,—,—,—,location.address,濂溪校区: 江西省九江市濂溪大道88号 | 鹤问湖校区: 江西省九江市九瑞大道91号,地址：江西省九江市濂溪大道88号（濂溪校区）　　九江市九瑞大道91号（鹤问湖校区）,02_简介,exact,1.0,text_major
3616,井冈山大学,—,—,—,—,location.address,青原校区: 江西省吉安市青原区学苑路28号 | 吉福校区: 江西省吉安市吉州区吉福路23号 | 长岗校区: 江西省吉安市吉州区长岗北路25号,江西省吉安市青原区学苑路28号,02_简介,exact,1.0,text_major
3601,华东交通大学,—,—,—,—,location.address,华东交通大学: 江西省南昌市经济技术开发区双港东大街808号,江西省南昌市经济技术开发区双港东大街808号,02_简介,exact,1.0,text_major
3695,南昌医学院,—,—,—,—,location.address,湾里新校区(主校区): 江西省南昌湾里梅岭大道1689号 | 小蓝校区: 江西省南昌小蓝经开区汇仁大道689号,江西省南昌市小蓝经开区汇仁大道689号    邮编：330052,02_简介,exact,1.0,text_major
3620,南昌大学,—,—,—,—,location.address,前湖校区: 江西省南昌市红谷滩新区学府大道999号 | 东湖校区: 江西省南昌市八一大道461号 | 青山湖校区北区: 江西省南昌市南京东路235号 | 青山湖校区南区: 江西省南昌市青山湖区北京东路339号,学校主校区地址：江西省南昌市红谷滩区学府大道999号 邮编：330031,02_简介,exact,1.0,text_major
3603,南昌航空大学,—,—,—,—,location.address,前湖校区: 南昌市丰和南大道696号 | 上海路校区: 南昌市上海路173号 | 共青城校区: 九江市共青城市青年大道69号,联系单位：南昌航空大学招生办公室 通信地址：江西省南昌市红谷滩区丰和南大道696号 邮编：330063 联系电话：0791-83957505、83863967、83863927 传真：0791-83863967,02_简介,exact,1.0,text_major
3670,吉安职业技术学院,—,—,—,—,location.address,校本部: 江西省吉安市吉州区吉安南大道133号 | 井冈山数字经济产业学院: 江西省吉安市井冈山市红军大道88号 | 木林森产业学院: 江西省吉安市吉安县国家井冈山经济技术开发区南塘路269号,江西省吉安市中心城区吉安南大道133号,02_简介,exact,1.0,text_major
3636,宜春学院,—,—,—,—,location.address,学府校区: 江西省宜春市学府路576号 | 厚德校区: 宜春市袁州区厚德路6号 | 北校区: 江西省宜春市宜春北路128号,校址： （1）校本部：江西省宜春市袁州区学府路576号 （2）厚德校区：江西省宜春市袁州区厚德路6号 （3）北校区：江西省宜春市袁州区宜春北路128号,02_简介,exact,1.0,text_major
3685,宜春职业技术学院,—,—,—,—,location.address,老校区: 江西省宜春市中心城区中山西路399号 | 新校区: 江西省宜春市锦绣大道996号,江西省宜春市中山西路399号,02_简介,exact,1.0,text_major
3625,宜春幼儿师范高等专科学校,—,—,—,—,location.address,宜春校区: 江西省宜春市袁州区锦绣大道1699号,宜春市新校区：江西省宜春市袁州区锦绣大道1699号（宜春花博园对面）,02_简介,exact,1.0,text_major
3645,抚州职业技术学院,—,—,—,—,location.address,抚州职业技术学院: 抚州市东临路276号,江西省抚州市临川大道,02_简介,exact,1.0,text_major
3641,新余学院,—,—,—,—,location.address,新余学院: 江西省新余市高新区阳光大道2666号,"地址：江西省新余市高新区阳光大道2666号
邮编：338004",02_简介,exact,1.0,text_major
3605,景德镇陶瓷大学,—,—,—,—,location.address,湘湖校区: 江西省景德镇市湘湖路99号 | 新厂校区: 江西省景德镇市珠山区陶阳南路27号,"通信地址：江西省景德镇市湘湖景德镇陶瓷大学招生办

邮政编码：333403",02_简介,exact,1.0,text_major
3609,江西中医药大学,—,—,—,—,location.address,江西中医药大学: 江西省南昌市新建区梅岭大道1688号,江西省南昌市新建区梅岭大道1688号,02_简介,exact,1.0,text_major
3951,江西交通职业技术学院,—,—,—,—,location.address,经开区校区: 南昌经济技术开发区双港东大街644支路395号 | 新建区校区: 南昌市新建区西山镇,南昌经济技术开发区双港东大街644支路395号,02_简介,exact,1.0,text_major
3664,江西信息应用职业技术学院,—,—,—,—,location.address,校本部: 南昌市青云谱区气象路58号 | 万通校区: 江西省南昌市小蓝国家经济技术开发区小蓝大道98号,江西省南昌市青云谱区气象路58号,02_简介,exact,1.0,text_major
3651,江西传媒职业学院,—,—,—,—,location.address,蒋巷校区: 南昌市蒋巷西大道266号 | 青山湖校区: 南昌市青山湖区江大南路193号,江西省南昌市蒋巷西大道266号,02_简介,exact,1.0,text_major
3607,江西农业大学,—,—,—,—,location.address,江西农业大学: 江西省南昌经济技术开发区志敏大道1101号,地址：江西省南昌市经济技术开发区江西农业大学招生就业处 邮政编码：330045,02_简介,exact,1.0,text_major
3665,江西农业工程职业学院,—,—,—,—,location.address,江西农业工程职业学院: 江西省樟树市四特大道266号,江西省樟树市四特大道266号,02_简介,exact,1.0,text_major
3678,江西冶金职业技术学院,—,—,—,—,location.address,仙女湖校区: 江西省新余市仙女湖风景区仙女湖大道2228号 | 河下校区: 江西省新余市仙女湖区,江西省新余市仙女湖风景区仙女湖大道2228号,02_简介,exact,1.0,text_major
3672,江西制造职业技术学院,—,—,—,—,location.address,艾溪湖校区: 江西省南昌市紫阳大道318号 | 上海路校区: 江西省南昌市青云谱区上海南路168号 | 丁公路校区: 江西省南昌市西湖区丁公路125号,学校地址:艾溪湖校区:江西省南昌市紫阳大道318号 上海路校区:江西省南昌市青云谱区上海南路168号,02_简介,exact,1.0,text_major
3621,江西医学高等专科学校,—,—,—,—,location.address,三江校区: 江西省上饶市信州区志敏大道399号 | 书院路校区: 江西省上饶市信州区书院路88号,联系地址：江西省上饶市信州区志敏大道399号 联系电话：0793-7089428 7089418 网址：http://www.jxyxgz.cn 网上咨询：“江西医专招生就业处”小程序 ，联系我们->在线问答,02_简介,exact,1.0,text_major
3657,江西司法警官职业学院,—,—,—,—,location.address,江西司法警官职业学院: 江西省南昌市昌北开发区长青路76号,江西省南昌市昌北开发区长青路76号,02_简介,exact,1.0,text_major
3956,江西婺源茶业职业学院,—,—,—,—,location.address,江西婺源茶业职业学院: 江西省婺源县源头新区思口路88号,江西省上饶市婺源县思口路88号,02_简介,exact,1.0,text_major
3652,江西工业工程职业技术学院,—,—,—,—,location.address,江西工业工程职业技术学院: 江西省萍乡市经济开发区玉湖东路106号,江西省萍乡市经济开发区玉湖东路106号,02_简介,exact,1.0,text_major
3658,江西工业职业技术学院,—,—,—,—,location.address,青山湖校区: 南昌市青山湖大道1988号 | 瑶湖校区: 南昌市高新区天祥大道388号 | 高新校区: 南昌市青山湖区学院路139号 | 化工校区: 江西省南昌市东郊江西氨厂侧,南昌市昌东高校园区天祥大道388号（瑶湖校区）,02_简介,exact,1.0,text_major
3623,江西工业贸易职业技术学院,—,—,—,—,location.address,江西工业贸易职业技术学院: 江西省南昌市红谷滩新区红角洲嘉言路699号,江西省南昌市红谷滩区红角洲高校园区嘉言路699号,02_简介,exact,1.0,text_major
3611,江西师范大学,—,—,—,—,location.address,瑶湖校区: 江西省南昌市紫阳大道99号 | 青山湖校区: 江西省南昌市北京西路437号,江西省南昌市紫阳大道99号江西师范大学招生办（瑶湖校区）,02_简介,exact,1.0,text_major
3952,江西工程职业学院,—,—,—,—,location.address,京山校区: 江西省南昌市青云谱区京山南路23号 | 人武校区: 青云谱区迎宾北大道1356号 | 莲塘校区: 南昌县斗柏路368号 | 宜春校区: 宜春市袁州区环城南路199号 | 进贤校区: 南昌市进贤县胜利中路98号,1.江西省南昌市青云谱区京山南路23号 2.江西省南昌市南昌县斗柏路368号 3.江西省南昌市青云谱区京山南路23号,02_简介,exact,1.0,text_major
3648,江西师范高等专科学校,—,—,—,—,location.address,江西师范高等专科学校: 江西省鹰潭市信江新区滨江东路1号,联系地址：江西省鹰潭市信江新区滨江东路1号 邮政编码：335000,02_简介,exact,1.0,text_major
3643,江西应用工程职业学院,—,—,—,—,location.address,江西应用工程职业学院: 江西省萍乡市安源区,江西省萍乡市安源区,02_简介,exact,1.0,text_major
3660,江西建设职业技术学院,—,—,—,—,location.address,小蓝校区: 江西省南昌小蓝经济开发区汇仁大道999号 | 红谷滩校区: 江西省南昌市昌北庐山南大道1659号 | 昌南校区: 江西省南昌市南昌县莲塘南大道831号 | 经开校区: 江西省南昌市经济技术开发区黄家湖西路1588号,江西省南昌小蓝经济开发区汇仁大道999号,02_简介,exact,1.0,text_major
3669,江西应用技术职业学院,—,—,—,—,location.address,江西应用技术职业学院: 江西省赣州市蓉江新区文峰路9号,章贡校区地址：江西省赣州市红旗大道27号； 黄金校区地址：江西赣州市蓉江新区高校园区文峰路9号,02_简介,exact,1.0,text_major
3635,江西机电职业技术学院,—,—,—,—,location.address,下罗校区: 江西省南昌市昌北开发区枫林东大街168号 | 青云谱校区: 江西省南昌市青云谱区迎宾北大道459号 | 赣新校区: 江西省赣江新区永修组团湖东新区样式雷大道1号,南昌市昌北开区枫林大道168号,02_简介,exact,1.0,text_major
3633,江西水利电力大学,—,—,—,—,location.address,瑶湖校区: 江西省南昌市高新技术开发区天祥大道289号 | 彭家桥校区: 江西省北京东路59号,南昌市高新技术开发区天祥大道289号,02_简介,exact,1.0,text_major
3663,江西环境工程职业学院,—,—,—,—,location.address,章贡校区: 江西省赣州市经开区东江源大道555号 | 龙南校区: 江西省赣州市龙南市东江镇赣粤大道1号,江西省赣州市经济技术开发区东江源大道555号,02_简介,exact,1.0,text_major
3650,江西水利职业学院,—,—,—,—,location.address,白水湖校区: 江西省南昌市经济技术开发区北山路99号 | 赣江新区湖东校区: 赣江新区永修组团湖东新区纵一路1号,江西省南昌市新建区北山路99号,02_简介,exact,1.0,text_major
3681,江西现代职业技术学院,—,—,—,—,location.address,艾溪湖校区: 江西省南昌市紫阳大道338号 | 青山湖校区: 江西省南昌市顺外路388号,江西省南昌市昌东大学园区紫阳大道338号。,02_简介,exact,1.0,text_major
3966,江西电力职业技术学院,—,—,—,—,location.address,江西电力职业技术学院: 江西省南昌市昌北经济开发区海棠南路268号,江西省南昌市昌北经济开发区海棠南路268号,02_简介,exact,1.0,text_major
3662,江西生物科技职业学院,—,—,—,—,location.address,江西生物科技职业学院: 江西省南昌市莲塘北大道1636号,江西省南昌市青云谱区莲塘北大道1636号,02_简介,exact,1.0,text_major
3604,江西理工大学,—,—,—,—,location.address,红旗校区: 江西省赣州市红旗大道86号 | 黄金校区: 江西省赣州市客家大道156号 | 三江校区: 江西省赣州市客家大道1958号 | 南昌校区: 江西省南昌市昌北开发区双港东大街1180号,招生咨询电话：0797-8312508 邮 箱：07978312088@jxust.edu.cn 地 址：江西省赣州市客家大道1958号江西理工大学（三江校区） 邮编：341000,02_简介,exact,1.0,text_major
3634,江西科技师范大学,—,—,—,—,location.address,枫林校区: 江西省南昌市昌北经济开发区枫林大道605号 | 红角洲校区: 江西省南昌市红角洲学府大道589号,"1、江西省南昌市红角洲学府大道589号（红角洲校区）  江西科技师范大学  邮政编码：330038
2、江西省南昌市枫林大道605号（枫林校区）  江西科技师范大学   邮政编码：330013",02_简介,exact,1.0,text_major
3644,江西警察学院,—,—,—,—,location.address,江西警察学院: 江西省南昌市新建区梅岭大道1666号,江西省南昌市新建区梅岭大道1666号,02_简介,exact,1.0,text_major
3618,江西财经大学,—,—,—,—,location.address,蛟桥园校区: 江西省南昌市昌北国家经济技术开发区双港东大街169号 | 麦庐园校区: 江西省南昌市昌北国家经济技术开发区玉屏大道 | 枫林园校区: 江西省南昌市昌北国家经济技术开发区枫林大道632号 | 青山园校区: 江西省南昌市青山南路596号,江西省南昌市经济技术开发区双港东路168号,02_简介,exact,1.0,text_major
3668,江西财经职业学院,—,—,—,—,location.address,九江校区/校本部: 江西省九江市浔阳区青年路96号 | 南昌校区: 江西省南昌市进贤钟陵路61号 | 八里湖校区: 江西省九江市柴桑区青荷路与八里湖大道交叉路口往北约50米,江西省九江市青年路96号（浔阳校区） 江西省九江市八里湖新区八里湖大道216号（八里湖校区）,02_简介,exact,1.0,text_major
3679,江西青年职业学院,—,—,—,—,location.address,江西青年职业学院: 江西省南昌市昌北国家经济技术开发区志敏大道1458号,志敏校区:江西省南昌市昌北经济技术开发区方志敏大道1458号 九龙湖教育基地:江西省南昌市红谷滩九龙湖大道888号,02_简介,exact,1.0,text_major
3619,江西飞行学院,—,—,—,—,location.address,吉安桐坪校区: 江西省吉安市吉安县桐坪镇政府旁边 | 南昌卧龙校区: 南昌市红角洲卧龙路269号,咨询部门：学校招生就业处 咨询地址：江西省南昌市红角洲卧龙路269号 （邮编：330088） 咨询电话：0791-83956683,02_简介,exact,1.0,text_major
3955,萍乡卫生职业学院,—,—,—,—,location.address,萍乡卫生职业学院: 江西省萍乡市安源区武功山中大道333号,江西省萍乡市安源区武功山中大道333号,02_简介,exact,1.0,text_major
3632,萍乡学院,—,—,—,—,location.address,萍乡学院: 江西省萍乡市萍安北大道211号,"江西省萍乡市萍安中大道211号

邮政编码：337055",02_简介,exact,1.0,text_major
3637,豫章师范学院,—,—,—,—,location.address,红角洲校区: 南昌市红谷滩区梅岭大道1999号 | 湾里校区: 南昌市湾里区紫清路11号,南昌市梅岭大道1999号    邮编：330103,02_简介,exact,1.0,text_major
3694,赣东学院,—,—,—,—,location.address,赣东学院: 江西省抚州市临川区国恩大道666号,江西省抚州市临川区国恩大道666号 邮编：344100,02_简介,exact,1.0,text_major
3610,赣南医科大学,—,—,—,—,location.address,黄金校区: 江西省赣州市蓉江新区和谐大道1号 | 章贡校区: 江西省赣州市章贡区医学院路1号 | 龙南校区: 江西省赣州市龙南市外环路1号,通讯地址：江西省赣州市蓉江新区高校园区　 邮编：341000,02_简介,exact,1.0,text_major
3647,赣南卫生健康职业学院,—,—,—,—,location.address,赣南卫生健康职业学院: 江西省赣州市蓉江新区,江西省赣州市蓉江新区高校区飞扬大道赣南卫生健康职业学院,02_简介,exact,1.0,text_major
3691,赣南科技学院,—,—,—,—,location.address,赣南科技学院: 江西省赣州市客家大道156号,江西省赣州市客家大道156号,02_简介,exact,1.0,text_major
3615,赣南师范大学,—,—,—,—,location.address,蓉江校区: 江西省赣州市蓉江新区师大南路1号 | 章贡校区: 江西省赣州市章贡区红旗大道61号 | 白塔校区: 江西省赣州市狮子岩大道,江西省赣州市蓉江新区师大南路1号（341000）,02_简介,exact,1.0,text_major
3629,赣州职业技术学院,—,—,—,—,location.address,赣州职业技术学院: 江西省赣州经济技术开发区新能源汽车科技城唐凤大道6号,学校地址：江西省赣州市经济技术开发区赣州新能源汽车城科技城内 教务处招生办公室咨询电话：0797-8069995、8069935 电子邮箱：gzzyjsxyzjc@163.com 学校网址：www.gzpt.edu.cn,02_简介,exact,1.0,text_major
3763,东营职业学院,—,—,—,—,location.address,东营职业学院: 山东省东营市府前大街129号,地址：山东省东营市东营经济技术开发区府前大街129号 邮编：257091 电话：0546-8060069,02_简介,exact,1.0,text_major
0043,中国海洋大学,—,—,—,—,location.address,崂山校区: 山东省青岛市崂山区松岭路238号 | 鱼山校区: 山东省青岛市鱼山路5号 | 浮山校区: 山东省青岛市香港东路23号 | 西海岸校区: 青岛市三沙路1299号,"地址：山东省青岛市松岭路238号

邮编：266100",02_简介,exact,1.0,text_major
0044,中国石油大学(华东),—,—,—,—,location.address,青岛校区: 青岛市黄岛区长江西路66号 | 东营校区: 山东省东营市东营区北一路739号 | 古镇口校区: 山东省青岛市黄岛区海军路6号,通信地址：山东省青岛市黄岛区长江西路66号   邮编：266580,02_简介,exact,1.0,text_major
3711,临沂大学,—,—,—,—,location.address,临沂大学: 山东省临沂市兰山区工业大道北段西侧,地址：山东省临沂市兰山区双岭路中段；邮编：276000,02_简介,exact,1.0,text_major
3762,威海职业学院,—,—,—,—,location.address,威海职业学院: 山东省威海市科技新城,"山东省威海市科技新城（初村北海）
邮政编码:264210",02_简介,exact,1.0,text_major
3732,临沂科技职业学院,—,—,—,—,location.address,临沂科技职业学院: 山东省临沂市沂河新区澳门路1号,山东省临沂市沂河新区分金台路1号,02_简介,exact,1.0,text_major
3728,山东中医药大学,—,—,—,—,location.address,长清校区: 山东省济南市长清区大学科技园大学路4655号 | 千佛山校区: 山东省济南市经十路16369号 | 国际医学中心: 山东省济南市槐荫区济齐路295号,山东省济南市长清区大学科技园大学路4655号,02_简介,exact,1.0,text_major
3745,山东中医药高等专科学校,—,—,—,—,location.address,烟台校区: 山东省烟台市牟平区滨海东路508号 | 莱阳校区: 山东省莱阳市文化路88号,山东省烟台市牟平区滨海东路508号,02_简介,exact,1.0,text_major
3792,山东传媒职业学院,—,—,—,—,location.address,章丘校区: 山东省济南市经十东路8678号 | 文东校区: 山东省济南市文化东路18号,山东济南市经十东路8678号（校本部） 山东济南市文化东路18号（文东校区）,02_简介,exact,1.0,text_major
3771,山东交通职业学院,—,—,—,—,location.address,主校区: 山东省潍坊市渤海路7369号 | 泰安校区: 山东省泰安市岱岳区天平湖路26号,山东省潍坊市渤海路7369号,02_简介,exact,1.0,text_major
3759,山东信息职业技术学院,—,—,—,—,location.address,山东省潍坊市奎文区东风东街7494号 | 滨海校区: 山东省潍坊市滨海经济开发区智慧南三街777号,奎文校区：山东省潍坊市奎文区东风东街7494号（东风东街与北海路交叉口西南侧） 滨海校区：山东省潍坊滨海经济开发区科教创新区智慧南三街777号,02_简介,exact,1.0,text_major
3740,山东农业大学,—,—,—,—,location.address,北校区: 山东省泰安市岱宗大街61号 | 南校区: 山东省泰安市泮河大街7号,山东省泰安市岱宗大街61号,02_简介,exact,1.0,text_major
3744,山东农业工程学院,—,—,—,—,location.address,济南校区: 山东省济南市历城区农干院路866号 | 北校区: 山东省德州市齐河县齐晏大街699号 | 淄博校区: 山东省淄博市周村区鲁泰大道西路6666号,招生咨询电话：0531-88913864 0531-85593864 济南校区：济南市历城区农干院路866号 邮编：250100 淄博校区：山东淄博市周村区鲁泰大道6666号 邮编：255300,02_简介,exact,1.0,text_major
3984,山东化工职业学院,—,—,—,—,location.address,山东化工职业学院: 潍坊滨海经济技术开发区汉江东三街01177号,山东省潍坊市滨海经济技术开发区汉江东一街03699号,02_简介,exact,1.0,text_major
3774,山东商务职业学院,—,—,—,—,location.address,烟台校区: 山东省烟台市高新区海兴路15号 | 济南校区: 山东省济南市历城区闵子骞路24号,山东省烟台市高新区海兴路15号,02_简介,exact,1.0,text_major
3751,山东商业职业技术学院,—,—,—,—,location.address,山东商业职业技术学院: 山东省济南市旅游路4516号,学校联系方式： 招生咨询电话：0531-86335555 招生监督电话：0531-86335171 学校网址：https://www.sict.edu.cn 学校招生信息网网址：https://www.sict.edu.cn/jg_zsxx/ 电子邮箱：sdsyzs@163.com 通信地址：山东省济南市旅游路4516号 邮政编码：250103,02_简介,exact,1.0,text_major
3753,山东城市建设职业学院,—,—,—,—,location.address,山东城市建设职业学院: 山东省济南市旅游路东首4657号,山东济南市旅游路东首4657号,02_简介,exact,1.0,text_major
0042,山东大学,—,—,—,—,location.address,中心校区: 山东省济南市山大南路27号 | 洪家楼校区: 山东省济南市洪家楼5号 | 趵突泉校区: 山东省济南市历下区文化西路44号 | 千佛山校区: 山东省济南市经十路17923号 | 软件园校区: 山东省济南市舜华路1500号 | 兴隆山校区: 山东省济南市二环东路12550号 | 威海校区: 山东省威海市文化西路180号 | 青岛校区: 山东省青岛市即墨滨海路72号,山东省济南市山大南路27号,02_简介,exact,1.0,text_major
3758,山东外贸职业学院,—,—,—,—,location.address,青岛北校区: 青岛市李沧区巨峰路201号 | 青岛南校区: 青岛市市南区江西路62号 | 泰安校区: 泰安市岱岳区金牛山路57号,"招生办公室
联系地址：山东省青岛市李沧区李沧区巨峰路201号


邮政编码：266100
咨询电话：0532-55761001 55761002

学院网址：http://www.sdwm.cn  http://www.sdwm.edu.cn

招生网网址：http:// zs.sdwm.cn",02_简介,exact,1.0,text_major
3750,山东女子学院,—,—,—,—,location.address,长清校区: 中国山东济南市长清大学科技园大学路2399号 | 玉函校区: 中国山东济南市玉函路45号,招生办地址：济南市长清大学科技园大学路2399号（长清校区）  邮编：250300,02_简介,exact,1.0,text_major
3725,山东工商学院,—,—,—,—,location.address,山东工商学院: 山东省烟台市莱山区滨海中路191号,山东省烟台市莱山区滨海中路191号,02_简介,exact,1.0,text_major
3704,山东政法学院,—,—,—,—,location.address,茂岭校区: 山东省济南市解放东路63号 | 南校区: 山东省济南市二环东路5598号 | 西校区: 山东省济南市文化东路50号,山东政法学院地址：山东省济南市历下区解放东路63号。 邮政编码：250014,02_简介,exact,1.0,text_major
3764,山东旅游职业学院,—,—,—,—,location.address,山东旅游职业学院: 济南市经十东路3556号,济南市经十东路3556号,02_简介,exact,1.0,text_major
3756,山东服装职业学院,—,—,—,—,location.address,山东服装职业学院: 山东省泰安市天烛峰路299号,山东省泰安市天烛峰路299号,02_简介,exact,1.0,text_major
3748,山东水利职业学院,—,—,—,—,location.address,山东水利职业学院: 山东省日照市学苑路677号,山东省日照市学苑路677号,02_简介,exact,1.0,text_major
3739,山东理工大学,—,—,—,—,location.address,西校区: 山东省淄博市张店区新村西路266号 | 东校区: 山东省淄博市张店区共青团西路88号,山东省淄博市张店区新村西路266号,02_简介,exact,1.0,text_major
3741,山东理工职业学院,—,—,—,—,location.address,济宁校区: 山东省济宁市太白湖新区荷花路6号 | 嘉祥校区: 山东省济宁市嘉祥县嘉祥街道洪山路 | 鱼台校区: 山东省济宁市鱼台县新城稻改路,山东省济宁市太白湖新区济宁大道37号,02_简介,exact,1.0,text_major
3752,山东畜牧兽医职业学院,—,—,—,—,location.address,山东畜牧兽医职业学院: 潍坊市胜利东街88号,山东省潍坊市胜利东街88号（261601）,02_简介,exact,1.0,text_major
3798,山东石油化工学院,—,—,—,—,location.address,山东石油化工学院: 山东省东营市东营区北二路271号,"山东省东营市北二路271号
山东石油化工学院招生办公室
邮编：257061",02_简介,exact,1.0,text_major
3703,山东科技大学,—,—,—,—,location.address,青岛校区: 青岛市黄岛区前湾港路579号 | 泰安校区: 泰安市泰山区岱宗大街223号和泰安市岱岳区凤凰路79号 | 济南校区: 济南市天桥区胜利庄路17号,学校在青岛、泰安、济南三地办学，主校区在青岛。 青岛校区位于青岛市黄岛区前湾港路579号； 泰安校区位于泰安市泰山区岱宗大街223号和泰安市岱岳区泰山大街中段； 济南校区位于济南市天桥区胜利庄路17号。,02_简介,exact,1.0,text_major
3812,山东第一医科大学,—,—,—,—,location.address,济南校区: 山东省济南市槐荫区青岛路6699号 | 泰安校区: 山东省泰安市长城路619号,山东省济南市槐荫区青岛路6699号（济南主校区） 山东省泰安市长城路619号(泰安长城路校区）,02_简介,exact,1.0,text_major
3709,山东第二医科大学,—,—,—,—,location.address,浮烟山校区: 山东省潍坊市宝通西街7166号 | 虞河校区: 山东省潍坊市胜利东街4948号,山东省潍坊市宝通西街7166号山东第二医科大学教务处 邮编：261053,02_简介,exact,1.0,text_major
3767,山东职业学院,—,—,—,—,location.address,山东职业学院: 山东省济南市经十东路23000号,学院地址：山东省济南市经十东路23000号,02_简介,exact,1.0,text_major
3726,山东航空学院,—,—,—,—,location.address,山东航空学院: 山东省滨州市黄河五路391号,山东省滨州市黄河五路391号,02_简介,exact,1.0,text_major
3720,山东财经大学,—,—,—,—,location.address,燕山校区: 济南市二环东路7366号 | 舜耕校区: 济南市舜耕路40号 | 圣井校区: 济南市经十东路18602号,"舜耕校区：济南市舜耕路40号  邮编：250014 
燕山校区：济南市二环东路7366号  邮编：250014  
圣井校区：济南市经十东路18602号  邮编：250220  
明水校区：济南市经十东路东首大学路1686号  邮编：250202
莱芜校区：莱芜市高新技术产业开发区山财大街5号  邮编：271199",02_简介,exact,1.0,text_major
3733,山东青年政治学院,—,—,—,—,location.address,山东青年政治学院: 山东省济南市经十东路31699号,地址：山东省济南市经十东路31699号 邮编：250103,02_简介,exact,1.0,text_major
3788,山东轻工职业学院,—,—,—,—,location.address,山东轻工职业学院: 山东省淄博市周村区米山路30号,招生热线： 0533-6811618；6825887；6810018 传真号码： 0533-6811918 公务邮箱： sdqgzyxyzsjybgs@zb.shandong.cn 招生咨询QQ： 690656632 招生咨询QQ群： 478221885 学校地址： 山东省淄博市周村区米山路30号 邮政编码： 255300,02_简介,exact,1.0,text_major
3742,山东铝业职业学院,—,—,—,—,location.address,淄博校区: 山东省淄博市张店区南定镇山铝花园路8号 | 威海校区: 山东省威海市南海新区金海路118号,咨询热线：0631—3793001  3793002 学校地址：山东省威海市南海新区金海路118号 邮    编：264400,02_简介,exact,1.0,text_major
3761,日照职业技术大学,—,—,—,—,location.address,卧龙山校区: 山东省日照市东港区烟台北路16号 | 天台山校区: 山东省日照市东港区海洋大道与滨海七路交汇处,山东省日照市烟台北路16号,02_简介,exact,1.0,text_major
3707,曲阜师范大学,—,—,—,—,location.address,曲阜校区: 曲阜市静轩西路57号 | 日照校区: 日照市烟台北路80号,山东省曲阜市静轩西路57号,02_简介,exact,1.0,text_major
3714,泰山学院,—,—,—,—,location.address,校本部: 泰安市东岳大街525号 | 南校区: 泰安市高新技术开发区凤天路789号,山东省泰安市东岳大街525号,02_简介,exact,1.0,text_major
3976,枣庄职业学院,—,—,—,—,location.address,枣庄职业学院: 枣庄市祁连山路2169号,学院地址：山东省枣庄市祁连山路2169号 邮政编码：277800 联系电话：0632-8699266  8699366  学院网址：https://www.sdzzvc.edu.cn/ 邮  箱：sdzzvc@126.com,02_简介,exact,1.0,text_major
3972,枣庄科技职业学院,—,—,—,—,location.address,枣庄科技职业学院: 山东省滕州市学院中路888号,学校地址：山东省滕州市学院东路888号，邮政编码：277599，招生热线：0632－5650569　5391919,02_简介,exact,1.0,text_major
3701,济南大学,—,—,—,—,location.address,主校区: 山东省济南市南辛庄西路336号 | 舜耕校区: 山东省济南市舜耕路13号 | 明水校区: 山东省济南市经十东路6866号,通讯地址：主校区： 山东省济南市南辛庄西路336号 舜耕校区：山东省济南市舜耕路13号,02_简介,exact,1.0,text_major
3820,泰山职业技术学院,—,—,—,—,location.address,泰山职业技术学院: 泰安市天烛峰路281号,山东省泰安市天烛峰路281号,02_简介,exact,1.0,text_major
3770,济南护理职业学院,—,—,—,—,location.address,济南护理职业学院: 济南市历城区港西路3636号,"地址：济南市历城区港西路3636号 联系电话：0531-58164412，59532205,59822206",02_简介,exact,1.0,text_major
3816,济南幼儿师范高等专科学校,—,—,—,—,location.address,长清校区: 山东省济南市长清大学科技园丹桂路2011号 | 明湖校区: 山东省济南市明湖西路817号,山东省济南市长清大学科技园丹桂路2011号,02_简介,exact,1.0,text_major
3716,济宁学院,—,—,—,—,location.address,曲阜主校区: 济宁市曲阜市杏坛路1号 | 应用型人才培养基地校区: 济宁市任城区海川路16号 | 兖州校区: 济宁市兖州区西御桥南路346号 | 鼓楼校区: 济宁市曲阜市鼓楼南街11号 | 常青路校区: 济宁市任城区常青路13号,山东省曲阜市杏坛路1号 电话：0537-3196209 / 3196696 邮编：273155,02_简介,exact,1.0,text_major
3710,济宁医学院,—,—,—,—,location.address,太白湖校区: 济宁市太白湖新区荷花路133号 | 任城校区: 济宁市建设南路45号 | 日照校区: 日照市学苑路669号,山东省济宁市北湖新区荷花路16号,02_简介,exact,1.0,text_major
3734,淄博师范高等专科学校,—,—,—,—,location.address,山东省淄博市淄川经济开发区唐骏欧铃路99号 | 淄博市淄川经济开发区康城西路399号,学校地址：山东省淄博市淄川经济开发区唐骏欧铃路99号 邮政编码：255130,02_简介,exact,1.0,text_major
3724,山东医药大学,—,—,—,—,location.address,滨州校区: 山东省滨州市滨城区黄河三路522号 | 烟台校区: 山东省烟台市莱山区观海路346号,山东省烟台市莱山区观海路346号,02_简介,exact,1.0,text_major
3747,滨州职业技术大学,—,—,—,—,location.address,滨州职业学院: 山东省滨州市黄河12路919号,山东省滨州市黄河十二路919号,02_简介,exact,1.0,text_major
3974,潍坊工程职业学院,—,—,—,—,location.address,云门山校区: 山东省青州市云门山南路8979号 | 玲珑山校区: 山东省青州市玲珑山南路4139号,地址：山东省青州市云门山南路8979号 邮编：262500 电话：0536-3277087,02_简介,exact,1.0,text_major
3721,烟台大学,—,—,—,—,location.address,烟台大学: 山东省烟台市莱山区清泉路30号,"联系地址：山东省烟台市莱山区清泉路30号	
邮政编码：264005",02_简介,exact,1.0,text_major
3818,烟台工程职业技术学院,—,—,—,—,location.address,烟台工程职业技术学院: 烟台市经济技术开发区珠江路92号,烟台经济技术开发区珠江路92号,02_简介,exact,1.0,text_major
3712,聊城大学,—,—,—,—,location.address,东校区: 山东省聊城市湖南路1号 | 西校区: 山东省聊城市花园路（文化路）,山东省聊城市东昌府区湖南东路1号聊城大学招生工作处,02_简介,exact,1.0,text_major
3778,莱芜职业技术学院,—,—,—,—,location.address,莱芜职业技术学院: 山东省济南市莱芜高新区山财大街１号,山东省济南市莱芜高新区山财大街1号，邮编：271199,02_简介,exact,1.0,text_major
3722,菏泽学院,—,—,—,—,location.address,北校区: 山东省菏泽市牡丹区大学路2269号 | 东校区: 菏泽市中华路1166号 | 单县校区: 山东省菏泽市单县文化路30号 | 郓城校区: 山东省郓城县东门街南段9号,山东省菏泽市牡丹区大学路2269号，邮政编码：274015,02_简介,exact,1.0,text_major
3773,菏泽家政职业学院,—,—,—,—,location.address,菏泽家政职业学院: 山东省单县开发区学院中路,山东省单县开发区学院中路,02_简介,exact,1.0,text_major
3708,青岛农业大学,—,—,—,—,location.address,城阳校区: 山东省青岛市城阳区长城路700号 | 平度校区: 山东省青岛市平度市南村镇渤海路与海信路交叉口 | 莱阳校区: 山东省莱阳市文化路11号 | 蓝谷校区: 山东省青岛市即墨区鳌山卫街道问海路17号,青岛市城阳区长城路700号,02_简介,exact,1.0,text_major
3730,青岛大学,—,—,—,—,location.address,浮山校区: 青岛市市南区宁夏路308号 | 金家岭校区: 青岛市崂山区松岭路中段 | 松山校区: 青岛市市北区登州路38号,欢迎来到青岛大学！ 青岛大学位于青岛东部。占地2655亩的校园与蔚蓝色的大海相互辉映，映现出新青大人开拓、进取、创新、自律的精神面貌。青岛大学坐落在青岛市东部文化科教区，背依浮山，面向黄海，人文荟萃，风景秀丽。292728平米绿地，103390平米草坪，8万余株乔木、灌木，使整个校园色彩纷呈，枝繁叶茂，三季有花，四季常青。学校共有景观11处、休读点21处。美丽的校园景观、恬静幽雅的学生休读点，各具特色、节次分布、互相辉映，配以成片树林、大片绿地，使青岛大学成为浮山脚下一个优雅秀丽的风景区。 交通路线 乘飞机到青岛胶东国际机场 出机场：可选乘坐地铁八号线，至青岛北站，根据站内提示进行换乘；或乘机场巴士至香港中路徐州路公交站，换乘市内公交可到达各校区 青岛大学浮山校区（宁夏路308号） 乘：321路、125路、316路、301路、11路、227路、623路、379路、304路、320路公交车，青岛大学站下车；青岛地铁2号线，麦岛站下车 青岛大学金家岭校区（松岭路中段） 乘：629路、621路、313路环线、313路快线、321路，青岛大学金家岭校区站下车；青岛地铁11号线，青岛二中站下车 青岛大学松山校区（登州路38号） 乘：217路下行、301路、2路、222路、211路、218路、8路公交车，辽宁路华阳路站下车,02_简介,exact,1.0,text_major
3872,青岛工程职业学院,—,—,—,—,location.address,青岛工程职业学院: 青岛市城阳区上马街道龙翔路中段,青岛市城阳区上马街道龙翔路3号,02_简介,exact,1.0,text_major
3787,青岛港湾职业技术学院,—,—,—,—,location.address,青岛港湾职业技术学院: 山东省青岛市黄岛区映山红路316号,学院地址：山东省青岛市黄岛区映山红路316号 邮政编码：266404 咨询电话：0532-81735177 传真：0532-81735188 微信公众号：qdgwzkzx 官方发布QQ群：274128544,02_简介,exact,1.0,text_major
3705,青岛理工大学,—,—,—,—,location.address,市北校区: 青岛市抚顺路11号 | 临沂校区: 临沂市费县县城东外环108号 | 黄岛校区地址: 青岛市黄岛区嘉陵江东路777号,黄岛校区：青岛市黄岛区嘉陵江路777号 市北校区：青岛市市北区抚顺路11号 临沂校区：临沂市费县县城东外环108号,02_简介,exact,1.0,text_major
3702,青岛科技大学,—,—,—,—,location.address,崂山校区: 山东省青岛市松岭路99号 | 高密校区: 山东省高密市杏坛西街1号 | 中德国际合作区(中德校区): 山东省青岛市西海岸新区小清河路6号 | 四方校区: 山东省青岛市郑州路53号 | 济南校区: 山东省济南市文化东路80号,青岛市松岭路99号，青岛科技大学招生办公室；邮政编码：266061,02_简介,exact,1.0,text_major
3757,青岛职业技术学院,—,—,—,—,location.address,黄岛校区: 青岛市黄岛区钱塘江路369号 | 市南校区: 青岛市市南区金坛路17号 | 市北校区: 青岛市市北区郭口路2号,"联系方式：
地址：青岛市黄岛区钱塘江路369号，邮编266555
学院网址：www.zsc.qtc.edu.cn
联系电话：0532-86105300，86105200（传真）
E-mail:zsc@qtc.edu.cn",02_简介,exact,1.0,text_major
3769,青岛远洋船员职业学院,—,—,—,—,location.address,青岛远洋船员职业学院: 青岛市黄岛区翠岛路123号,青岛市黄岛区海军路1166号 青岛远洋船员职业学院 招生就业室，邮编：266400,02_简介,exact,1.0,text_major
3782,青岛酒店管理职业技术学院,—,—,—,—,location.address,青岛酒店管理职业技术学院: 山东省青岛市李沧区九水东路599号,地址：青岛市李沧区九水东路599号 邮编：266100,02_简介,exact,1.0,text_major
3715,鲁东大学,—,—,—,—,location.address,鲁东大学: 山东省烟台市芝罘区红旗中路186号,山东省烟台市芝罘区红旗中路186号,02_简介,exact,1.0,text_major
3737,齐鲁工业大学,—,—,—,—,location.address,长清校区: 山东省济南市长清区大学路3501号 | 历城校区: 山东省济南市历城区桑园路58号 | 彩石校区: 山东省济南市经十东路28789号 | 菏泽校区: 山东省菏泽市牡丹区泰山路1999号,山东省济南市长清区大学路3501号 邮编250353,02_简介,exact,1.0,text_major
4152,三门峡社会管理职业学院,—,—,—,—,location.address,三门峡社会管理职业学院: 河南省三门峡城乡一体化示范区学府路,河南省三门峡市职业教育园区学府路 邮政编码：472100 招生咨询电话：0398-3808291、3808289 学生资助联系电话：0398-3808093 学校网址：www.smxcsa.edu.cn 学校官方微信公众号：smxcsa2017,02_简介,exact,1.0,text_major
4156,三门峡职业技术学院,—,—,—,—,location.address,天鹅湖校区: 河南省三门峡市崤山西路42号 | 大学城校区: 河南省三门峡市城乡一体化示范区(高新区)学府路3号,河南省三门峡市崤山西路42号,02_简介,exact,1.0,text_major
4107,中原工学院,—,—,—,—,location.address,中原校区: 河南省郑州市中原中路41号 | 龙湖校区: 河南省郑州市新郑市淮河路1号 | 航空港校区: 河南省郑州市中牟县东环路,龙湖校区地址：河南省郑州市新郑龙湖淮河路1号 邮政编码：451191 中原校区地址：河南省郑州市中原中路41号 邮政编码：450007 学校官网：https://www.zut.edu.cn/ 本校招生网：http://zsc.zut.edu.cn/ 电子邮箱：zsc@zut.edu.cn 咨询电话：0371－67698700 、67698712、67698674 传真：0371－67698701,02_简介,exact,1.0,text_major
4135,信阳农林学院,—,—,—,—,location.address,信阳农林学院: 河南省信阳市平桥区北环路1号,通讯地址：河南省信阳市平桥区北环路1号，信阳农林学院招生就业处。 邮政编码：464000 联系电话：0376-6687698 6698021 传真：0376-6698021 信箱：386451991@qq.com 网址：http://www.xyafu.edu.cn 招生QQ群：44275844,02_简介,exact,1.0,text_major
4171,信阳职业技术学院,—,—,—,—,location.address,信阳职业技术学院: 河南省信阳市羊山新区24大街48号,信阳市羊山新区二十四大街48号,02_简介,exact,1.0,text_major
4103,华北水利水电大学,—,—,—,—,location.address,花园校区: 河南省郑州市北环路36号 | 龙子湖校区: 河南省郑州市金水东路136号 | 江淮校区: 河南省信阳市罗山县龙池大道236号,欢迎广大考生报考华北水利水电大学。 学校地址：河南省郑州市北环路36号（花园校区），邮编：450045 河南省郑州市金水东路136（龙子湖校区），邮编：450046 河南省信阳市罗山县龙池大道236号（江淮校区），邮编：464200。 录取期间咨询电话：0371-65790702 招生网址：https://www2.ncwu.edu.cn/zhaoshengwang/,02_简介,exact,1.0,text_major
4173,南阳农业职业学院,—,—,—,—,location.address,雪枫校区: 南阳市雪枫路与北京路交叉口 | 卧龙校区: 南阳市卧龙路338号 | 淅川校区: 南阳市淅川县范蠡大道与红旗路交叉口,河南省南阳市北京路与雪枫路交叉口,02_简介,exact,1.0,text_major
4118,南阳师范学院,—,—,—,—,location.address,卧龙岗校区: 河南省南阳市卧龙区卧龙路1638号 | 淅川校区: 河南省南阳市淅川县永安路1号,河南省南阳市卧龙区卧龙路1638号,02_简介,exact,1.0,text_major
4706,南阳科技职业学院,—,—,—,—,location.address,南阳科技职业学院: 河南省邓州市人民东路(迎宾大道与207国道交叉口向南500米),河南省邓州市人民东路666号,02_简介,exact,1.0,text_major
4146,南阳理工学院,—,—,—,—,location.address,校本部: 河南省南阳市长江路80号 | 七一路校区: 河南省南阳市七一路587号,地 址：河南省南阳市长江路80号 邮 编：473004,02_简介,exact,1.0,text_major
4116,周口师范学院,—,—,—,—,location.address,周口师范学院: 河南省周口市川汇区文昌大道中段6号,"河南省周口市川汇区文昌路东段
邮编：466001",02_简介,exact,1.0,text_major
4136,商丘医学高等专科学校,—,—,—,—,location.address,商丘医学高等专科学校: 河南省商丘市城乡一体化示范区迎宾大道666号,河南省商丘市城乡一体化示范区迎宾路666号,02_简介,exact,1.0,text_major
4197,周口职业技术学院,—,—,—,—,location.address,开元校区: 河南省周口市开元大道1号 | 文昌校区: 河南省周口市文昌大道东段 | 中州校区: 河南省周口市川汇区中州路北段455号,河南省周口市开元大道（开元校区），文昌大道东段（文昌校区），中州路北段（中州校区）,02_简介,exact,1.0,text_major
4142,商丘师范学院,—,—,—,—,location.address,梁园校区: 河南省商丘市平原路55号 | 睢阳校区: 河南省商丘市文化中路298号,"河南省商丘市平原中路55号
邮政编码：476000",02_简介,exact,1.0,text_major
4154,商丘职业技术学院,—,—,—,—,location.address,校本部: 河南省商丘市神火大道566号 | 睢县校区: 河南省商丘市睢县城南开发区,河南省商丘市神火大道566号,02_简介,exact,1.0,text_major
4139,安阳工学院,—,—,—,—,location.address,校本部: 河南省安阳市黄河大道 | 明德书院校区: 河南省安阳市纱厂路21号,河南省安阳市黄河大道,02_简介,exact,1.0,text_major
4124,安阳师范学院,—,—,—,—,location.address,弦歌大道校区: 河南省安阳市弦歌大道436号 | 文明大道校区: 河南省安阳市文明大道265号,河南省安阳市弦歌大道436号，邮编：455000,02_简介,exact,1.0,text_major
4169,安阳职业技术学院,—,—,—,—,location.address,安阳职业技术学院: 河南省安阳市高新技术产业开发区平原路南段461号,安阳市高新技术产业开发区平原路南段461号,02_简介,exact,1.0,text_major
4199,安阳幼儿师范高等专科学校,—,—,—,—,location.address,安阳幼儿师范高等专科学校: 河南省安阳市汤阴县人和路东段,邮政编码：456150 学校地址：河南省安阳市中华路南段与汤阴县人和路交汇处以西,02_简介,exact,1.0,text_major
4151,平顶山学院,—,—,—,—,location.address,湖滨校区: 河南省平顶山市新华区未来路南段 | 崇文校区: 河南省平顶山市新华区崇文路中段 | 东湖校区: 河南省平顶山市卫东区平安大道东段,"地址：河南省平顶山市新城区未来路南段 平顶山学院湖滨校区
      河南省平顶山市新城区崇文路     平顶山学院崇文校区




邮编：467000",02_简介,exact,1.0,text_major
4160,平顶山工业职业技术学院,—,—,—,—,location.address,平顶山工业职业技术学院: 河南省平顶山市黄河路81号,地址：河南省平顶山市黄河路 81 号 邮编：467000,02_简介,exact,1.0,text_major
4130,开封大学,—,—,—,—,location.address,东京大道校区: 河南省开封市东京大道 | 滨河路校区: 河南省开封市滨河路,河南省开封市东京大道,02_简介,exact,1.0,text_major
4191,开封文化艺术职业学院,—,—,—,—,location.address,开封文化艺术职业学院: 河南省开封市东京大道中段,河南省开封市东京大道中段,02_简介,exact,1.0,text_major
4132,新乡学院,—,—,—,—,location.address,新乡学院: 河南新乡市金穗大道191号,学校位于河南省新乡市金穗大道东段191号，西接市委市政府，东邻107国道、京港澳高速和高铁，距离新乡高铁东站十分钟车程，市内乘坐7路、9路、38路、61路、62路、56路、126路、146路公共汽车即可到学校。,02_简介,exact,1.0,text_major
4856,汝州职业技术学院,—,—,—,—,location.address,校本部: 河南省汝州市科教园区杏坛大街北段 | 北校区: 河南省汝州市科教园杏坛大街以西、汝州职业技术学院北侧,河南省汝州市科教园区杏坛大街北段,02_简介,exact,1.0,text_major
4111,河南中医药大学,—,—,—,—,location.address,龙子湖校区: 河南省郑州市郑东新区金水东路156号 | 东明路校区: 河南省郑州市金水区金水路1号 | 东风路校区: 河南省郑州市金水区东风路2号 | 人民路校区: 河南省郑州市金水区人民路19号 | 文化路校区: 河南省郑州市文化路与红旗路交叉口东北角,郑州市郑东新区金水路与博学路交叉口龙子湖高校园区河南中医药大学,02_简介,exact,1.0,text_major
4158,河南交通职业技术学院,—,—,—,—,location.address,南校区: 河南省郑州市航海中路165号 | 东校区: 河南省郑州市郑东新区白沙职教园区通惠路259号,东校区：河南省郑州市郑东新区白沙职教园区通惠路259号 南校区：河南省郑州市二七区航海中路165号,02_简介,exact,1.0,text_major
4112,河南医药大学,—,—,—,—,location.address,新乡校区: 河南省新乡市红旗区金穗大道601号 | 唐公山校区: 河南省新乡市卫辉市唐庄镇工业路与旅游路交叉口西南角乡镇干部学院 | 卫辉校区: 河南省新乡市卫辉市健康路88号,河南省新乡市红旗区金穗大道601号  453003,02_简介,exact,1.0,text_major
4198,河南医学高等专科学校,—,—,—,—,location.address,南龙湖校区: 郑州市新郑龙湖镇双湖大道8号 | 纬五路校区: 郑州市金水区纬五路8号,郑州市新郑龙湖镇双湖大道8号,02_简介,exact,1.0,text_major
4108,河南农业大学,—,—,—,—,location.address,文化路校区: 河南省郑州市金水区农业路63号 | 龙子湖校区: 中国河南郑州市郑东新区平安大道218号 | 许昌校区: 中国河南许昌市建安区劳动北路,学校招生就业办公室通讯地址：郑州市郑东新区龙子湖高校园区15号河南农业大学英林讲堂302室；邮编：450046。,02_简介,exact,1.0,text_major
4147,河南城建学院,—,—,—,—,location.address,河南城建学院: 河南省平顶山市新城区龙翔大道,地址：河南省平顶山市新城区龙翔大道河南城建学院招生科 电话：0375-2089092 邮编：467036,02_简介,exact,1.0,text_major
4113,河南大学,—,—,—,—,location.address,明伦校区: 河南省开封市明伦街85号 | 金明校区: 河南省开封市龙亭区金明大道北段 | 龙子湖校区: 河南省郑州市郑东新区明理路北段379号,郑州龙子湖校区（河南省郑州市郑东新区明理路北段379号）、开封明伦校区（河南省开封市明伦街85号）、开封金明校区（河南省开封市金明大道北段）,02_简介,exact,1.0,text_major
4134,河南地矿职业学院,—,—,—,—,location.address,河南地矿职业学院: 郑州市白沙园区永继路51号,郑州市郑东新区永继路51号,02_简介,exact,1.0,text_major
4959,河南工业和信息化职业学院,—,—,—,—,location.address,河南工业和信息化职业学院: 河南省焦作市新区碧莲路801号,"学校地址：河南省焦作市新区碧莲路801号 邮政编码：454100 咨询电话：0391-8767021,8767022 学校网址：www.hciit.edu.cn",02_简介,exact,1.0,text_major
4753,河南工业职业技术大学,—,—,—,—,location.address,光武路校区: 河南省南阳市工农路291号 | 孔明路校区: 河南省南阳市杜诗路1666号 | 方城校区: 河南省南阳市方城县秋实路66号,孔明路校区地址:河南省南阳市杜诗路1666号 光武路校区地址:河南省南阳市工农路291号,02_简介,exact,1.0,text_major
4105,河南工业大学,—,—,—,—,location.address,莲花街校区: 郑州市高新区莲花街100号 | 嵩山路校区: 郑州市中原区嵩山南路140号 | 中原路校区: 郑州市中原区中原西路195号,郑州国家高新技术产业开发区莲花街100号（莲花街校区） 邮编：450001,02_简介,exact,1.0,text_major
4138,河南工学院,—,—,—,—,location.address,河南工学院: 新乡市红旗区平原路699号,河南省新乡市平原路699号,02_简介,exact,1.0,text_major
4110,河南工程学院,—,—,—,—,location.address,龙湖校区: 河南省郑州市新郑龙湖祥和路1号 | 桐柏路校区: 河南省郑州市中原区桐柏路62号 | 南阳路校区: 河南省郑州市金水区群办路6号,河南省郑州市新郑龙湖祥和路1号,02_简介,exact,1.0,text_major
4115,河南师范大学,—,—,—,—,location.address,主校区: 河南省新乡市建设路东段46号 | 平原湖校区: 河南省新乡市红旗区经七路与纬八路交叉口 | 科技创新港校区: 新乡市平原示范区黄河大道河南师范大学科技创新港,通讯地址：河南省新乡市建设路东段46号； 联系电话： 0373-3326191，3326633； 录取期间咨询热线：0373-3326836，3326839； 学校网址为：https://www.htu.edu.cn； 学校本科招生网网址为：https://www.htu.edu.cn/zs/； 官方微信公众号为：“河南师范大学招生办公室”。,02_简介,exact,1.0,text_major
4894,河南应用技术职业学院,—,—,—,—,location.address,郑州校区: 郑州市中原区郑上路548号 | 开封南院校区: 开封市职教园区东京大道与第九大街交会处 | 开封北院校区: 开封市职教园区复兴大道与第七大街交会处,河南郑州市建设西路548号,02_简介,exact,1.0,text_major
4194,河南推拿职业学院,—,—,—,—,location.address,河南推拿职业学院: 河南省洛阳市洛龙区学府街10号,河南省洛阳市洛龙区学府街10号,02_简介,exact,1.0,text_major
4184,河南护理职业学院,—,—,—,—,location.address,中华路校区: 河南省安阳市中华路480号 | 安漳路校区: 河南省安阳市盘庚街67号,河南省安阳市文峰区中华路南段480号,02_简介,exact,1.0,text_major
4168,河南水利与环境职业学院,—,—,—,—,location.address,花园路校区: 郑州市金水区花园路136号 | 航空港校区: 郑州航空港经济综合实验区南部双鹤湖片区 | 信阳校区: 信阳市南湾湖风景管理区南湖大街288号 | 漯河校区: 漯河市源汇区人民西路451号,河南省郑州市金水区花园路136号,02_简介,exact,1.0,text_major
4109,河南牧业经济学院,—,—,—,—,location.address,龙子湖校区: 河南省郑州市郑东新区龙子湖北路6号 | 英才校区: 河南省郑州市惠济区英才街146号 | 北林校区: 河南省郑州市金水区北林路16号,郑州市北林路16号,02_简介,exact,1.0,text_major
4102,河南理工大学,—,—,—,—,location.address,河南理工大学: 河南省焦作市世纪路2001号,南校区：河南省焦作市世纪路2001号 邮编：454003 北校区：河南省焦作市解放中路142号 邮编：454003,02_简介,exact,1.0,text_major
4106,河南科技大学,—,—,—,—,location.address,开元校区: 洛阳市洛龙区开元大道263号 | 西苑校区: 洛阳市涧西区西苑路48号 | 景华校区: 洛阳市涧西区安徽路31号 | 周山校区: 洛阳市涧西区天津路35号,"学校地址：洛阳市洛龙区开元大道263号
邮政编码：471023
电子邮箱: zhsb@haust.edu.cn",02_简介,exact,1.0,text_major
4189,河南经贸职业学院,—,—,—,—,location.address,河南经贸职业学院: 郑州市龙子湖高校园区龙子湖北路58号,河南省郑州市郑东新区龙子湖高校园区龙子湖北路58号。,02_简介,exact,1.0,text_major
4192,河南科技学院,—,—,—,—,location.address,新乡校区: 河南省新乡市红旗区华兰大道东段90号 | 辉县校区: 河南省新乡市辉县市学院路中段,河南省新乡市华兰大道东段,02_简介,exact,1.0,text_major
4133,河南财政金融学院,—,—,—,—,location.address,龙子湖校区: 河南省郑州市郑东新区龙子湖高校园区龙子湖北路22号 | 象湖校区: 河南省郑州市郑开大道76号,"学校地址及招生联系方式

龙子湖校区地址：郑州市郑东新区龙子湖北路22号

象湖校区地址：郑州市郑东新区郑开大道76号

电子信箱：zhaosheng@hafu.edu.cn

联系电话：0371-69303222

传 真：0371-69303789

学校网址：http://www.hafu.edu.cn/

招生录取信息公布网址：http://zsjy.hafu.edu.cn/",02_简介,exact,1.0,text_major
4121,河南财经政法大学,—,—,—,—,location.address,郑东校区: 河南省郑州市金水东路180号 | 文北校区: 河南省郑州市文化路80号 | 文南校区: 河南省郑州市文化路90号,河南省郑州市金水东路180号河南财经政法大学 邮编：450046,02_简介,exact,1.0,text_major
4119,洛阳师范学院,—,—,—,—,location.address,洛阳师范学院: 河南省洛阳市伊滨区吉庆路6号,河南省洛阳市伊滨区吉庆路6号,02_简介,exact,1.0,text_major
4131,洛阳理工学院,—,—,—,—,location.address,王城校区: 河南省洛阳市洛龙区王城大道90号 | 开元校区: 河南省洛龙区学子街8号 | 九都校区: 河南省涧西区九都西路71号,详细地址：河南省洛阳市洛龙区王城大道90号 邮政编码：471023,02_简介,exact,1.0,text_major
4196,洛阳职业技术学院,—,—,—,—,location.address,伊滨校区: 河南省洛阳市伊滨区科技大道6号 | 高新校区: 河南省洛阳市高新区丰华路20号 | 西工校区: 河南省洛阳市西工区九都路9号院 | 瀍河校区: 河南省洛阳市瀍河区夹马营路116号,学校地址： 伊滨校区：河南省洛阳市伊滨区科技大道6号 高新校区：河南省洛阳市涧西区丰华路20号 西工校区：河南省洛阳市西工区九都路9号院 瀍河校区：河南省洛阳市瀍河区夹马营路116号,02_简介,exact,1.0,text_major
4186,济源职业技术学院,—,—,—,—,location.address,沁园校区: 河南省济源市济源大道中段88号 | 高新校区: 河南省济源市黄河大道东段677号,河南省济源市济源大道88号,02_简介,exact,1.0,text_major
4137,漯河医学高等专科学校,—,—,—,—,location.address,源汇校区: 漯河市大学路148号 | 召陵校区: 漯河市中山路北段,河南省漯河市大学路148号,02_简介,exact,1.0,text_major
4892,漯河职业技术学院,—,—,—,—,location.address,漯河职业技术学院: 河南省漯河市源汇区大学路123号,学校地址：漯河市源汇区大学路123号 到校路线： 1、漯河火车站、长途中心汽车站乘坐111/169路公交车到漯河职业技术学院 (河南工业大学漯河工学院)下车。 2、漯河高铁西站乘坐169/107路 公交车到漯河职业技术学院(河南工业大学漯河工学院)下车。,02_简介,exact,1.0,text_major
4704,濮阳石油化工职业技术学院,—,—,—,—,location.address,濮阳石油化工职业技术学院: 河南省濮阳市华龙区中原东路567号 | 新校区: 濮阳市华龙区苏北路东段666号,河南省濮阳市华龙区中原东路567号,02_简介,exact,1.0,text_major
4902,濮阳医学高等专科学校,—,—,—,—,location.address,濮阳医学高等专科学校: 濮阳市城乡一体化示范区文岩街商鞅路交叉口向东160米路北,濮阳市城乡一体化示范区文岩街商鞅路交叉口向东160米路北,02_简介,exact,1.0,text_major
4180,濮阳职业技术学院,—,—,—,—,location.address,濮阳职业技术学院: 河南省濮阳市经济技术开发区黄河西路249号,濮阳市黄河路西段 招生咨询电话：0393-4677777,02_简介,exact,1.0,text_major
4143,焦作大学,—,—,—,—,location.address,南校区: 河南省焦作市人民路3066号 | 北校区: 河南省焦作市工业路458号,河南省焦作市人民路东段3066号,02_简介,exact,1.0,text_major
4149,焦作师范高等专科学校,—,—,—,—,location.address,人民路校区: 河南省焦作市山阳路998号 | 丰收路校区: 河南省焦作市丰收路4818号 | 学苑路校区: 河南省焦作市学苑路8号,河南省焦作市山阳路998号焦作师范高等专科学校,02_简介,exact,1.0,text_major
9234,网络空间部队信息工程大学,—,—,—,—,location.address,中国人民解放军战略支援部队信息工程大学: 河南省郑州市高新区科学大道62号,河南省郑州市高新区科学大道62号,02_简介,exact,1.0,text_major
4157,郑州卫生健康职业学院,—,—,—,—,location.address,郑州卫生健康职业学院: 郑州市荥阳市京襄路69号,学院地址：郑州市陇海西路与京城路向北300米 招生咨询电话： 0371-68217799,02_简介,exact,1.0,text_major
4101,郑州大学,—,—,—,—,location.address,主校区: 河南省郑州市科学大道100号 | 南校区: 河南省郑州市大学北路75号 | 医学院校区: 河南省郑州市大学路40号 | 北校区: 河南省郑州市文化路97号 | 西校区: 河南省郑州市科学大道157号,郑州市高新区科学大道100号,02_简介,exact,1.0,text_major
4129,郑州工程技术学院,—,—,—,—,location.address,英才校区: 河南省郑州市惠济区英才街18号 | 金河校区: 河南省郑州市惠济区金河路66号 | 航海校区: 河南省郑州市京广南路1号 | 龙子湖校区: 河南省郑州市郑东新区王新街9号,河南省郑州市惠济区英才街18号,02_简介,exact,1.0,text_major
4126,郑州师范学院,—,—,—,—,location.address,郑州师范学院: 河南省郑州市惠济区英才街6号,学校地址：河南省郑州市惠济区英才街6号（邮编：450044）,02_简介,exact,1.0,text_major
4702,郑州幼儿师范高等专科学校,—,—,—,—,location.address,杜岭校区: 河南省郑州市市民新村北街9号 | 象湖校区: 河南省郑州市郑东新区郑东新区郑开大道66号,"郑州市市民新村北街9号
新校区地址：郑东新区郑开大道与康庄路交叉口西",02_简介,exact,1.0,text_major
4140,郑州电力高等专科学校,—,—,—,—,location.address,郑州电力高等专科学校: 郑州市郑东新区凤栖街296号,通讯地址：郑州市郑东新区凤栖街296号 邮编：451460,02_简介,exact,1.0,text_major
4170,郑州职业技术学院,—,—,—,—,location.address,郑州职业技术学院: 郑州市郑上路081号,郑州市郑上路西二十里铺,02_简介,exact,1.0,text_major
4123,郑州航空工业管理学院,—,—,—,—,location.address,大学路校区: 河南省郑州市大学中路2号 | 龙子湖校区: 郑州市郑东新区文苑西路15号 | 航空港校区: 河南省郑州市中牟县航空港区和谐大道2号,地址：河南郑州郑东新区文苑西路15号 邮政编码：450046,02_简介,exact,1.0,text_major
0368,郑州警察学院,—,—,—,—,location.address,农业路校区: 河南省郑州市农业路31号 | 龙湖校区: 河南省郑州市新郑市龙湖镇,河南省郑州市农业路31号,02_简介,exact,1.0,text_major
4104,郑州轻工业大学,—,—,—,—,location.address,科学校区: 河南省郑州市高新区科学大道136号 | 东风校区: 河南省郑州市金水区东风路5号 | 禹州基地: 河南省许昌市禹州市大学路1号,郑州市高新区科学大道136号,02_简介,exact,1.0,text_major
4188,驻马店职业技术学院,—,—,—,—,location.address,置地大道校区: 河南省驻马店市置地大道西段517号 | 盘龙山路校区: 河南省驻马店市盘龙山路与顺河路交叉口北200米路东,河南省驻马店市置地大道西段,02_简介,exact,1.0,text_major
4159,鹤壁职业技术学院,—,—,—,—,location.address,鹤壁职业技术学院: 河南省鹤壁市淇滨区朝歌路5号,河南省鹤壁市淇滨区朝歌路5号,02_简介,exact,1.0,text_major
4128,黄淮学院,—,—,—,—,location.address,校本部: 河南省驻马店市开源大道76号 | 医学院校区: 河南省驻马店市盘龙山路北段2628号,河南省驻马店市开源大道76号，邮编：463000,02_简介,exact,1.0,text_major
4241,三峡大学,—,—,—,—,location.address,三峡大学: 宜昌市大学路8号,湖北省宜昌市大学路8号,02_简介,exact,1.0,text_major
4872,三峡电力职业学院,—,—,—,—,location.address,三峡电力职业学院: 湖北省宜昌市绿萝路36号,湖北省宜昌市绿萝路36号,02_简介,exact,1.0,text_major
4880,三峡旅游职业技术学院,—,—,—,—,location.address,三峡旅游职业技术学院: 湖北省宜昌市汉宜大道205号,湖北省宜昌市汉宜大道205号,02_简介,exact,1.0,text_major
0351,中南民族大学,—,—,—,—,location.address,中南民族大学: 武汉市洪山区民族大道182号,地址：湖北省武汉市洪山区民族大道182号  邮编：430074,02_简介,exact,1.0,text_major
0068,中南财经政法大学,—,—,—,—,location.address,南湖校区: 湖北省武汉市东湖新技术开发区南湖大道182号 | 首义校区: 湖北省武汉市武珞路114号,湖北省武汉市东湖新技术开发区南湖大道182号,02_简介,exact,1.0,text_major
0046,中国地质大学(武汉),—,—,—,—,location.address,南望山校区: 湖北省武汉市洪山区鲁磨路388号 | 未来城校区: 湖北省武汉市东湖新技术开发区锦程街68号,武汉市洪山区鲁磨路388号中国地质大学招生办公室,02_简介,exact,1.0,text_major
0047,华中农业大学,—,—,—,—,location.address,华中农业大学: 湖北省武汉市洪山区狮子山街1号,湖北省武汉市洪山区狮子山1号，邮编：430070,02_简介,exact,1.0,text_major
4265,仙桃职业学院,—,—,—,—,location.address,仙桃职业学院: 湖北省仙桃市纺织大道8号,湖北省仙桃市纺织大道8号,02_简介,exact,1.0,text_major
0069,华中科技大学,—,—,—,—,location.address,主校区: 湖北省武汉市洪山区珞喻路1037号 | 同济校区: 湖北省武汉市硚口区航空路13号 | 网安校区: 湖北省武汉市临空港经济技术开发区的国家网安基地 | 军山校区: 湖北省武汉市军山新城南侧,湖北省武汉市洪山区珞喻路1037号,02_简介,exact,1.0,text_major
0048,华中师范大学,—,—,—,—,location.address,桂子山校区: 湖北省武汉市洪山区珞喻路152号 | 南湖校区: 湖北省武汉市洪山区雄楚大道382号,地址：武汉市洪山区珞喻路152号华中师范大学东区本科招生办公室101室 部门：华中师范大学招生办公室 E-mail：zb@ccnu.edu.cn 电话：027-67863374 027-67862239 027-67863404,02_简介,exact,1.0,text_major
4875,天门职业学院,—,—,—,—,location.address,天门职业学院: 湖北省天门市学院路特1号,"湖北省天门市学院路1号
邮政编码：431700",02_简介,exact,1.0,text_major
4259,恩施职业技术学院,—,—,—,—,location.address,主校区: 湖北省恩施市学院路122号 | 金子坝校区: 湖北省恩施市金子坝路212号 | 南校区: 湖北省恩施市段家湾32号,湖北省恩施市学院路122号,02_简介,exact,1.0,text_major
4216,武汉体育学院,—,—,—,—,location.address,武汉体育学院: 湖北省武汉市洪山区珞喻路461号,湖北省武汉市洪山区珞喻路461号,02_简介,exact,1.0,text_major
4253,武汉交通职业学院,—,—,—,—,location.address,武汉交通职业学院: 湖北省武汉市洪山区黄家湖西路6号,武汉市洪山区黄家湖西路6号 邮编：430065,02_简介,exact,1.0,text_major
4237,武汉商学院,—,—,—,—,location.address,后官湖校区: 武汉市武汉经济技术开发区东风大道816号 | 墨水湖校区: 武汉市汉阳区墨水湖路48号 | 马影河校区: 武汉经开区周家河北路以北、育文路两侧、育源路以南,中国湖北省武汉市经济技术开发区东风大道816号,02_简介,exact,1.0,text_major
4264,武汉城市职业学院,—,—,—,—,location.address,南校区: 武汉市洪山区南李路127号 | 北校区: 武汉市洪山区野芷湖西路26号,湖北省武汉市洪山区南李路127号,02_简介,exact,1.0,text_major
0045,武汉大学,—,—,—,—,location.address,武汉大学: 湖北省武汉市武昌区八一路299号,湖北省武汉市武昌区八一路299号,02_简介,exact,1.0,text_major
4202,武汉工程大学,—,—,—,—,location.address,流芳校区: 武汉市东湖新技术开发区光谷一路206号 | 武昌校区: 湖北省武汉市洪山区卓刀泉路366号,武汉市东湖新技术开发区光谷一路206号,02_简介,exact,1.0,text_major
4285,武汉工程职业技术学院,—,—,—,—,location.address,武汉工程职业技术学院: 武汉市阳逻经济开发区汉施路18号,学校地址：武汉市阳逻经济开发区汉施路18号,02_简介,exact,1.0,text_major
4853,武汉民政职业学院,—,—,—,—,location.address,武汉民政职业学院: 湖北省武汉市洪山区卓刀泉路257号,武汉市洪山区卓刀泉路257号,02_简介,exact,1.0,text_major
4759,武汉电力职业技术学院,—,—,—,—,location.address,武昌校区: 湖北省武汉市洪山区珞喻路189号 | 汉口校区: 湖北省武汉市江岸区新湖五村特1号,湖北省武汉市洪山区珞喻路189号,02_简介,exact,1.0,text_major
0070,武汉理工大学,—,—,—,—,location.address,马房山校区: 湖北省武汉市珞狮路122号 | 余家头校区: 湖北省武汉市武昌区和平大道1178号 | 南湖校区: 湖北省武汉市洪山区岭南路附近 | 军山校区: 湖北省武汉经开区军山新城汉南大道旁,武汉理工大学南湖校区大学生创新创业园1号楼三楼,02_简介,exact,1.0,text_major
4252,武汉船舶职业技术学院,—,—,—,—,location.address,武汉船舶职业技术学院: 武汉市汉阳区月湖街铁桥南村2号,湖北省武汉市汉阳区铁桥南村2号,02_简介,exact,1.0,text_major
4270,武汉软件工程职业学院,—,—,—,—,location.address,光谷校区: 湖北省武汉市东湖新技术开发区光谷大道117号 | 武昌校区: 湖北省武汉市武昌区铁机路102号,学校地址：湖北省武汉市东湖新技术开发区光谷大道117号 邮编：430205 招生咨询电话：027-87996666 027-87996699 027-81655810,02_简介,exact,1.0,text_major
4287,武汉铁路桥梁职业学院,—,—,—,—,location.address,新校区: 湖北省武汉市汉南经济技术开发区东荆街马影河大道66号 | 老校区: 湖北省武汉市汉阳区鹦鹉大道2号,湖北省武汉经济技术开发区（汉南区）东荆街马影河大道66号,02_简介,exact,1.0,text_major
4851,武汉铁路职业技术学院,—,—,—,—,location.address,武汉铁路职业技术学院: 武汉市江夏区藏龙大道1号,湖北省武汉市江夏区藏龙大道1号,02_简介,exact,1.0,text_major
4242,江汉大学,—,—,—,—,location.address,江汉大学: 武汉市经济技术开发区三角湖路8号,湖北省武汉经济技术开发区三角湖路8号,02_简介,exact,1.0,text_major
4214,汉江师范学院,—,—,—,—,location.address,十堰校区: 湖北省十堰市北京南路18号 | 丹江校区: 湖北省十堰市丹江口市学府路1号,"湖北省十堰市茅箭区北京南路18号
442000",02_简介,exact,1.0,text_major
9213,海军工程大学,—,—,—,—,location.address,中国人民解放军海军工程大学: 湖北省武汉市解放大道717号,地址：湖北省武汉市硚口区解放大道717号,02_简介,exact,1.0,text_major
4878,江汉艺术职业学院,—,—,—,—,location.address,江汉艺术职业学院: 湖北省潜江市师范路16号,东校区为湖北省潜江市东城大道145号，西校区为湖北省潜江市东城大道146号。,02_简介,exact,1.0,text_major
4854,湖北三峡职业技术学院,—,—,—,—,location.address,湖北三峡职业技术学院: 湖北省宜昌市体育场路31号,"地址：湖北省宜昌市体育场路31号        
邮编：443000",02_简介,exact,1.0,text_major
4208,湖北中医药大学,—,—,—,—,location.address,昙华林校区: 湖北省武汉市武昌区昙华林特1号 | 黄家湖校区: 湖北省武汉市洪山区黄家湖西路16号,地址：湖北省武汉市洪山区黄家湖西路16号　邮编：430065,02_简介,exact,1.0,text_major
4245,湖北中医药高等专科学校,—,—,—,—,location.address,南校区: 湖北省荆州市荆州区学苑路87号 | 城中校区: 湖北省荆州市荆州区人民路4号,"地址：湖北省荆州市荆州区学苑路87号(南校区) 
邮编：434020",02_简介,exact,1.0,text_major
4262,湖北交通职业技术学院,—,—,—,—,location.address,卓刀泉校区: 武汉市洪山区雄楚大街455号 | 藏龙岛校区: 武汉市江夏区藏龙岛中洲大道100号,湖北省武汉市江夏区藏龙岛中洲大道100号（藏龙岛校区）,02_简介,exact,1.0,text_major
4225,湖北医药学院,—,—,—,—,location.address,湖北医药学院: 湖北省十堰市茅箭区上海路16号,湖北省十堰市上海路16号； 邮编：442000,02_简介,exact,1.0,text_major
4290,湖北国土资源职业学院,—,—,—,—,location.address,湖北国土资源职业学院: 武汉市经济技术开发区(汉南)育才路399号,湖北省武汉市汉南区育才路399号,02_简介,exact,1.0,text_major
4203,湖北大学,—,—,—,—,location.address,武昌校区: 武汉市武昌区友谊大道368号 | 汉口校区: 武汉市长江新区兴盛路特一号 | 长江新区校区: 武汉市长江新区平江东路630号,湖北省武汉市武昌区友谊大道368号,02_简介,exact,1.0,text_major
4273,湖北城市建设职业技术学院,—,—,—,—,location.address,湖北城市建设职业技术学院: 湖北省武汉市东湖高新技术开发区藏龙大道28号,武汉东湖高新技术开发区藏龙岛科技园区藏龙大道28号,02_简介,exact,1.0,text_major
4207,湖北工业大学,—,—,—,—,location.address,南湖校区校本部: 湖北省武汉市洪山区南李路28号,湖北省武汉市武昌南湖,02_简介,exact,1.0,text_major
4758,湖北工业职业技术学院,—,—,—,—,location.address,湖北工业职业技术学院: 湖北省十堰市北京中路38号,湖北省十堰市北京中路38号,02_简介,exact,1.0,text_major
4219,湖北工程学院,—,—,—,—,location.address,湖北工程学院: 湖北省孝感市交通大道272号,"湖北省孝感市交通大道272号,邮编432000",02_简介,exact,1.0,text_major
4763,湖北工程职业学院,—,—,—,—,location.address,新校区: 湖北省黄石市开发区铁山区大棋大道东366号 | 广州路校区: 湖北省黄石市下陆区广州路9号,湖北省黄石市开铁区大棋大道东366号,02_简介,exact,1.0,text_major
4209,湖北师范大学,—,—,—,—,location.address,湖北师范大学: 湖北省黄石市磁湖路11号,湖北省黄石市磁湖路82号,02_简介,exact,1.0,text_major
4249,湖北幼儿师范高等专科学校,—,—,—,—,location.address,汤逊湖校区: 武汉市江夏区庙山开发区华泰路95号 | 武汉新城校区: 湖北省葛店经济开发区高新东路特1号,武汉市江夏庙山开发区华泰路95号,02_简介,exact,1.0,text_major
4215,湖北文理学院,—,—,—,—,location.address,湖北文理学院: 湖北省襄阳市隆中路296号,湖北省襄阳市隆中路296号,02_简介,exact,1.0,text_major
4213,湖北民族大学,—,—,—,—,location.address,桂花园校区: 湖北省恩施土家族苗族自治州恩施市学院路39号 | 舞阳坝校区: 湖北省恩施土家族苗族自治州恩施市舞阳大道四巷61号 | 土桥坝校区: 湖北省恩施土家族苗族自治州恩施市土桥大道五峰山路2号 | 黄家峁校区: 湖北省恩施土家族苗族自治州恩施市学院路23号,湖北省恩施市学院路39号,02_简介,exact,1.0,text_major
4256,湖北水利水电职业技术学院,—,—,—,—,location.address,南湖校区: 湖北省武汉市武昌珞狮路306号 | 汤逊湖校区: 湖北省武汉市江夏区经济开发区梁子湖大道6号,湖北省武汉市洪山区珞狮南路306号 邮编：430070 （南湖校区） ［设：机电工程 系］ 湖北省武汉市江夏区经济开发区梁子湖大道6号　 邮编：430202（汤逊湖校区） ［设：水利工程系、电力电子工程系、建筑工程系、商贸管理系］,02_简介,exact,1.0,text_major
4217,湖北汽车工业学院,—,—,—,—,location.address,湖北汽车工业学院: 湖北省十堰市车城西路167号,湖北省十堰市车城西路167号,02_简介,exact,1.0,text_major
4852,湖北生态工程职业技术学院,—,—,—,—,location.address,湖北生态工程职业技术学院: 湖北省武汉市江夏区纸坊大街110号,湖北省武汉市江夏区纸坊大街110号,02_简介,exact,1.0,text_major
4223,湖北理工学院,—,—,—,—,location.address,湖北理工学院: 湖北省黄石市桂林北路16号,湖北省黄石市桂林北路16号,02_简介,exact,1.0,text_major
4282,湖北生物科技职业学院,—,—,—,—,location.address,湖北生物科技职业学院: 湖北省武汉市洪山区狮子山街野芷湖1号,湖北省武汉市洪山区狮子山街野芷湖一号,02_简介,exact,1.0,text_major
4278,湖北科技学院,—,—,—,—,location.address,温泉校区: 湖北省咸宁市咸宁大道88号 | 咸安校区: 湖北省咸宁市咸安区永安大道2号,学校地址：湖北省咸宁市咸宁大道88号,02_简介,exact,1.0,text_major
4220,湖北第二师范学院,—,—,—,—,location.address,湖北第二师范学院: 武汉市东湖新技术开发区高新二路129号,武汉市东湖新技术开发区高新二路129号,02_简介,exact,1.0,text_major
4277,湖北科技职业学院,—,—,—,—,location.address,关山校区: 湖北省武汉市东湖新技术开发区软件园路2号 | 鲁巷校区: 湖北省武汉市洪山区民族大道26号,"湖北省武汉市东湖新技术开发区软件园路2号（关山校区），邮政编码430074 
湖北省武汉市洪山区民族大道26号（鲁巷校区），邮政编码430074",02_简介,exact,1.0,text_major
4244,湖北经济学院,—,—,—,—,location.address,湖北经济学院: 湖北省武汉市江夏区藏龙岛开发区杨桥湖大道8号,学校地址：武汉市江夏藏龙岛开发区杨桥湖大道8号    430205,02_简介,exact,1.0,text_major
4258,湖北职业技术学院,—,—,—,—,location.address,湖北职业技术学院: 湖北省孝感市玉泉路17号,学校名称：湖北职业技术学院 学校地址：湖北省孝感市孝南区玉泉路17号 办学层次：高职（专科） 办学性质：公办 办学类型：高等职业技术学校 学习形式：全日制 学院网址：https://www.hbvtc.edu.cn（官网） https://zs.hbvtc.edu.cn （招生信息网） 招生部门：招生与就业创业指导处 联系电话：0712-2868616 2868212 2868615 2868613,02_简介,exact,1.0,text_major
4238,湖北铁道运输职业学院,—,—,—,—,location.address,湖北铁道运输职业学院: 武汉市洪山区狮子山街钢狮咀1号,湖北省武汉市洪山区狮子山街钢丝咀1号,02_简介,exact,1.0,text_major
4260,湖北轻工职业技术学院,—,—,—,—,location.address,湖北轻工职业技术学院: 湖北省武汉市洪山区石牌岭东二路五号,武汉市洪山石牌岭东2路5号,02_简介,exact,1.0,text_major
4266,荆州职业技术学院,—,—,—,—,location.address,荆州职业技术学院: 湖北省荆州市荆州区学苑路21号,湖北省荆州市荆州区学苑路21号，邮政编码：434020,02_简介,exact,1.0,text_major
4267,荆州理工职业学院,—,—,—,—,location.address,中校区: 湖北省荆州市沙市区工农路22号 | 东校区: 湖北省荆州市沙市区江津东路100号 | 西校区: 湖北省荆州市荆州区荆东路13号,湖北省荆州市工农路22号,02_简介,exact,1.0,text_major
4257,荆楚理工学院,—,—,—,—,location.address,荆楚理工学院: 湖北省荆门市象山大道33号,湖北省荆门市象山大道33号,02_简介,exact,1.0,text_major
4263,荆门职业学院,—,—,—,—,location.address,荆门职业学院: 湖北省荆门市掇刀区军马场路3号,湖北省荆门市掇刀区军马场路3号（荆门职业学院）,02_简介,exact,1.0,text_major
4268,襄阳汽车职业技术学院,—,—,—,—,location.address,襄阳汽车职业技术学院: 襄阳市襄城区尹集东街66号,官方网站咨询： 湖北教育考试网：http://www.hbee.edu.cn/ 湖北招生信息网：http://zsxx.e21.cn/ 中国高校信息网：http:// www.gaoxiao.org.cn/ 襄阳汽车职院网：http://www.xyqczy.com/ 学院地址：湖北省襄阳市襄城区尹集东街66号 乘车路线：市内乘8路、25路公汽到襄阳汽车职业技术学院站 邮编：441021 招生热线：0710-3069877 3069876 3069875,02_简介,exact,1.0,text_major
4269,襄阳职业技术大学,—,—,—,—,location.address,襄阳职业技术学院: 湖北省襄阳市襄城区隆中路18号,湖北省襄阳市襄城区隆中路18号,02_简介,exact,1.0,text_major
4201,长江大学,—,—,—,—,location.address,荆州东校区: 湖北省荆州市荆州区学苑路1号 | 荆州西校区: 湖北省荆州市荆州区荆秘路88号 | 武汉校区: 湖北省武汉市蔡甸区大学路111号,湖北省荆州市南环路1号,02_简介,exact,1.0,text_major
4229,鄂州职业大学,—,—,—,—,location.address,鄂州职业大学: 湖北省鄂州市凤凰路78号,湖北省鄂州市凤凰路77号,02_简介,exact,1.0,text_major
4276,黄冈师范学院,—,—,—,—,location.address,南校区: 湖北省黄冈市黄州区新港二路146号 | 北校区: 湖北省黄冈市黄州区新港二路43号 | 西校区: 湖北省黄冈市黄州区胜利街95号,湖北省黄冈市开发区新港二路146号,02_简介,exact,1.0,text_major
4255,随州职业技术学院,—,—,—,—,location.address,随州职业技术学院: 湖北省随州市迎宾大道38号,湖北省随州市城南新区迎宾大道38号,02_简介,exact,1.0,text_major
0067,中南大学,—,—,—,—,location.address,岳麓山校区: 湖南省长沙市岳麓区麓山南路932号 | 潇湘校区: 湖南省长沙市岳麓区潇湘中路405号 | 麓南校区: 湖南省长沙市麓山南路605号 | 天心校区: 湖南省长沙市天心区韶山南路22号 | 杏林校区: 湖南省长沙市岳麓区桐梓坡路172号 | 开福校区: 湖南长沙市开福区湘雅路88号,"地址：湖南省长沙市麓山南路932号
邮编：410083",02_简介,exact,1.0,text_major
4308,中南林业科技大学,—,—,—,—,location.address,中南林业科技大学: 湖南省长沙市韶山南路498号,本科：湖南省长沙市韶山南路498号,02_简介,exact,1.0,text_major
4339,南华大学,—,—,—,—,location.address,红湘校区: 衡阳市常胜西路28号 | 雨母校区: 衡阳市衡南县衡祁路228号,湖南省衡阳市蒸湘区常胜西路28号,02_简介,exact,1.0,text_major
4302,吉首大学,—,—,—,—,location.address,吉首校区: 湖南省湘西土家族苗族自治州吉首市人民南路120号 | 张家界校区: 湖南省张家界市永定区子午路,416000 湖南省湘西土家族苗族自治州吉首市人民南路120号 吉首大学招生办,02_简介,exact,1.0,text_major
9202,国防科技大学,—,—,—,—,location.address,主校区: 湖南省长沙市开福区福元路1号 | 南京校区: 江苏省南京市雨花台区凤集大道1号 | 合肥校区: 安徽省合肥市蜀山区黄山路460号 | 武汉校区: 湖北省武汉市江岸区解放公园路45号 | 西安校区: 陕西省西安市丈八东路8号,通信地址：湖南省长沙市开福区德雅路109号国防科技大学招生办公室,02_简介,exact,1.0,text_major
4360,岳阳职业技术学院,—,—,—,—,location.address,主校区: 湖南省岳阳市岳阳楼区湘北大道412号 | 分校区: 湖南省岳阳市云溪区岳阳职业技术学院自贸区现代产业学院,湖南省岳阳市学院路,02_简介,exact,1.0,text_major
4384,常德职业技术学院,—,—,—,—,location.address,常德职业技术学院: 常德市人民路4253号,湖南省常德市武陵区人民路4253号（邮编415000）,02_简介,exact,1.0,text_major
4317,怀化学院,—,—,—,—,location.address,西校区: 怀化市鹤城区迎丰东路166号 | 东校区: 怀化市鹤城区迎丰东路798号 | 中方校区: 怀化市中方县城北鸭嘴岩镇,湖南省怀化市鹤城区怀东路180号,02_简介,exact,1.0,text_major
4374,张家界航空工业职业技术学院,—,—,—,—,location.address,张家界航空工业职业技术学院: 湖南省张家界市武陵山大道学院路1号,湖南省张家界市永定区武陵山大道学院路1号,02_简介,exact,1.0,text_major
4386,怀化职业技术学院,—,—,—,—,location.address,怀化校区: 湖南省怀化国际陆港经济开发区209国道与天星西路交汇处 | 安江校区: 湖南省怀化市鹤城区河西街道,通信地址：湖南省怀化国际陆港经济开发区209 国道与天星西路交汇处 邮政编码：418000 招生咨询电话：0745-2775611，2775993 招生信息发布网址：http://www.hhvtc.com.cn/ （学院官网） http://zs.hhvtc.com.cn/ （招生信息网） 监督投诉电话：0745-2775000,02_简介,exact,1.0,text_major
4367,永州职业技术学院,—,—,—,—,location.address,永州职业技术学院: 湖南省永州市零陵区永州大道289号,湖南省永州市零陵区永州大道289号,02_简介,exact,1.0,text_major
4348,湖南中医药高等专科学校,—,—,—,—,location.address,云龙校区: 湖南省株洲市石峰区智慧路88号 | 芦淞校区: 湖南省株洲市芦淞区芦淞路136号,学校地址：湖南省株洲市石峰区智慧路88号（云龙校区） 湖南省株洲市芦淞区芦淞路136号（芦淞校区）,02_简介,exact,1.0,text_major
4765,湖南九嶷职业技术学院,—,—,—,—,location.address,湖南九嶷职业技术学院: 湖南省永州市冷水滩区永州大道2号,地址：湖南省永州市冷水滩区永州大道 2号,02_简介,exact,1.0,text_major
4355,湖南交通职业技术学院,—,—,—,—,location.address,湖南交通职业技术学院: 湖南省长沙市黄兴镇,通讯地址：湖南长沙黄兴镇湖南交通职业技术学院 邮编：410132,02_简介,exact,1.0,text_major
4984,湖南体育职业学院,—,—,—,—,location.address,湖南体育职业学院: 长沙市雨花区体院北路469号,湖南省长沙市雨花区体院路469号,02_简介,exact,1.0,text_major
4307,湖南农业大学,—,—,—,—,location.address,湖南农业大学: 湖南省长沙市芙蓉区农大路1号,湖南省长沙市芙蓉区农大路一号,02_简介,exact,1.0,text_major
4362,湖南信息职业技术学院,—,—,—,—,location.address,望城校区: 湖南省长沙市望城区旺旺中路8号 | 芙蓉校区: 湖南省长沙市芙蓉区职院街169号,湖南省长沙市望城区旺旺中路8号,02_简介,exact,1.0,text_major
4379,湖南劳动人事职业学院,—,—,—,—,location.address,湖南劳动人事职业学院: 湖南省长沙经济技术开发区开元东路1319号,长沙经济开发区星沙产业基地开元东路1319号,02_简介,exact,1.0,text_major
4388,湖南化工职业技术学院,—,—,—,—,location.address,石峰校区(北院): 湖南省株洲市石峰区职教大学城智慧路118号 | 石峰校区(南院): 湖南省株洲市石峰区职教大学城明礼路208号 | 醴陵校区: 湖南省株洲市醴陵市长庆示范区醴陵大道旁,湖南省株洲市石峰区职教大学城智慧路118号 招生就业处,02_简介,exact,1.0,text_major
4955,湖南司法警官职业学院,—,—,—,—,location.address,湖南司法警官职业学院: 长沙市远大二路1069号,湖南省长沙市芙蓉区远大二路1069号,02_简介,exact,1.0,text_major
4371,湖南商务职业技术学院,—,—,—,—,location.address,商务校区: 湖南省长沙市岳麓区雷锋大道413号 | 外贸校区: 湖南省长沙市望城区丁字湾街道外贸路1号,湖南省长沙市岳麓区雷锋大道413号,02_简介,exact,1.0,text_major
4357,湖南医药学院,—,—,—,—,location.address,西校区: 湖南省怀化市锦溪南路492号 | 东校区: 湖南省怀化市怀东路,湖南省怀化市鹤城区锦溪南路492号,02_简介,exact,1.0,text_major
4331,湖南城市学院,—,—,—,—,location.address,湖南城市学院: 湖南省益阳市迎宾东路518号,湖南省益阳市迎宾东路518号,02_简介,exact,1.0,text_major
4766,湖南国防工业职业技术学院,—,—,—,—,location.address,湖南国防工业职业技术学院: 湖南省湘潭市雨湖区楠竹山学院路1号,湖南省湘潭市楠竹山学院路1号,02_简介,exact,1.0,text_major
4368,湖南大众传媒职业技术学院,—,—,—,—,location.address,北院: 湖南省长沙市星沙经济技术开发区天华路322号 | 南院: 长沙市雨花区新建西路77号,湖南省长沙市星沙经济开发区天华路322号；邮编：410100；招生咨询电话：0731-84028681；0731-84028686,02_简介,exact,1.0,text_major
0049,湖南大学,—,—,—,—,location.address,南校区: 湖南省长沙市岳麓区麓山南路麓山门 | 财院校区: 长沙市岳麓区石佳冲路109号,湖南省长沙市岳麓区麓山南路2号　邮编:410082,02_简介,exact,1.0,text_major
4981,湖南安全技术职业学院,—,—,—,—,location.address,湖南安全技术职业学院: 湖南省长沙市万家丽北路66号,"1）火车站：火车站步行700米到五里牌公交车站，乘142路车到红树湾公交车站，往北步行200米至我院。或乘136、805、113路车到洪山桥转乘星2路或205路车至我院；
（2）火车南站：乘地铁2号线至火车站，按火车站乘车路线至我院；
（3）汽车东站、北站：乘星2路至我院；
（4）汽车西站：乘203路车到红树湾，往北步行200米至我院；或乘星沙专线到洪山桥再转乘星2路至我院；
（5）汽车南站：乘7路至火车站按火车站乘车路线至我院；
（6）自驾车来校的家长，请沿万家丽高架往北直行可达我院。京珠高速可在三一、星沙出口出高速来我院。",02_简介,exact,1.0,text_major
4764,湖南女子学院,—,—,—,—,location.address,湖南女子学院: 长沙市中意一路160号,湖南省长沙市中意一路160号,02_简介,exact,1.0,text_major
4335,湖南工业大学,—,—,—,—,location.address,主校区: 湖南省株洲市天元区泰山西路88号 | 东校区: 湖南省株洲市荷塘区文化路23号,湖南省株洲市天元区泰山西路88号,02_简介,exact,1.0,text_major
4352,湖南工业职业技术学院,—,—,—,—,location.address,湖南工业职业技术学院: 湖南省长沙市岳麓区含浦中路80号,湖南省长沙市岳麓山大学城含浦科教园,02_简介,exact,1.0,text_major
4321,湖南工商大学,—,—,—,—,location.address,南校区: 湖南省长沙市岳麓区岳麓大道569号 | 北校区: 湖南省长沙市雷锋大道大泽湖街道东马社区 | 月亮岛校区: 长沙市望城区大泽湖街道潇湘北路与栖贤路交叉口 | 百果园校区: 长沙市望城区金山桥街道金坪社区,湖南省长沙市岳麓区岳麓大道569号,02_简介,exact,1.0,text_major
4346,湖南工学院,—,—,—,—,location.address,湖南工学院: 湖南省衡阳市珠晖区衡花路18号,湖南省衡阳市珠晖区衡花路18号,02_简介,exact,1.0,text_major
4341,湖南工程学院,—,—,—,—,location.address,主校区: 湖南省湘潭市福星东路88号 | 南校区: 湖南省湘潭市书院路17号,通信地址：湖南省湘潭市岳塘区福星中路88号 邮政编码：411104,02_简介,exact,1.0,text_major
4375,湖南工程职业技术学院,—,—,—,—,location.address,北院: 湖南省长沙市万家丽北路水渡河路100号 | 南院: 湖南省长沙市天心区新开铺路1519号,湖南省长沙市万家丽北路水渡河路100号,02_简介,exact,1.0,text_major
4311,湖南师范大学,—,—,—,—,location.address,主校区: 长沙市岳麓区麓山路36号 | 南院校区: 长沙市岳麓区河西麓山南路 | 咸嘉湖校区: 长沙市岳麓区桐梓坡路371号 | 桃花坪校区: 长沙市岳麓区左家垅桃花坪1号 | 张公岭校区: 湖南省长沙市芙蓉区纬六路 | 天马校区: 湖南省长沙市岳麓区阜埠河路221号,地址：长沙市麓山路36号 邮政编码：410081,02_简介,exact,1.0,text_major
4340,湖南幼儿师范高等专科学校,—,—,—,—,location.address,湖南幼儿师范高等专科学校: 湖南省常德市武陵区高泗路600号,湖南省常德市武陵区高泗路600号,02_简介,exact,1.0,text_major
4318,湖南文理学院,—,—,—,—,location.address,西校区: 常德市武陵区洞庭大道3150号 | 东校区: 常德市武陵区高专路100号,湖南省常德市武陵区洞庭大道3150号,02_简介,exact,1.0,text_major
4390,湖南有色金属职业技术学院,—,—,—,—,location.address,校本部: 湖南省株洲市石峰区学林街道香樟社区明礼路197号 | 南校区: 湖南省株洲市荷塘区石宋路1059号,地址：株洲市云龙示范区职教大学城盘龙路88号 邮编：412006 电话：0731-22713089（院党政办公室） 0731-22713079 0731-22713066 0731-22713033（招生就业） 0731-22713070（培训鉴定科研服务） 传真：0731-22713000 网址：www.hnyszy.com.cn,02_简介,exact,1.0,text_major
4356,湖南水利水电职业技术学院,—,—,—,—,location.address,湖南水利水电职业技术学院: 湖南省长沙经济技术开发区(星沙)东四路20号,湖南省长沙经济技术开发区(星沙)东四路20号,02_简介,exact,1.0,text_major
4979,湖南民族职业学院,—,—,—,—,location.address,湖南民族职业学院: 湖南省岳阳市学院路,湖南省岳阳市湘北大道湖南民族职业学院,02_简介,exact,1.0,text_major
4358,湖南环境生物职业技术学院,—,—,—,—,location.address,北校区: 湖南省衡阳市石鼓区望城路165号 | 南校区: 湖南省衡阳市蒸湘区船山西路20号,湖南省衡阳市石鼓区望城路165号,02_简介,exact,1.0,text_major
4382,湖南机电职业技术学院,—,—,—,—,location.address,湖南机电职业技术学院: 湖南省长沙市万家丽北路359号,通信地址：湖南省长沙市万家丽北路一段359号。,02_简介,exact,1.0,text_major
4350,湖南理工职业技术学院,—,—,—,—,location.address,湖南理工职业技术学院: 湖南省湘潭市河东大道10号,湖南省湘潭市河东大道10号,02_简介,exact,1.0,text_major
4312,湖南理工大学,—,—,—,—,location.address,湖南理工学院: 岳阳市岳阳楼区湘北大道439号,"邮编：414006
地址：湖南省岳阳市学院路",02_简介,exact,1.0,text_major
4974,湖南石油化工职业技术学院,—,—,—,—,location.address,湖南石油化工职业技术学院: 湖南省岳阳市湘北大道188号,湖南省岳阳市岳阳县新开镇湘北大道,02_简介,exact,1.0,text_major
4304,湖南科技大学,—,—,—,—,location.address,湖南科技大学: 湖南省湘潭市桃园路,地 址：湖南省湘潭市桃园路 邮政编码：411201 联系电话：0731-58290670　 传真电话：0731-58290147,02_简介,exact,1.0,text_major
4319,湖南科技学院,—,—,—,—,location.address,湖南科技学院: 湖南省永州市零陵区杨梓塘路130号,湖南省永州市零陵区杨梓塘路130号,02_简介,exact,1.0,text_major
4359,湖南科技职业学院,—,—,—,—,location.address,天心校区(北院): 湖南省长沙市天心区中意三路7号 | 天心校区(南院): 湖南省长沙市天心区中意三路122号 | 雨花校区: 湖南省长沙市雨花区井湾路784号,湖南省长沙市天心区天心大道4291号，湖南科技职业学院新校区,02_简介,exact,1.0,text_major
4322,湖南第一师范学院,—,—,—,—,location.address,城南书院校区: 长沙市天心区书院路356号 | 东方红校区: 长沙市岳麓区枫林三路1015号 | 黄花校区: 湖南省长沙市临空经济示范区(待建中),长沙市岳麓区枫林三路1015号湖南第一师范学院,02_简介,exact,1.0,text_major
4363,湖南网络工程职业学院,—,—,—,—,location.address,湖南网络工程职业学院: 湖南省长沙市芙蓉南路一段371号,湖南长沙青园路168号,02_简介,exact,1.0,text_major
4333,湖南财政经济学院,—,—,—,—,location.address,主校区: 湖南省长沙市湘江新区枫林二路139号 | 雷锋校区: 黄桥大道与枫林三路交汇处,湖南省长沙市湘江新区枫林二路139号,02_简介,exact,1.0,text_major
4385,湖南财经工业职业技术学院,—,—,—,—,location.address,湖南财经工业职业技术学院: 湖南省衡阳市珠晖区狮山路20号,湖南省衡阳市珠晖区狮山路20号,02_简介,exact,1.0,text_major
4369,湖南邮电职业技术学院,—,—,—,—,location.address,湖南邮电职业技术学院: 湖南省长沙市天心区南湖路沙湖街128号,"学院地址：湖南省长沙市天心区南湖路沙湖街128号
邮政编码：410015
联系电话：0731-85201868、85201878",02_简介,exact,1.0,text_major
4987,湖南食品药品职业学院,—,—,—,—,location.address,湖南食品药品职业学院: 湖南省长沙市岳麓区含浦学士路345号,湖南省长沙市岳麓区岳麓科技产业园学士路345号,02_简介,exact,1.0,text_major
4366,湖南铁道职业技术学院,—,—,—,—,location.address,田心校区: 株洲市石峰区田心大道18号 | 云龙校区: 株洲市石峰区田心大道1111号 | 铁科校区: 株洲市石峰区智慧路1号,湖南省株洲市石峰区田心路18号(田心南校区) ；湖南省株洲市石峰区田心大道1111号（云龙西校区）；湖南省株洲市石峰区智慧路123号（云龙东校区）。,02_简介,exact,1.0,text_major
4972,湖南高速铁路职业技术学院,—,—,—,—,location.address,湖南高速铁路职业技术学院: 衡阳市珠晖区三环东路南9号,湖南省衡阳市珠晖区三环东路南9号,02_简介,exact,1.0,text_major
4314,湘南学院,—,—,—,—,location.address,王仙校区: 湖南省郴州市郴州大道889号 | 北湖校区: 湖南省郴州市北湖区人民西路25号,通讯地址：湖南省郴州市郴州大道889号湘南学院招生与就业指导处 邮政编码：423043； 联系电话：（0735）2653053、2653178、2653052、2653055、2653189； 电子信箱：36315298@qq.com（曾老师） 招生信息网：https://zs.xnu.edu.cn,02_简介,exact,1.0,text_major
4396,湘南幼儿师范高等专科学校,—,—,—,—,location.address,湘南幼儿师范高等专科学校: 郴州市南岭大道180号,湖南省郴州市南岭大道180号,02_简介,exact,1.0,text_major
4370,湘潭医卫职业技术学院,—,—,—,—,location.address,校本部: 湖南省湘潭市岳塘区双拥中路 | 河西校区: 湖南省湘潭市雨湖区和平路54号,"学校办学地址：校本部位于湖南省湘潭市岳塘区双拥中路，邮编：411102；河西校区位于湖南省湘潭市雨湖区和平路54号, 邮编：411100 。",02_简介,exact,1.0,text_major
4301,湘潭大学,—,—,—,—,location.address,湘潭大学: 湖南省湘潭市雨湖区北二环,地址：湖南省湘潭市 湘潭大学招生与就业指导处招生科（服务大楼111室） 邮编：411105 电话：0731-58293807、58292814、58292841、58293451、58293275 E-mail: zsk@xtu.edu.cn 微信服务平台：湘潭大学本科招生,02_简介,exact,1.0,text_major
4387,湘西民族职业技术学院,—,—,—,—,location.address,湘西民族职业技术学院: 湖南省湘西高新技术产业开发区武陵山大道3号,湖南省湘西经济开发区湘西职院（武陵大道1号）邮编：416000,02_简介,exact,1.0,text_major
4349,益阳医学高等专科学校,—,—,—,—,location.address,益阳医学高等专科学校: 湖南省益阳市迎宾东路516号,湖南省益阳市迎宾东路516号,02_简介,exact,1.0,text_major
4343,邵阳学院,—,—,—,—,location.address,李子园校区: 邵阳市大祥区邵水西路3巷28号 | 七里坪校区: 邵阳市大祥区学院路七里坪 | 江北校区: 邵阳市北塔区新滩镇办事处磨石社区(魏源西路与北塔路交叉口),湖南省邵阳市大祥区学院路,02_简介,exact,1.0,text_major
4951,郴州职业技术学院,—,—,—,—,location.address,郴州职业技术学院: 郴州市王仙岭郴州大道909号,郴州市苏仙区王仙岭郴州大道909号,02_简介,exact,1.0,text_major
4956,长沙商贸旅游职业技术学院,—,—,—,—,location.address,长沙商贸旅游职业技术学院: 长沙市雨花区圭白路16号,长沙市雨花区圭白路16号   410116,02_简介,exact,1.0,text_major
4391,长沙卫生职业学院,—,—,—,—,location.address,长沙卫生职业学院: 湖南省长沙市湘江新区香山大学城岳宁大道6号,地址：湖南省长沙市湘江新区香山大学城岳宁大道6号。,02_简介,exact,1.0,text_major
4332,长沙学院,—,—,—,—,location.address,长沙学院: 长沙市开福区洪山路98号,地址：长沙市开福区洪山路98号 招生就业热线：0731- 84261447 邮编：410022,02_简介,exact,1.0,text_major
4329,长沙工业学院,—,—,—,—,location.address,桃花坪校区: 湖南省长沙市岳麓区桃花坪1号 | 张公岭校区: 长沙市芙蓉区张公岭亚大路58号 | 咸嘉湖校区: 长沙市岳麓区桐梓坡路,中国湖南省长沙市望城区旺旺西路366号,02_简介,exact,1.0,text_major
4347,长沙师范学院,—,—,—,—,location.address,南校区: 湖南省长沙市星沙特立路9号 | 北校区: 湖南省长沙市安沙万花园路9号,湖南省长沙市·星沙·特立路9号,02_简介,exact,1.0,text_major
4376,长沙环境保护职业技术学院,—,—,—,—,location.address,长沙环境保护职业技术学院: 湖南省长沙市雨花区木莲东路505号,湖南省长沙市雨花区井圭路10号长沙环境保护职业技术学院招生就业与创新创业指导处 0731-85622728/85622888,02_简介,exact,1.0,text_major
4351,长沙民政职业技术学院,—,—,—,—,location.address,长沙民政职业技术学院: 湖南长沙香樟路421号,湖南省长沙市雨花区香樟路421号,02_简介,exact,1.0,text_major
4306,长沙理工大学,—,—,—,—,location.address,金盆岭校区: 湖南省长沙市(天心区)赤岭路45号 | 云塘校区: 湖南省长沙市(天心区)万家丽南路二段960号,云塘校区地址：湖南省长沙市（天心区）万家丽南路二段960号 邮编：410114 金盆岭校区地址：湖南省长沙市（天心区）赤岭路45号 邮编：410076,02_简介,exact,1.0,text_major
4392,长沙职业技术学院,—,—,—,—,location.address,主校区: 长沙市湘江新区谷苑路 522 号 | 浏阳校区: 长沙市浏阳市思邈路75号,长沙市湘江新区谷苑路 522 号,02_简介,exact,1.0,text_major
4381,长沙航空职业技术学院,—,—,—,—,location.address,跳马校区: 湖南省长沙市雨花区跳马镇田心桥 | 圭塘校区: 湖南省长沙市雨花区体院路348号,湖南省长沙市雨花区跳马镇田心桥长沙航空职业技术学院,02_简介,exact,1.0,text_major
4432,东莞理工学院,—,—,—,—,location.address,松山湖校区: 广东省东莞市松山湖高新技术产业开发区大学路1号 | 莞城校区: 广东省东莞市莞城区学院路251号,广东省东莞市松山湖大学路1号,02_简介,exact,1.0,text_major
0050,中山大学,—,—,—,—,location.address,广州校区南校园: 广东省广州市新港西路135号 | 广州校区北校园: 广东省广州市越秀区中山二路074号 | 广州校区东校园: 广东省广州市番禺区外环东路132号 | 珠海校区: 广东省珠海市唐家湾 | 深圳校区: 广东省深圳市光明区公常路66号,广州市新港西路135号,02_简介,exact,1.0,text_major
4950,中山职业技术学院,—,—,—,—,location.address,中山职业技术学院: 广东省中山市东区博爱七路25号,广东省中山市东区博爱七路25号,02_简介,exact,1.0,text_major
4444,五邑大学,—,—,—,—,location.address,五邑大学: 广东省江门市迎宾大道中99号,广东江门市蓬江区迎宾大道中99号 五邑大学学生综合服务中心201招生办公室,02_简介,exact,1.0,text_major
4404,华南农业大学,—,—,—,—,location.address,华南农业大学: 广东省广州市天河区五山483号,广东省广州市天河区五山路483号华南农业大学，510642。,02_简介,exact,1.0,text_major
4441,北师香港浸会大学,—,—,—,—,location.address,北京师范大学-香港浸会大学联合国际学院: 广东省珠海市唐家湾金同路2000号,本科招生咨询： 1、本科招生热线：（0756）3620011、3620022、 3620033、 3620044、3620055、3620066、 3620077、 3620088 2、招生咨询邮箱：admission@uic.edu.cn 3、学校官网网址：www.uic.edu.cn 4、招生信息网网址：https://admission.uic.edu.cn/ 5、通讯地址：广东省珠海市香洲区唐家湾金同路2000号 行政楼3楼招生办公室 6、邮政编码：519087,02_简介,exact,1.0,text_major
4410,华南师范大学,—,—,—,—,location.address,广州校区石牌校园: 广东省广州市天河区中山大道西55号 | 广州校区大学城校园: 广东省广州市番禺区广州大学城外环西路378号 | 佛山校区南海校园: 广东省佛山市南海区狮山镇万锦路 | 汕尾校区滨海校园: 广东省汕尾市城区香江大道西55号,广州市石牌华南师范大学,02_简介,exact,1.0,text_major
4439,南方医科大学,—,—,—,—,location.address,校本部: 广东省广州市白云区沙太南路1023号-1063号 | 顺德校区: 广东省顺德区容桂街马冈大道33号,广州校区：广东省广州市白云区沙太南路1023号-1063号； 顺德校区：广东省佛山市顺德区容桂街马冈大道33号。,02_简介,exact,1.0,text_major
4422,南方科技大学,—,—,—,—,location.address,南方科技大学: 广东省深圳市南山区学苑大道1088号,"地址：广东省深圳市南山区学苑大道1088号

      邮编：518055。",02_简介,exact,1.0,text_major
4417,嘉应学院,—,—,—,—,location.address,江北校区: 广东省梅州市梅江区梅松路100号 | 江南校区: 广东省梅州市梅江区华南大道19号 | 黄塘校区: 广东省梅州市梅江区黄塘路146号 | 程江校区: 广东省梅州市梅县区大新西路241号 | 丰顺校区: 广东省梅州市丰顺县汤南镇紫琳大道,广东省梅州市梅松路100号嘉应学院,02_简介,exact,1.0,text_major
4767,广东农工商职业技术学院,—,—,—,—,location.address,粤垦路校区: 广州市天河区粤垦路198号 | 增城校区: 广州市增城区中新镇风光路393号,粤垦校区：广州市天河区粤垦路198号 增城校区：广州市增城区风光路393号,02_简介,exact,1.0,text_major
4429,广东医科大学,—,—,—,—,location.address,湛江校区: 广东省湛江市霞山文明东路2号 | 东莞校区: 广东省东莞市松山湖科技园,广东省湛江市霞山区文明东路2号/ 广东省东莞松山湖高新技术产业开发区新城路1号,02_简介,exact,1.0,text_major
4437,广东外语外贸大学,—,—,—,—,location.address,白云山校区: 广州市白云区白云大道北2号 | 大学城校区: 广州市番禺区广州大学城外环东路178号 | 大朗校区: 广州市白云区广花一路599号 | 知识城校区: 中新广州知识城,"学校地址： 
中国广州市白云区白云大道北2号 邮编：510420 (白云山校区) 
中国广州市番禺区小谷围广州大学城 邮编：510006 (大学城校区)",02_简介,exact,1.0,text_major
4438,广东工业大学,—,—,—,—,location.address,校本部: 广东省广州市番禺区小谷围街广州大学城外环西路100号 | 东风路校区: 广东省广州市越秀区东风东路729号 | 龙洞校区: 广东省广州市天河区龙洞街迎龙路161号 | 番禺校区: 广东省广州市番禺区钟村街市广路钟三路段11号 | 揭阳校区: 广东省揭阳市粤东新城大学路1号,广州市番禺区广州大学城外环西路100号,02_简介,exact,1.0,text_major
4454,广东技术师范大学,—,—,—,—,location.address,东校区: 广州市天河区中山大道西293号 | 西校区: 广州市天河区龙口西路576号 | 北校区: 广州市越秀区广园西路183号 | 白云校区: 广州市白云区江高镇环镇西路155号 | 河源校区: 河源市东源县东环路,广州市天河区中山大道西293号广东技术师范大学,02_简介,exact,1.0,text_major
4470,广东工贸职业技术学院,—,—,—,—,location.address,天河校区: 广州市天河区广州大道北963号 | 白云校区: 广州市白云区钟落潭镇广从九路688号 | 荔湾校区: 广州市荔湾区芳村大道西滘口街5号,"1、天河校区地址：
广州市天河区广州大道北1098号乘坐地铁（地铁3号线梅花园站）
2、白云校区地址：广州市白云区钟落潭镇马沥社区广从九路688号
3、荔湾校区地址：广州市荔湾区滘口街5号",02_简介,exact,1.0,text_major
4464,广东文艺职业学院,—,—,—,—,location.address,番禺主校区: 广州市番禺区市广路242号 | 郭兰英分院: 广州市番禺区市广路250号 | 海联路校区: 广州市海珠区海联路25号 | 白云校区: 广州市白云区同泰路1111号,番禺校区：广东省广州市番禺区市广路242号 邮编：511400 白云校区：广东省广州市广州大道北同泰路1111号 邮编：510000,02_简介,exact,1.0,text_major
4457,广东水利电力职业技术学院,—,—,—,—,location.address,从化校区: 广州市从化区环市东路767号 | 天河校区: 广州市天河区天寿路122号,"广州市天河区天寿路122号（天河校区）
广州市从化江埔街（从化校区）",02_简介,exact,1.0,text_major
4486,广东环境保护工程职业学院,—,—,—,—,location.address,广州校区: 广州市天河区员村西街5号大院 | 校本部: 佛山市南海区桂丹西路98号,学校地址：广东省佛山市南海区桂丹西路98号；邮政编码：528216,02_简介,exact,1.0,text_major
4771,广东生态工程职业学院,—,—,—,—,location.address,天河校区(银屏岭校区): 广东省广州市天河区广汕一路297号 | 天河校区(南苑): 广东省广州市天河区龙洞街道龙林中街2号 | 海珠校区: 广东省广州市海珠区赤沙路15号 | 天河校区(北苑): 广州市天河区龙洞迎福北七巷9-10号,龙洞校区（校本部）：广东省广州市天河区广汕一路297号，（地铁六号线“龙洞站”）邮编：510520 海珠校区：交通便捷，位于赤沙路边、华南快速路侧，临近广州地铁 8 号线新港东D出口。,02_简介,exact,1.0,text_major
4908,广东艺术职业学院,—,—,—,—,location.address,天河校区: 广东省广州市天河区水荫横路13号 | 南海校区: 广东省佛山市狮山镇高尔夫路 | 越秀校区: 广东省广州市越秀区东风东路699号,西校区：广东省佛山市南海区狮山高尔夫路 邮编：528225 东校区：广东省广州市天河区水荫横路11号 邮编：510075,02_简介,exact,1.0,text_major
4460,广东茂名幼儿师范专科学校,—,—,—,—,location.address,茂名校区: 广东省茂名市西城西路6号 | 高州校区: 广东省高州市区高师路1号,"学校地址： 
1、茂名校区：广东省茂名市西城西路6号，邮编525000
2、高州校区：广东省高州市高师路1号，邮编525200",02_简介,exact,1.0,text_major
4409,广东药科大学,—,—,—,—,location.address,大学城校区: 广东省广州市大学城外环东路280号 | 赤岗校区: 广东省广州市海珠区江海大道283号 | 宝岗校区: 广东省广州市海珠区宝岗光汉直街40号 | 中山校区: 广东省中山市五桂山镇长命水大道9-13号 | 云浮校区: 广东省云浮市云安区云浮新区文华路368号,广东省广州市广州大学城外环东路280号广东药科大学,02_简介,exact,1.0,text_major
4426,广东财经大学,—,—,—,—,location.address,广州校区: 广东省广州市海珠区仑头路21号 | 佛山校区: 广东省佛山市三水区云东海街道学海中路1号,广州市海珠区仑头路21号,02_简介,exact,1.0,text_major
4427,广东金融学院,—,—,—,—,location.address,校本部: 广东省广州市天河区迎福路527号 | 肇庆校区: 广东省肇庆市星湖石牌 | 清远校区: 广东省清远市清城区东城街道环城东路北1号,广州市天河区迎福路527号,02_简介,exact,1.0,text_major
4430,广州体育学院,—,—,—,—,location.address,广州体育学院: 广东省广州市天河区广州大道中1268号,广东省广州市广州大道中1268号,02_简介,exact,1.0,text_major
4408,广州中医药大学,—,—,—,—,location.address,三元里校区: 广州市白云区机场路12号 | 大学城校区: 广州市番禺区广州大学城外环东路232号,广东省广州市番禺区大学城外环东路232号广州中医药大学,02_简介,exact,1.0,text_major
4471,广州城市职业学院,—,—,—,—,location.address,广园南校区: 广州市广园中路248号 | 广园北校区: 广东省广州市广园中路511号 | 海珠校区: 广东省广州市新港西路207号 | 滨江校区: 广东省广州市滨江东路远安新街75号 | 越秀校区: 广东省广州市越秀北路80号,学院地址：广州市增城区科教大道142号,02_简介,exact,1.0,text_major
4405,广州大学,—,—,—,—,location.address,校本部: 广州市番禺区大学城外环西路230号 | 桂花岗校区: 广州市越秀区解放北路桂花岗东1号 | 黄埔校区: 广州市黄埔区中新知识城科教创新区知明路72号,广东省广州市番禺区大学城外环西路230号,02_简介,exact,1.0,text_major
4451,广州民航职业技术学院,—,—,—,—,location.address,机场路校区: 广东省广州市白云区机场路向云西街10号 | 白云机场校区: 广州市白云国际机场空港北横六路 | 花都赤坭校区: 广州市花都区赤坭镇岭西大道,广东省广州市白云区机场路向云西街10号，邮编510403,02_简介,exact,1.0,text_major
4468,广州科技贸易职业学院,—,—,—,—,location.address,广州科技贸易职业学院: 广州市番禺区南村镇市新路北段669号,广州市番禺区南村市新路北段669号广州科技贸易职业学院,02_简介,exact,1.0,text_major
4456,广州铁路职业技术学院,—,—,—,—,location.address,石门校区: 广州市白云区石井街庆隆中路100号 | 科教城校区: 广州市增城区科德大道198号,广州市白云区石井街庆隆中路100号,02_简介,exact,1.0,text_major
4770,惠州卫生职业技术学院,—,—,—,—,location.address,惠州卫生职业技术学院: 惠州市惠城区演达大道（三栋段）,"学校地址：广东省惠州市惠城区惠南大道69号
邮政编码：516025",02_简介,exact,1.0,text_major
4413,惠州学院,—,—,—,—,location.address,惠州学院: 广东省惠州市演达大道46号,广东惠州市演达大道46号 邮编：516007,02_简介,exact,1.0,text_major
0353,暨南大学,—,—,—,—,location.address,石牌校区(校本部): 广东省广州市黄埔大道西601号 | 珠海校区: 广东省珠海市前山路206号 | 番禺校区: 广东省广州市番禺区兴业大道东855号 | 深圳校区: 广东省深圳市南山区侨城东街6号 | 广园东校区: 广东省广州市天河区瘦狗岭路377号,广州市黄埔大道西601号,02_简介,exact,1.0,text_major
4418,汕尾职业技术学院,—,—,—,—,location.address,汕尾职业技术学院: 广东省汕尾市城区文德路,广东省汕尾市城区文德路,02_简介,exact,1.0,text_major
4465,江门职业技术学院,—,—,—,—,location.address,江门职业技术学院: 广东省江门市潮连大道6号,广东省江门市潮连大道6号,02_简介,exact,1.0,text_major
4963,深圳信息职业技术大学,—,—,—,—,location.address,深圳信息职业技术学院: 深圳市龙岗区龙翔大道2188号,深圳市龙岗区龙翔大道2188号,02_简介,exact,1.0,text_major
4904,深圳北理莫斯科大学,—,—,—,—,location.address,深圳北理莫斯科大学: 广东省深圳市龙岗区大运新城国际大学园路1号,深圳市龙岗区国际大学园路1号深圳北理莫斯科大学,02_简介,exact,1.0,text_major
4790,深圳技术大学,—,—,—,—,location.address,深圳技术大学: 广东省深圳市坪山区兰田路3002号,地址：广东省深圳市坪山区兰田路3002号C3行政楼305招生办公室 邮编：518118,02_简介,exact,1.0,text_major
4777,深圳理工大学,—,—,—,—,location.address,深圳理工大学: 深圳市光明区公常路1号,学校地址：广东省深圳市光明区新湖街道公常路1号；邮政编码：518107,02_简介,exact,1.0,text_major
4446,湛江幼儿师范专科学校,—,—,—,—,location.address,湖光校区: 湛江市麻章区雷湖快线湛江教育基地南环路1号 | 遂溪校区: 湛江市遂溪县遂海路182号 | 廉江校区: 湛江市廉江市黄村街17号 | 赤坎校区: 湛江市赤坎区寸金四横路8号,学校地址： 湖光校区：湛江市麻章区雷湖快线湛江教育基地南环路1号；邮政编码：524084 遂溪校区：湛江市遂溪县遂海路182号；邮政编码：524300 廉江校区：湛江市廉江市黄村街17号；邮政编码：524400 赤坎校区：湛江市赤坎区寸金四横路8号；邮政编码：524037,02_简介,exact,1.0,text_major
4549,深圳职业技术大学,—,—,—,—,location.address,留仙洞校区: 广东省深圳市南山区留仙大道7098号 | 西丽校区: 广东省深圳市南山区沙河西路4089号 | 官龙山园区: 广东省深圳市南山区同发路113号 | 香蜜校区: 广东省深圳市福田区香蜜湖街道竹子林职教街3号 | 深汕校区: 广东省深圳市深汕合作区赤石镇大水口村,"通讯地址：广东省深圳市南山区留仙大道7098号
邮政编码：518055",02_简介,exact,1.0,text_major
4433,肇庆医学院,—,—,—,—,location.address,端州校区: 广东省肇庆市端州区西江南路6号 | 鼎湖校区: 广东省肇庆市鼎湖区新城北18区团结路1号 | 新区校区地址: 广东省肇庆市鼎湖区莲花镇富廊新村丰乐路12号,广东肇庆市鼎湖区丰乐路12号,02_简介,exact,1.0,text_major
4906,肇庆学院,—,—,—,—,location.address,主校区: 肇庆市端州区肇庆大道 | 星湖校区: 肇庆市端州区星湖大道,1.主校区：广东省肇庆市端州区肇庆大道55号。 2.星湖校区：广东省肇庆市端州区砚都大道北。,02_简介,exact,1.0,text_major
4434,韩山师范学院,—,—,—,—,location.address,韩山师范学院(西区、中区、南区): 广东省潮州市桥东 | 韩山师范学院东区: 广东省潮州市官塘工业园区,广东省潮州市桥东韩山师范学院,02_简介,exact,1.0,text_major
4412,韶关学院,—,—,—,—,location.address,韶乐园校区(主校区): 广东省韶关市浈江区大学路288号 | 韩家山校区: 广东省韶关市浈江区大学路26号 | 黄田坝校区: 广东省韶关市武江区惠民北路64号 | 十里亭校区: 广东省韶关市浈江区十里亭镇前进路48号,广东省韶关市浈江区大学路288号，邮政编码：512005,02_简介,exact,1.0,text_major
4474,顺德职业技术大学,—,—,—,—,location.address,顺德职业技术学院: 广东省佛山市顺德区德胜东路,学校地址：广东省佛山市顺德区大良德胜东路,02_简介,exact,1.0,text_major
4488,香港中文大学(深圳),—,—,—,—,location.address,香港中文大学(深圳): 深圳市龙岗区龙翔大道2001号,学校名称：香港中文大学（深圳） 学校地址：广东省深圳市龙岗区龙翔大道2001号 邮政编码：518100,02_简介,exact,1.0,text_major
4572,北海职业学院,—,—,—,—,location.address,本部校区: 广西北海市海城区西藏路48号 | 北海工业园校区: 广西北海市海城区台湾路,广西北海市西藏路北海职业学院,02_简介,exact,1.0,text_major
4528,北部湾大学,—,—,—,—,location.address,北部湾大学: 钦州市滨海新城滨海大道12号,地址：钦州市滨海新城滨海大道12号 邮编：535011 学校官网：http://www.bbgu.edu.cn/ 电话：0777-2808600、2808077 传真：0777-2808633,02_简介,exact,1.0,text_major
4507,右江民族医学院,—,—,—,—,location.address,百城校区: 广西百色市右江区城乡路98号 | 百东校区: 广西百色市右江区百色大道128号,"学校地址：广西百色市城乡路98号
邮编：533000     
联系部门：招生就业工作处",02_简介,exact,1.0,text_major
4589,崇左幼儿师范高等专科学校,—,—,—,—,location.address,校本部: 广西崇左市崇善大道55号 | 北校区: 广西崇左市江州区佛子路35号,广西崇左市江州区崇善大道55号  邮编：532200,02_简介,exact,1.0,text_major
4529,广西体育高等专科学校,—,—,—,—,location.address,广西体育高等专科学校: 广西壮族自治区南宁市公园路2号,广西南宁市公园路2号,02_简介,exact,1.0,text_major
4577,广西卫生职业技术学院,—,—,—,—,location.address,昆仑校区: 广西南宁市兴宁区昆仑大道8号 | 桃源校区: 广西南宁市青秀区桃源路37号 | 武鸣校区: 南宁市武鸣区南宁教育园区东片区长岗大道,广西 南宁市昆仑大道8号（昆仑校区） 南宁市桃源路37号（桃源校区）,02_简介,exact,1.0,text_major
4506,广西医科大学,—,—,—,—,location.address,南宁本部: 广西南宁市青秀区双拥路22号 | 玉林校区: 广西玉林市北流市新圩镇文华路107号 | 武鸣校区: 广西南宁市武鸣区武华大道武鸣段336号 | 五象校区(在建): 广西壮族自治区南宁市良庆区凤凰路23号,广西南宁市双拥路22号,02_简介,exact,1.0,text_major
4594,广西国际商务职业技术学院,—,—,—,—,location.address,大学路校区: 广西壮族自治区南宁市西乡塘区大学东路168号 | 明秀校区: 广西壮族自治区南宁市西乡塘区明秀西路30号 | 东盟校区: 广西壮族自治区南宁市武鸣区南宁华侨投资区(广西-东盟经济技术开发区)发展大道109号,广西南宁市大学东路168号,02_简介,exact,1.0,text_major
4501,广西大学,—,—,—,—,location.address,广西大学: 广西南宁市大学东路100号,通讯地址：南宁市大学东路100号 　　地址：广西大学办公北楼201室 　　邮编：530004 　　电话：0771-3232999,02_简介,exact,1.0,text_major
4565,广西工业职业技术学院,—,—,—,—,location.address,一校区: 广西南宁市秀灵路37号 | 二校区: 广西贵港市桂林路1118号 | 三校区: 广西南宁市武鸣区城厢武缘大道87号,第一校区（南宁市西乡塘区秀灵路37号） 第二校区（贵港市桂林路1118号） 第三校区（南宁市武鸣区城厢镇凤鸣路83号）,02_简介,exact,1.0,text_major
4510,广西师范大学,—,—,—,—,location.address,王城校区: 广西桂林市秀峰区王城1号 | 育才校区: 广西桂林市七星区育才路15号 | 雁山校区: 广西桂林市雁山区雁中路1号,广西桂林市育才路15号,02_简介,exact,1.0,text_major
4559,广西建设职业技术学院,—,—,—,—,location.address,相思湖校区: 南宁市西乡塘区罗文大道33号 | 武鸣校区: 南宁市武鸣区发展大道9号,学校地址：广西南宁市西乡塘区罗文大道33号,02_简介,exact,1.0,text_major
4552,广西机电职业技术学院,—,—,—,—,location.address,相思湖校区: 南宁市大学东路101号 | 江南校区: 南宁市下津路12号,广西南宁大学东路101号,02_简介,exact,1.0,text_major
4533,广西幼儿师范高等专科学校,—,—,—,—,location.address,青秀校区: 广西南宁市青秀区民族大道77号 | 平果校区: 广西百色市平果县大学路6号 | 东盟校区: 广西-东盟经济技术开发区发展大道2号,办学地点： 青秀校区：广西南宁市青秀区民族大道77号 东盟校区：广西南宁市广西-东盟经济技术开发区发展大道2号 平果校区：广西百色市平果市大学路6号 学校网址： https://www.gxyesf.edu.cn 招生电话：0771—5585188、5869751,02_简介,exact,1.0,text_major
4518,广西民族大学,—,—,—,—,location.address,相思湖校区: 广西南宁市大学东路188号 | 思源湖校区: 广西壮族自治区南宁市大学西路158号 | 武鸣校区: 南宁市广西-东盟经济技术开发区发展大道1号,中国广西南宁市西乡塘区大学东路188号,02_简介,exact,1.0,text_major
4583,广西民族师范学院,—,—,—,—,location.address,广西民族师范学院: 广西崇左市江州区佛子路23号,广西崇左市城南区佛子路23号,02_简介,exact,1.0,text_major
4571,广西现代职业技术学院,—,—,—,—,location.address,主校区: 广西河池市金城西路02号 | 新校区: 河池市金城江区东江镇，金宜大道北侧，那马水库西北侧,广西河池市金城江区金城西路2号,02_简介,exact,1.0,text_major
4883,广西物流职业技术学院,—,—,—,—,location.address,广西物流职业技术学院: 广西贵港市港北区聚贤路8号,"广西贵港市西江教育园区
经三路8号",02_简介,exact,1.0,text_major
4563,广西生态工程职业技术学院,—,—,—,—,location.address,广西生态工程职业技术学院: 广西柳州市柳北区君武路168号,广西柳州市柳北区君武路168号广西生态工程职业技术学院,02_简介,exact,1.0,text_major
4560,广西电力职业技术学院,—,—,—,—,location.address,五象校区: 广西南宁市玉洞大道109号 | 科园校区地址: 广西南宁市科园大道39号,广西南宁科园大道39号,02_简介,exact,1.0,text_major
4502,广西科技大学,—,—,—,—,location.address,文昌校区: 广西柳州市城中区文昌路2号 | 柳石校区: 广西柳州市鱼峰区柳石路257号 | 柳东校区: 广西柳州市鱼峰区官塘大道19号,广西柳州市城中区东环大道268号,02_简介,exact,1.0,text_major
4558,广西自然资源职业技术学院,—,—,—,—,location.address,广西自然资源职业技术学院: 中国-东盟南宁空港经济区空港大道东29号,中国-东盟南宁空港经济区空港大道东29号,02_简介,exact,1.0,text_major
4505,广西财经学院,—,—,—,—,location.address,相思湖校区: 广西南宁市大学西路189号 | 明秀校区: 广西南宁市明秀西路100号 | 武鸣校区: 广西南宁市武鸣区红岭大道636号,通讯地址：广西南宁市大学西路189号     邮政编码：530007,02_简介,exact,1.0,text_major
4581,广西金融职业技术学院,—,—,—,—,location.address,东校区: 广西南宁市西乡塘区大学东路91号 | 西校区: 广西南宁市西乡塘区大学西路168号,广西南宁市大学东路91号,02_简介,exact,1.0,text_major
4576,柳州城市职业学院,—,—,—,—,location.address,柳州城市职业学院: 柳州市鱼峰区官塘大道文苑路1号,广西柳州市鱼峰区官塘大道文苑路1号,02_简介,exact,1.0,text_major
4598,柳州铁道职业技术学院,—,—,—,—,location.address,柳州铁道职业技术学院: 广西柳州市鱼峰区文苑路2号,地址（邮编）：广西壮族自治区柳州市鱼峰区文苑路2号（545616）,02_简介,exact,1.0,text_major
4509,桂林医科大学,—,—,—,—,location.address,乐群校区: 广西桂林市秀峰区乐群路20号 | 东城校区: 广西桂林市七星区环城北二路109号 | 临桂校区: 广西桂林市临桂区致远路1号,通信地址：广西桂林市临桂区致远路1号桂林医科大学招生办 邮政编码：541199,02_简介,exact,1.0,text_major
4525,桂林旅游学院,—,—,—,—,location.address,雁山校区: 广西桂林市雁山区良丰路26号 | 骖鸾校区: 广西桂林市七星区骖鸾路5号,中国广西桂林市雁山区雁山镇良丰路26号,02_简介,exact,1.0,text_major
4504,桂林理工大学,—,—,—,—,location.address,桂林屏风校区: 桂林市七星区建干路12号 | 桂林雁山校区: 桂林市雁山区雁山街319号 | 南宁安吉校区: 南宁市安吉大道15号 | 南宁空港校区: 崇左市扶绥县空港大道21号,中国广西桂林市建干路12号,02_简介,exact,1.0,text_major
4503,桂林电子科技大学,—,—,—,—,location.address,金鸡岭校区: 桂林市七星区金鸡路1号 | 六合路校区: 桂林市东江街道六合路123号 | 花江校区: 桂林市灵川县灵田镇东田村 | 北海银滩校区: 北海市银海区银滩大道88号 | 北海南珠校区: 北海市银海区龙潭南珠大道9号,"学校网址：https://www.guet.edu.cn/

招生信息网：https://www.guet.edu.cn/zs/

招生咨询电话：0773-2290010（兼传真）

招生咨询邮箱：zhaosheng@guet.edu.cn

地址：广西桂林市金鸡路1号

邮编：541004",02_简介,exact,1.0,text_major
4520,桂林航天工业学院,—,—,—,—,location.address,桂林航天工业学院: 广西桂林市金鸡路2号,"广西桂林市七星区金鸡路2号
邮编：541004",02_简介,exact,1.0,text_major
4597,梧州职业学院,—,—,—,—,location.address,梧州职业学院: 广西梧州市三龙大道88号,广西壮族自治区梧州市长洲区三龙大道 88号,02_简介,exact,1.0,text_major
4545,梧州学院,—,—,—,—,location.address,北校区: 广西壮族自治区梧州市富民三路82号 | 师范校区: 广西壮族自治区梧州市富民二路新民里13号,广西梧州市富民三路82号,02_简介,exact,1.0,text_major
4521,河池学院,—,—,—,—,location.address,河池学院: 广西壮族自治区河池市宜州区龙江路42号,学校地址：广西河池市宜州区龙江路42号 联系电话（兼传真）：0778-3142339；18176187340（招生期间） E-mail：hcxyzsb@hcnu.edu.cn,02_简介,exact,1.0,text_major
4514,玉林师范学院,—,—,—,—,location.address,东校区: 广西玉林市教育东路1303号 | 西校区: 广西玉林市教育中路299号,学校通信地址：广西玉林市教育东路东1303号玉林师范学院东校区,02_简介,exact,1.0,text_major
4554,钦州幼儿师范高等专科学校,—,—,—,—,location.address,钦州校区: 广西壮族自治区钦州市钦南区南珠街道西环南路89号 | 合浦校区: 合浦县城的原钦州市合浦师范学校,广西壮族自治区钦州市钦南区西环南路89号　钦州幼儿师范高等专科学校,02_简介,exact,1.0,text_major
4569,百色职业学院,—,—,—,—,location.address,第一校区: 百色市城东路群来坡巷161号 | 百东新校区: 百色市右江区永靖大道,广西百色市右江区城东路群来坡巷161号,02_简介,exact,1.0,text_major
4546,贺州学院,—,—,—,—,location.address,西校区: 广西壮族自治区贺州市八步区潇贺大道3261号 | 东校区: 广西壮族自治区贺州市西约街169号,广西贺州市八步区潇贺大道3261号,02_简介,exact,1.0,text_major
4523,百色学院,—,—,—,—,location.address,东合校区: 广西壮族自治区百色市右江区中山二路21号 | 澄碧校区: 广西壮族自治区百色市右江区盘百二级公路东,广西百色市右江区中山二路21号,02_简介,exact,1.0,text_major
4659,海南外国语职业学院,—,—,—,—,location.address,海南外国语职业学院: 海南省文昌市教育路178号,海南省文昌市教育路178号海南外国语职业学院,02_简介,exact,1.0,text_major
4693,海南卫生健康职业学院,—,—,—,—,location.address,秀华校区: 海南省海口市秀英区秀华路32号 | 椰海校区: 海南省海口市龙华区白水塘路48号,海南省海口市秀英区秀华路32号,02_简介,exact,1.0,text_major
4617,海南医科大学,—,—,—,—,location.address,城西校区: 海南省海口市龙华区学院路3号,海南省海口市龙华区城西学院路3号海南医学院招生办公室               邮编：571199,02_简介,exact,1.0,text_major
4605,海南大学,—,—,—,—,location.address,海甸校区: 海南省海口市美兰区人民大道58号 | 儋州校区: 海南省儋州市宝岛新村 | 城西校区: 海南省海口市龙华区学院路4号 | 观澜湖校区: 海口市龙华区龙桥镇羊山大道52号 | 崖州湾科教园: 三亚市崖州湾科技城规划一路,海南省海口市美兰区人民大道58号海南大学,02_简介,exact,1.0,text_major
4615,海南师范大学,—,—,—,—,location.address,龙昆南校区: 海南省海口市琼山区龙昆南路99号 | 桂林洋校区: 海南省海口市美兰区校际一号路3号,海南省海口市龙昆南路99号,02_简介,exact,1.0,text_major
4611,海南热带海洋学院,—,—,—,—,location.address,三亚校区: 海南省三亚市育才路1号 | 五指山校区: 海南省五指山市泰翡路,海南省三亚市育才路1号,02_简介,exact,1.0,text_major
4656,海南经贸职业技术学院,—,—,—,—,location.address,海南经贸职业技术学院: 海南省海口市桂林洋高校区,海南省海口市桂林洋高校区,02_简介,exact,1.0,text_major
4651,海南职业技术学院,—,—,—,—,location.address,海南职业技术学院: 海南省海口市龙华区南海大道95号,学院地址：海南省海口市龙华区南海大道95号 邮政编码:570216 招生电话：0898-31930666 31930777 31930888,02_简介,exact,1.0,text_major
4655,海南软件职业技术学院,—,—,—,—,location.address,海南软件职业技术学院: 海南省琼海市富海路128号,海南省琼海市富海路128号 海南软件职业技术学院,02_简介,exact,1.0,text_major
5015,四川外国语大学,—,—,—,—,location.address,四川外国语大学: 重庆市沙坪坝区壮志路33号,重庆市沙坪坝区壮志路33号  邮编400031,02_简介,exact,1.0,text_major
4618,琼台师范学院,—,—,—,—,location.address,桂林洋校区: 海南省海口市桂林洋高校区 | 府城校区: 海南省海口市琼山区府城中山8号,学校地址：海南省海口市琼山区中山路8号（府城校区） 海南省海口市桂林洋高校区（桂林洋校区） 联系电话：0898—66671919 、65897455 学校网址：www.qtnu.edu.cn E-mail:qtsfzsb@163.com 咨询QQ：372652719、2235837205,02_简介,exact,1.0,text_major
5018,四川美术学院,—,—,—,—,location.address,黄桷坪校区: 重庆市九龙坡区黄桷坪正街108号 | 虎溪校区: 重庆市沙坪坝区大学城南路56号,重庆市沙坪坝区大学城南路56号,02_简介,exact,1.0,text_major
5017,西南政法大学,—,—,—,—,location.address,沙坪坝校区: 重庆市沙坪坝区壮志路2号 | 渝北校区: 重庆市渝北区宝圣大道301号 | 宝圣湖校区: 重庆市渝北区兴科二路1号,"招生办地址：重庆市渝北区宝圣大道301号 西南政法大学渝北校区本科招生办公室
邮政编码：401120",02_简介,exact,1.0,text_major
0056,西南大学,—,—,—,—,location.address,北碚校区: 重庆市北碚区天生路2号 | 荣昌校区: 重庆市荣昌区学院路160号,重庆市北碚区天生路2号,02_简介,exact,1.0,text_major
5013,重庆三峡科技大学,—,—,—,—,location.address,百安校区: 重庆市万州区天星路666号 | 沙龙校区: 重庆市万州区沙龙路二段780号 | 双河口校区: 重庆市万州区厦门路600号,重庆市万州区天星路666号（新校区）（邮编：404120）,02_简介,exact,1.0,text_major
5032,重庆三峡医药高等专科学校,—,—,—,—,location.address,重庆三峡医药高等专科学校: 重庆市万州区百安坝天星路366号,"学校地址：重庆市万州区百安坝天星路366号
邮政编码：404120",02_简介,exact,1.0,text_major
5061,重庆三峡职业学院,—,—,—,—,location.address,重庆三峡职业学院: 重庆市万州区科龙路8号 | 龙都校区: 重庆市万州区天援路216号,地址：校本部（重庆市万州区科龙路8号）； 龙都校区（重庆市万州区天援路216号）,02_简介,exact,1.0,text_major
5055,重庆化工职业学院,—,—,—,—,location.address,长寿校区: 重庆市长寿区菩提东路2009号 | 江北校区: 重庆市江北区嘉陵四村100号,"学院地址：主校区：重庆市长寿区菩提东路2009号
江北校区地址：重庆市江北区观音桥嘉陵四村100号",02_简介,exact,1.0,text_major
5033,重庆医药高等专科学校,—,—,—,—,location.address,重庆医药高等专科学校: 重庆市沙坪坝区大学城中路82号,重庆市沙坪坝区大学城中路82号,02_简介,exact,1.0,text_major
5069,重庆城市职业学院,—,—,—,—,location.address,重庆城市职业学院: 重庆市永川区兴龙大道1099号,地址：重庆市永川区兴龙大道1099号      邮编：402160,02_简介,exact,1.0,text_major
5054,重庆城市管理职业学院,—,—,—,—,location.address,大学城校区: 重庆高新区虎溪大学城南二路151号 | 荣昌校区: 重庆市荣昌区昌州街道城南大道488号,重庆高新区虎溪大学城南二路151号,02_简介,exact,1.0,text_major
5077,重庆安全技术职业学院,—,—,—,—,location.address,百安校区: 重庆市万州区百安坝安庆路583号 | 沙河校区: 重庆市万州区青年路80号 | 高峰校区: 重庆市万州区高峰街道灵凤村(筹建),"邮编：4040120
地址：重庆市万州区安庆路583号",02_简介,exact,1.0,text_major
0053,重庆大学,—,—,—,—,location.address,A校区: 重庆市沙坪坝区沙正街174号 | B校区: 重庆市沙坪坝区沙北街83号 | C校区: 重庆市沙坪坝区渝碚路131号 | 虎溪校区: 重庆市沙坪坝区大学城南路55号 | 两江校区: 重庆市渝北区两江大道9号,招办联系方式：023-65102371 65102370； 招办邮箱：zhaosheng@cqu.edu.cn ；邮政编码:400030 ；地址:重庆市沙坪坝区沙坪坝正街174号。,02_简介,exact,1.0,text_major
5052,重庆工业职业技术大学,—,—,—,—,location.address,渝北校区: 重庆市渝北区(空港)桃源大道1000号 | 南川校区: 重庆市南川区景城大道8号,重庆市渝北区（空港）桃源大道1000号（渝北校区） 重庆市南川区景城大道8号（南川校区） 招生电话：023-61879050，61879051 学校网址：http://www.cqipc.edu.cn 招生网址：http://zsjy.cqipc.edu.cn 微信公众号：cqgzyzsb（添加微信公众号查看招生计划、历年录取分数线、录取查询等信息）,02_简介,exact,1.0,text_major
5068,重庆工商职业学院,—,—,—,—,location.address,华岩校区: 重庆市九龙坡区九龙科技园华龙大道1号 | 合川校区: 重庆市合川区高校园区思源路15号,九龙坡华岩校区：重庆市九龙坡区华龙大道1号； 　　 合川校区：重庆市合川区高校园区思源路15号,02_简介,exact,1.0,text_major
5053,重庆工程职业技术学院,—,—,—,—,location.address,重庆工程职业技术学院: 重庆市江津区圣泉街道南北大道南段1111号,中国·重庆市江津区圣泉街道南北大道南段1111号（邮编：4022260）,02_简介,exact,1.0,text_major
5062,重庆工贸职业技术学院,—,—,—,—,location.address,主校区: 重庆市涪陵区涪南路108号 | 涪陵高新区分校区: 涪陵国家级经开区、国家级综合保税区，距涪陵高铁站约2公里,重庆市涪陵区涪南路108号,02_简介,exact,1.0,text_major
5010,重庆师范大学,—,—,—,—,location.address,大学城校区: 重庆市沙坪坝区大学城中路37号 | 沙坪坝校区: 重庆市沙坪坝区天陈路12号 | 北碚校区: 重庆市北碚区团山堡1号,重庆市沙坪坝区大学城中路37号,02_简介,exact,1.0,text_major
5036,重庆幼儿师范高等专科学校,—,—,—,—,location.address,塘坊校区: 重庆万州区天城育才路1号 | 小湾校区: 重庆市万州区天城街道董家歇凤路116号 | 梨园校区: 重庆市云阳县望江大道1338号,办学地址：重庆万州区天城育才路1号(塘坊校区） 重庆市万州区天城歇凤路116号（小湾校区） 邮政编码：404047 重庆市云阳县望江大道1338号 （梨园校区）,02_简介,exact,1.0,text_major
5081,重庆文化艺术职业学院,—,—,—,—,location.address,重庆文化艺术职业学院: 重庆市巴南区尚文大道887号,联系地址：重庆市巴南区尚文大道887号（巴南区），邮编：400055 联系电话：023-62333136/0330,02_简介,exact,1.0,text_major
5012,重庆文理学院,—,—,—,—,location.address,红河校区: 重庆市永川区红河大道319号 | 星湖校区: 重庆市永川卫星湖文化旅游区,重庆市永川区红河大道319号,02_简介,exact,1.0,text_major
5056,重庆旅游职业学院,—,—,—,—,location.address,重庆旅游职业学院: 重庆市黔江区舟白街道学府一路一号（中国黔江城市大峡谷景区旁）,学院地址：重庆市黔江区舟白街道学府一路一号 电话：023-85086111 023-85086683    传真：023-85086555 邮编：409099 学院网址：http://www.cqvit.edu.cn,02_简介,exact,1.0,text_major
5066,重庆水利电力职业技术学院,—,—,—,—,location.address,重庆水利电力职业技术学院: 重庆市永川区昌州大道东段801号,电话：023-49838181（院办）023-49838425（招生办） 传真：023-49838181 网址：www.cqsdzy.com 邮编：402160 地址：重庆市永川区昌州大道东段801号,02_简介,exact,1.0,text_major
5025,重庆理工大学,—,—,—,—,location.address,花溪校区: 重庆市巴南区红光大道69号 | 两江校区: 重庆市渝北区龙兴镇普福大道459号,重庆市巴南区红光大道69号,02_简介,exact,1.0,text_major
5031,重庆电力高等专科学校,—,—,—,—,location.address,九龙坡校区: 重庆市九龙坡区黄桷坪街道电力四村9号 | 潼南校区: 重庆市潼南区桂林街道锦绣大道1000号,学校地址： 重庆市九龙坡区黄桷坪街道电力四村 9 号（九龙坡校区） 重庆市潼南区桂林街道锦绣大道 1000 号（潼南校区）,02_简介,exact,1.0,text_major
5022,重庆科技大学,—,—,—,—,location.address,重庆科技大学: 重庆市沙坪坝区大学城东路20号,重庆市沙坪坝区大学城东路20号 邮编：401331,02_简介,exact,1.0,text_major
5051,重庆航天职业技术学院,—,—,—,—,location.address,江北校区: 重庆市江北区红石路255号 | 两江校区: 重庆市两江新区两江大道1000号 | 江津校区: 重庆市江津区白沙镇滨江路1号,学院地址：重庆市江北区红石路255号      邮编：400021,02_简介,exact,1.0,text_major
5072,重庆财经职业学院,—,—,—,—,location.address,重庆财经职业学院: 重庆市永川区昌州大道中段88号,重庆市永川区昌州大道中段88号,02_简介,exact,1.0,text_major
5001,重庆邮电大学,—,—,—,—,location.address,重庆邮电大学: 重庆市南岸区崇文路2号,"地址：重庆市南岸区南山街道崇文路2号
编码：400065",02_简介,exact,1.0,text_major
5014,长江师范学院,—,—,—,—,location.address,长江师范学院: 重庆市涪陵区聚贤大道16号,重庆市涪陵区聚贤大道16号,02_简介,exact,1.0,text_major
5071,重庆青年职业技术学院,—,—,—,—,location.address,箭滩河校区: 重庆市巴南区龙洲湾街道沿河村 | 云篆山校区: 重庆市巴南区龙洲湾街道箭滨二路1126号 | 北碚校区: 重庆市北碚区歇马街道盐井坝1号,北碚校区：北碚区歇马街道盐井坝1号 巴南校区：巴南区龙洲湾街道箭滨二路1126号 招生咨询电话：023-68315865、68315866 学院网址：www.cqyu.edu.cn 招生网址：z.cqyu.edu.cn 咨询QQ群：805706582 学院微信公众号:cqqnzy,02_简介,exact,1.0,text_major
9211,陆军军医大学,—,—,—,—,location.address,中国人民解放军陆军军医大学: 重庆市沙坪坝区高滩岩正街30号,重庆市沙坪坝区高滩岩正街30号陆军军医大学招生工作办公室,02_简介,exact,1.0,text_major
5168,乐山职业技术学院,—,—,—,—,location.address,乐山职业技术学院: 四川省乐山市市中区青江路中段1336号,咨询地址：乐山职业技术学院学生工作部（乐山市市中区青江路中段1336号） 学院网址：www.lszyxy.com,02_简介,exact,1.0,text_major
5133,乐山师范学院,—,—,—,—,location.address,乐山师范学院: 四川省乐山市市中区滨河路778号,四川省乐山市市中区滨河路778号,02_简介,exact,1.0,text_major
5792,内江卫生与健康职业学院,—,—,—,—,location.address,内江卫生与健康职业学院: 四川省内江市东兴区汉安大道东四段368号,四川省内江市东兴区汉安大道东四段368号,02_简介,exact,1.0,text_major
5124,内江师范学院,—,—,—,—,location.address,内江师范学院: 四川省内江市东兴区红桥街1号,四川省内江市东桐路1124号,02_简介,exact,1.0,text_major
5176,内江职业技术学院,—,—,—,—,location.address,内江职业技术学院: 内江市东兴区汉安大道东四段199号,四川省内江市东兴区汉安大道东四段199号,02_简介,exact,1.0,text_major
5799,南充文化旅游职业学院,—,—,—,—,location.address,南充文化旅游职业学院: 四川省南充市阆中市文旅大道1号,学院地址：四川省阆中市文旅大道1号 邮 编：637400,02_简介,exact,1.0,text_major
5174,南充职业技术学院,—,—,—,—,location.address,东校区: 四川省南充市高坪区小龙宏发路94号 | 南校区: 四川省南充市顺庆区小西街100号 | 北校区: 四川省南充市金鱼岭正街192号 | 高坪校区: 四川省南充市高坪区鹤鸣路745号,四川省南充市高坪区小龙宏发路94号,02_简介,exact,1.0,text_major
5152,四川交通职业技术学院,—,—,—,—,location.address,四川交通职业技术学院: 成都市温江区柳台大道东段208号,学院地址：四川省成都市温江区柳台大道东段208号 邮编：611130,02_简介,exact,1.0,text_major
5180,四川信息职业技术学院,—,—,—,—,location.address,雪峰校区: 广元市利州区学府路265号 | 东坝校区: 四川省广元市利州区奔月路307号,四川省广元市四川信息职业技术学院（雪峰校区） 四川省广元市四川信息职业技术学院（东坝校区）,02_简介,exact,1.0,text_major
5112,四川农业大学,—,—,—,—,location.address,雅安校区: 雅安市雨城区新康路46号 | 成都校区: 成都市温江区惠民路211号 | 都江堰校区: 成都市都江堰市建设路288号,四川省成都市温江区惠民路211号,02_简介,exact,1.0,text_major
5172,四川化工职业技术学院,—,—,—,—,location.address,护国校区: 四川省泸州市纳溪区护国大道733号 | 酒谷湖校区: 四川省泸州市江阳区黄舣镇酒谷大道七段315号,地址：四川省泸州市纳溪区护国大道733号； 邮编：646005,02_简介,exact,1.0,text_major
5178,四川司法警官职业学院,—,—,—,—,location.address,凯江校区: 四川省德阳市凯江路二段32号 | 青衣江校区: 四川省德阳市旌阳区青衣江东路一段333号,四川省德阳市旌阳区凯江路二段32号 四川省德阳市旌阳区青衣江东路一段333号,02_简介,exact,1.0,text_major
5182,四川商务职业学院,—,—,—,—,location.address,文家校区: 成都市青羊区文家场正街227号 | 和盛校区: 成都市温江区和盛镇星艺大道188号,"和盛校区：成都市温江区和盛镇星艺大道188号
青羊校区：成都市青羊区文家正街227号",02_简介,exact,1.0,text_major
0052,四川大学,—,—,—,—,location.address,望江校区: 成都市一环路南一段24号 | 华西校区: 成都市人民南路三段17号 | 江安校区: 成都市双流区川大路2号,成都市一环路南一段24号,02_简介,exact,1.0,text_major
5145,四川幼儿师范高等专科学校,—,—,—,—,location.address,东校区: 四川省江油市东山路北段100号 | 西校区: 四川省江油市诗城路西段125号 | 绵阳校区: 四川省绵阳市涪城区教育园区教育西路16号,"四川省江油市东山路100号(东校区) 邮编:621709 四川省江油市诗城路西段125号(西校区), 邮编:621700 四川省绵阳市涪城区教育园区教育西路16号(绵阳校区) 邮编:621000 咨询部门：四川幼儿师范高等专科学校招生就业处 咨询电话：0816-3661357，3662588",02_简介,exact,1.0,text_major
5199,四川护理职业学院,—,—,—,—,location.address,成都校区: 成都市龙泉驿区龙都南路173号 | 德阳校区: 德阳市一环路东一段199号,"四川省德阳市一环路东一段199号
成都市龙泉驿区龙都南路173号",02_简介,exact,1.0,text_major
5159,四川建筑职业技术大学,—,—,—,—,location.address,德阳校区: 德阳市嘉陵江西路4号 | 成都校区: 成都市青白江区万桂路388号,四川省德阳市嘉陵江西路4号,02_简介,exact,1.0,text_major
5185,四川文化产业职业学院,—,—,—,—,location.address,四川文化产业职业学院: 成都市双流区怡心街道锦江路四段399号,"四川省成都市双流区怡心街道锦江路四段399号
邮编：610213",02_简介,exact,1.0,text_major
5128,四川文理学院,—,—,—,—,location.address,莲湖校区: 四川省达州市通川区塔石路519号 | 南坝校区: 四川省达州市达川区南滨路三段406号,四川省达州市通川区塔石路中段519号,02_简介,exact,1.0,text_major
5147,四川旅游学院,—,—,—,—,location.address,四川旅游学院: 四川省成都市龙泉驿区红岭路459号,成都市龙泉驿区红岭路459号,02_简介,exact,1.0,text_major
5154,四川机电职业技术学院,—,—,—,—,location.address,马家田校区: 攀枝花市东区马家田路65号 | 金江校区: 四川省攀枝花市仁和区金沙江大道东段173号,攀枝花市东区马家田路65,02_简介,exact,1.0,text_major
5143,四川民族学院,—,—,—,—,location.address,康定A校区: 四川省康定市姑咱镇学府路4号 | 康定B校区: 四川省康定市姑咱镇学府路354号 | 泸定校区: 四川省泸定县泸桥镇瓦窑岗村,四川省康定市姑咱镇文化路4号,02_简介,exact,1.0,text_major
5173,四川水利职业技术学院,—,—,—,—,location.address,都江堰校区: 四川省成都市都江堰市水校路88号 | 羊马校区: 四川省成都市崇州市永和大道366号 | 清江校区: 四川省成都市青羊区清江东路35号 | 双合校区: 四川省成都市都江堰市灌温路2709号,"1、崇州主校区（四川省崇州市羊马新城永和大道6号）
邮政编码：611231
咨询电话：18384170680，18384170681，028-68611971
传真：028-68611777
2、都江堰校区（四川省都江堰市古堰景区侧水校路88号）
邮政编码：611830
咨询电话：028-87283415
3、郫县校区-农业类（四川省郫县杜鹃路18号）
邮政编码：611730
咨询电话：028-87882405，86557436",02_简介,exact,1.0,text_major
5165,四川职业技术学院,—,—,—,—,location.address,河东校区: 四川省遂宁市学府北路1号 | 射洪校区: 四川省遂宁市射洪经开区富民路177号 | 安居校区: 四川省遂宁市安居区安居大道东段8号 | 龙凤校区: 四川省遂宁市船山区通港大道299号,四川省遂宁市学府北路1号,02_简介,exact,1.0,text_major
5187,四川艺术职业学院,—,—,—,—,location.address,温江校区: 四川省成都市温江区和盛镇星艺大道366号 | 武侯校区: 成都市武侯区新生路5号,学校地址：四川成都市温江区和盛镇星艺大道366号。 联系电话：028-61718111 61718005 邮政编码：611131 学院网址：www.scapi.cn,02_简介,exact,1.0,text_major
5149,四川警察学院,—,—,—,—,location.address,泸州校区: 四川省泸州市江阳区龙透关路186号 | 成都校区: 四川省成都市双流区云岭路36号,四川泸州江阳区龙透关路186号,02_简介,exact,1.0,text_major
5184,四川财经职业学院,—,—,—,—,location.address,四川财经职业学院: 成都市龙泉驿区驿都西路4111号,四川省成都市龙泉驿区驿都西路4111号，邮政编码：610101,02_简介,exact,1.0,text_major
5108,四川轻化工大学,—,—,—,—,location.address,李白河校区: 四川省自贡市大安区永田路100号 | 宜宾校区: 四川省宜宾市三江新区白塔路1号 | 汇东校区: 四川省自贡市自流井区汇兴路519号 | 黄岭校区: 四川省自贡市沿滩区邓关镇学院路15号,四川省自贡市自流井区汇兴路519号,02_简介,exact,1.0,text_major
5183,四川铁道职业学院,—,—,—,—,location.address,安德校区: 四川省成都市郫都区安德街道彭温路399号 | 内江校区: 四川省内江市甜城大道,四川省成都市郫都区安德街道彭温路399号,02_简介,exact,1.0,text_major
5170,四川邮电职业技术学院,—,—,—,—,location.address,四川邮电职业技术学院: 四川省成都市锦江区静康路536号,四川省成都市锦江区静康路536号,02_简介,exact,1.0,text_major
1402,太原科技大学,—,—,—,—,rankings.usNews,175,98,02_大学排名,exact,1.0,numeric_large
1402,太原科技大学,—,—,—,—,rankings.alumni,260,84,02_大学排名,exact,1.0,numeric_large
1402,太原科技大学,—,—,—,—,rankings.arwu,291,108,02_大学排名,exact,1.0,numeric_large
1402,太原科技大学,—,—,—,—,rankings.wushulian,339,99,02_大学排名,exact,1.0,numeric_large
1402,太原科技大学,—,—,—,—,rankings.moe,511,131,02_大学排名,exact,1.0,numeric_large
1402,太原科技大学,—,—,—,—,rankings.overallRank,511,131,02_大学排名,exact,1.0,numeric_large
1402,太原科技大学,—,—,—,—,rankings.overallScore,59.6,67.7,02_大学排名,exact,1.0,numeric_large
1402,太原科技大学,—,—,—,—,rankings.popularity,13,549070,02_大学排名,exact,1.0,numeric_large
1322,河北建筑工程学院,—,—,—,—,rankings.alumni,382,455,02_大学排名,exact,1.0,numeric_large
1322,河北建筑工程学院,—,—,—,—,rankings.arwu,493,425,02_大学排名,exact,1.0,numeric_large
1322,河北建筑工程学院,—,—,—,—,rankings.wushulian,640,611,02_大学排名,exact,1.0,numeric_large
1322,河北建筑工程学院,—,—,—,—,rankings.moe,696,473,02_大学排名,exact,1.0,numeric_large
1322,河北建筑工程学院,—,—,—,—,rankings.overallRank,696,473,02_大学排名,exact,1.0,numeric_large
1395,河北水利电力学院,—,—,—,—,rankings.alumni,500,372,02_大学排名,exact,1.0,numeric_large
1395,河北水利电力学院,—,—,—,—,rankings.arwu,500,404,02_大学排名,exact,1.0,numeric_large
1395,河北水利电力学院,—,—,—,—,rankings.wushulian,787,606,02_大学排名,exact,1.0,numeric_large
1395,河北水利电力学院,—,—,—,—,rankings.moe,642,428,02_大学排名,exact,1.0,numeric_large
1395,河北水利电力学院,—,—,—,—,rankings.overallRank,642,428,02_大学排名,exact,1.0,numeric_large
1395,河北水利电力学院,—,—,—,—,rankings.popularity,2,24,02_大学排名,exact,1.0,numeric_large
1503,内蒙古科技大学,—,—,—,—,rankings.arwu,330,376,02_大学排名,exact,1.0,numeric_large
1503,内蒙古科技大学,—,—,—,—,rankings.wushulian,315,617,02_大学排名,exact,1.0,numeric_large
1503,内蒙古科技大学,—,—,—,—,rankings.moe,687,810,02_大学排名,exact,1.0,numeric_large
1503,内蒙古科技大学,—,—,—,—,rankings.overallRank,687,810,02_大学排名,exact,1.0,numeric_large
1503,内蒙古科技大学,—,—,—,—,rankings.overallScore,59.0,55.2,02_大学排名,exact,1.0,numeric_large
1503,内蒙古科技大学,—,—,—,—,rankings.popularity,1,71292,02_大学排名,exact,1.0,numeric_large
1325,河北北方学院,—,—,—,—,rankings.alumni,272,433,02_大学排名,exact,1.0,numeric_large
1325,河北北方学院,—,—,—,—,rankings.arwu,371,500,02_大学排名,exact,1.0,numeric_large
1325,河北北方学院,—,—,—,—,rankings.wushulian,470,712,02_大学排名,exact,1.0,numeric_large
1325,河北北方学院,—,—,—,—,rankings.moe,571,563,02_大学排名,exact,1.0,numeric_large
1325,河北北方学院,—,—,—,—,rankings.overallRank,571,563,02_大学排名,exact,1.0,numeric_large
1331,保定学院,—,—,—,—,rankings.arwu,500,471,02_大学排名,exact,1.0,numeric_large
1331,保定学院,—,—,—,—,rankings.wushulian,712,582,02_大学排名,exact,1.0,numeric_large
1331,保定学院,—,—,—,—,rankings.moe,563,581,02_大学排名,exact,1.0,numeric_large
1331,保定学院,—,—,—,—,rankings.overallRank,563,581,02_大学排名,exact,1.0,numeric_large
1503,内蒙古科技大学,—,—,—,—,rankings.arwu,330,460,02_大学排名,exact,1.0,numeric_large
1503,内蒙古科技大学,—,—,—,—,rankings.wushulian,315,721,02_大学排名,exact,1.0,numeric_large
1503,内蒙古科技大学,—,—,—,—,rankings.moe,687,822,02_大学排名,exact,1.0,numeric_large
1503,内蒙古科技大学,—,—,—,—,rankings.overallRank,687,822,02_大学排名,exact,1.0,numeric_large
1503,内蒙古科技大学,—,—,—,—,rankings.popularity,1,60966,02_大学排名,exact,1.0,numeric_large
6351,青海高等职业技术学院,—,—,—,—,rankings.popularity,25499,33230,02_大学排名,exact,1.0,numeric_large
1377,河北交通职业技术学院,—,—,—,—,rankings.arwu,94,113,02_大学排名,exact,1.0,numeric_large
1377,河北交通职业技术学院,—,—,—,—,rankings.popularity,56929,48078,02_大学排名,exact,1.0,numeric_large
1860,廊坊职业技术学院,—,—,—,—,rankings.arwu,501,124,02_大学排名,exact,1.0,numeric_large
1860,廊坊职业技术学院,—,—,—,—,rankings.popularity,35510,11,02_大学排名,exact,1.0,numeric_large
1378,河北化工医药职业技术学院,—,—,—,—,rankings.arwu,113,94,02_大学排名,exact,1.0,numeric_large
1378,河北化工医药职业技术学院,—,—,—,—,rankings.popularity,48078,56929,02_大学排名,exact,1.0,numeric_large
3164,上海行健职业学院,—,—,—,—,rankings.arwu,490,77,02_大学排名,exact,1.0,numeric_large
3164,上海行健职业学院,—,—,—,—,rankings.popularity,32879,2,02_大学排名,exact,1.0,numeric_large
1320,河北经贸大学,—,—,—,—,rankings.arwu,251,501,02_大学排名,exact,1.0,numeric_large
1320,河北经贸大学,—,—,—,—,rankings.overallScore,60.3,0.0,02_大学排名,exact,1.0,numeric_large
1320,河北经贸大学,—,—,—,—,rankings.popularity,6,41456,02_大学排名,exact,1.0,numeric_large
1384,河北正定师范高等专科学校,—,—,—,—,rankings.popularity,32940,73083,02_大学排名,exact,1.0,numeric_large
6579,青海柴达木职业技术学院,—,—,—,—,rankings.popularity,15070,31683,02_大学排名,exact,1.0,numeric_large
3798,山东石油化工学院,—,—,—,—,rankings.arwu,500,256,02_大学排名,exact,1.0,numeric_large
3798,山东石油化工学院,—,—,—,—,rankings.overallScore,57.8,0.0,02_大学排名,exact,1.0,numeric_large
3798,山东石油化工学院,—,—,—,—,rankings.popularity,238661,38223,02_大学排名,exact,1.0,numeric_large
1555,包头铁道职业技术学院,—,—,—,—,rankings.popularity,4,29917,02_大学排名,exact,1.0,numeric_large
2165,辽宁铁道职业技术学院,—,—,—,—,rankings.arwu,266,501,02_大学排名,exact,1.0,numeric_large
2165,辽宁铁道职业技术学院,—,—,—,—,rankings.popularity,2,29543,02_大学排名,exact,1.0,numeric_large
1466,山西机电职业技术学院,—,—,—,—,rankings.arwu,135,501,02_大学排名,exact,1.0,numeric_large
1466,山西机电职业技术学院,—,—,—,—,rankings.popularity,26827,26950,02_大学排名,exact,1.0,numeric_large
3944,徽商职业学院,—,—,—,—,rankings.popularity,23003,36238,02_大学排名,exact,1.0,numeric_large
1402,太原科技大学,—,—,—,—,links.logo,https://mcdn.chatgk.com/school/101091/logo.jfif,https://mcdn.chatgk.com/school/10109/logo.png,02_大学排名,exact,1.0,text_minor
1402,太原科技大学,—,—,—,—,links.banner,https://mcdn.chatgk.com/school/101091/banner.jpg,https://mcdn.chatgk.com/school/10109/banner.jpg,02_大学排名,exact,1.0,text_minor
1322,河北建筑工程学院,—,—,—,—,links.logo,https://mcdn.chatgk.com/school/100871/logo.png,https://mcdn.chatgk.com/school/100841/logo.png,02_大学排名,exact,1.0,text_minor
1322,河北建筑工程学院,—,—,—,—,links.banner,https://mcdn.chatgk.com/school/100871/banner.jpg,https://mcdn.chatgk.com/school/100841/banner.jpeg,02_大学排名,exact,1.0,text_minor
1395,河北水利电力学院,—,—,—,—,links.logo,https://mcdn.chatgk.com/school/100881/logo.jpeg,https://mcdn.chatgk.com/school/100851/logo.jpeg,02_大学排名,exact,1.0,text_minor
1395,河北水利电力学院,—,—,—,—,links.banner,https://mcdn.chatgk.com/school/100881/banner.jpg,https://mcdn.chatgk.com/school/100851/banner.jpg,02_大学排名,exact,1.0,text_minor
1503,内蒙古科技大学,—,—,—,—,links.logo,https://mcdn.chatgk.com/school/101271/logo.jpg,https://mcdn.chatgk.com/school/101272/logo.jpg,02_大学排名,exact,1.0,text_minor
1503,内蒙古科技大学,—,—,—,—,links.banner,https://mcdn.chatgk.com/school/101271/banner.jpg,https://mcdn.chatgk.com/school/101272/banner.jpg,02_大学排名,exact,1.0,text_minor
1325,河北北方学院,—,—,—,—,links.logo,https://mcdn.chatgk.com/school/100922/logo.jpeg,https://mcdn.chatgk.com/school/100921/logo.jpeg,02_大学排名,exact,1.0,text_minor
1325,河北北方学院,—,—,—,—,links.banner,https://mcdn.chatgk.com/school/100922/banner.jpg,https://mcdn.chatgk.com/school/100921/banner.jpg,02_大学排名,exact,1.0,text_minor
1331,保定学院,—,—,—,—,links.logo,https://mcdn.chatgk.com/school/100921/logo.jpeg,https://mcdn.chatgk.com/school/100961/logo.jpeg,02_大学排名,exact,1.0,text_minor
1331,保定学院,—,—,—,—,links.banner,https://mcdn.chatgk.com/school/100921/banner.jpg,https://mcdn.chatgk.com/school/100961/banner.jpg,02_大学排名,exact,1.0,text_minor
1503,内蒙古科技大学,—,—,—,—,links.logo,https://mcdn.chatgk.com/school/101271/logo.jpg,https://mcdn.chatgk.com/school/101273/logo.jpeg,02_大学排名,exact,1.0,text_minor
1503,内蒙古科技大学,—,—,—,—,links.banner,https://mcdn.chatgk.com/school/101271/banner.jpg,https://mcdn.chatgk.com/school/101273/banner.jpg,02_大学排名,exact,1.0,text_minor
6351,青海高等职业技术学院,—,—,—,—,links.logo,https://mcdn.chatgk.com/school/145201/logo.jpg,https://mcdn.chatgk.com/school/145202/logo.jpeg,02_大学排名,exact,1.0,text_minor
6351,青海高等职业技术学院,—,—,—,—,links.banner,https://mcdn.chatgk.com/school/145201/banner.jpg,https://mcdn.chatgk.com/school/145202/banner.jpg,02_大学排名,exact,1.0,text_minor
1377,河北交通职业技术学院,—,—,—,—,links.logo,https://mcdn.chatgk.com/school/130721/logo.jpg,https://mcdn.chatgk.com/school/130711/logo.png,02_大学排名,exact,1.0,text_minor
1377,河北交通职业技术学院,—,—,—,—,links.banner,https://mcdn.chatgk.com/school/130721/banner.jpeg,https://mcdn.chatgk.com/school/130711/banner.jpg,02_大学排名,exact,1.0,text_minor
1860,廊坊职业技术学院,—,—,—,—,links.logo,https://mcdn.chatgk.com/school/133941/logo.png,https://mcdn.chatgk.com/school/133951/logo.jpg,02_大学排名,exact,1.0,text_minor
1860,廊坊职业技术学院,—,—,—,—,links.banner,https://mcdn.chatgk.com/school/133941/banner.jpeg,https://mcdn.chatgk.com/school/133951/banner.jpeg,02_大学排名,exact,1.0,text_minor
1378,河北化工医药职业技术学院,—,—,—,—,links.logo,https://mcdn.chatgk.com/school/130711/logo.png,https://mcdn.chatgk.com/school/130721/logo.jpg,02_大学排名,exact,1.0,text_minor
1378,河北化工医药职业技术学院,—,—,—,—,links.banner,https://mcdn.chatgk.com/school/130711/banner.jpg,https://mcdn.chatgk.com/school/130721/banner.jpeg,02_大学排名,exact,1.0,text_minor
3164,上海行健职业学院,—,—,—,—,links.logo,https://mcdn.chatgk.com/school/124931/logo.jfif,https://mcdn.chatgk.com/school/124932/logo.png,02_大学排名,exact,1.0,text_minor
3164,上海行健职业学院,—,—,—,—,links.banner,https://mcdn.chatgk.com/school/124931/banner.jpeg,https://mcdn.chatgk.com/school/124932/banner.jpeg,02_大学排名,exact,1.0,text_minor
1320,河北经贸大学,—,—,—,—,links.logo,https://mcdn.chatgk.com/school/118321/logo.png,https://mcdn.chatgk.com/school/118322/logo.png,02_大学排名,exact,1.0,text_minor
1320,河北经贸大学,—,—,—,—,links.banner,https://mcdn.chatgk.com/school/118321/banner.jpg,https://mcdn.chatgk.com/school/118322/banner.jpeg,02_大学排名,exact,1.0,text_minor
1384,河北正定师范高等专科学校,—,—,—,—,links.logo,https://mcdn.chatgk.com/school/146992/logo.jpeg,https://mcdn.chatgk.com/school/141851/logo.jfif,02_大学排名,exact,1.0,text_minor
1384,河北正定师范高等专科学校,—,—,—,—,links.banner,https://mcdn.chatgk.com/school/146992/banner.jpeg,https://mcdn.chatgk.com/school/141851/banner.jpeg,02_大学排名,exact,1.0,text_minor
6579,青海柴达木职业技术学院,—,—,—,—,links.logo,https://mcdn.chatgk.com/school/145211/logo.jpeg,https://mcdn.chatgk.com/school/145212/logo.png,02_大学排名,exact,1.0,text_minor
6579,青海柴达木职业技术学院,—,—,—,—,links.banner,https://mcdn.chatgk.com/school/145211/banner.jpg,https://mcdn.chatgk.com/school/145212/banner.jpeg,02_大学排名,exact,1.0,text_minor
3798,山东石油化工学院,—,—,—,—,links.logo,https://mcdn.chatgk.com/school/133861/logo.png,https://mcdn.chatgk.com/school/133862/logo.png,02_大学排名,exact,1.0,text_minor
3798,山东石油化工学院,—,—,—,—,links.banner,https://mcdn.chatgk.com/school/133861/banner.jpg,https://mcdn.chatgk.com/school/133862/banner.png,02_大学排名,exact,1.0,text_minor
1555,包头铁道职业技术学院,—,—,—,—,links.logo,https://mcdn.chatgk.com/school/141871/logo.png,https://mcdn.chatgk.com/school/141872/logo.png,02_大学排名,exact,1.0,text_minor
1555,包头铁道职业技术学院,—,—,—,—,links.banner,https://mcdn.chatgk.com/school/141871/banner.jpeg,https://mcdn.chatgk.com/school/141872/banner.jpeg,02_大学排名,exact,1.0,text_minor
2165,辽宁铁道职业技术学院,—,—,—,—,links.logo,https://mcdn.chatgk.com/school/141881/logo.png,https://mcdn.chatgk.com/school/141882/logo.png,02_大学排名,exact,1.0,text_minor
2165,辽宁铁道职业技术学院,—,—,—,—,links.banner,https://mcdn.chatgk.com/school/141881/banner.jpeg,https://mcdn.chatgk.com/school/141882/banner.jpeg,02_大学排名,exact,1.0,text_minor
1466,山西机电职业技术学院,—,—,—,—,links.logo,https://mcdn.chatgk.com/school/128881/logo.jpeg,https://mcdn.chatgk.com/school/128882/logo.jpeg,02_大学排名,exact,1.0,text_minor
1466,山西机电职业技术学院,—,—,—,—,links.banner,https://mcdn.chatgk.com/school/128881/banner.jpeg,https://mcdn.chatgk.com/school/128882/banner.jpeg,02_大学排名,exact,1.0,text_minor
3944,徽商职业学院,—,—,—,—,links.logo,https://mcdn.chatgk.com/school/141911/logo.jpeg,https://mcdn.chatgk.com/school/141912/logo.jpeg,02_大学排名,exact,1.0,text_minor
3944,徽商职业学院,—,—,—,—,links.banner,https://mcdn.chatgk.com/school/141911/banner.jpeg,https://mcdn.chatgk.com/school/141912/banner.jpeg,02_大学排名,exact,1.0,text_minor
0308,中国人民公安大学,—,—,—,—,location.address,木樨地校区: 北京市西城区木樨地南里1号 | 团河校区: 北京市大兴区金星路9号,木樨地校区：北京市西城区木樨地南里1号 团河校区：北京市大兴区金星路9号,02_简介,exact,1.0,text_minor
0074,中央戏剧学院,—,—,—,—,location.address,东城校区: 北京市东城区东棉花胡同39号 | 昌平校区: 北京市昌平区宏福中路4号,东城校区地址：北京市东城区东棉花胡同39号 昌平校区地址：北京市昌平区宏福中路4号,02_简介,exact,1.0,text_minor
0073,中央美术学院,—,—,—,—,location.address,望京校区: 北京市朝阳区花家地南街8号 | 燕郊校区: 河北省廊坊市三河市燕郊开发区燕顺路177号 | 小营校区: 北京市朝阳区育慧南路3号 | 上海校区: 上海市浦东新区临港新城环湖南二路1099号 | 后沙峪校区: 北京市顺义区裕民大街1号 | 青岛校区: 山东省青岛市西海岸新区,望京校区：北京市朝阳区花家地南街8号 燕郊校区：河北省三河市燕郊经济开发区燕顺路177号 上海校区：上海浦东新区临港新城环湖南二路1099号,02_简介,exact,1.0,text_minor
0014,中央财经大学,—,—,—,—,location.address,学院南路校区: 北京市海淀区学院南路39号 | 沙河校区: 北京市昌平区顺沙路沙河段1号,"学院南路校区地址：北京市海淀区学院南路39号 邮编：100081

沙河校区地址：北京市昌平区沙河高教园区 邮编：102206",02_简介,exact,1.0,text_minor
1109,北京建筑大学,—,—,—,—,location.address,西城校区: 北京市西城区展览馆路1号 | 大兴校区: 北京市大兴区黄村镇永源路15号,"西城校区：北京西城区展览馆路1号； 大兴校区：北京市大兴区永源路15号； 咨询电话：010-68322507,61209710； 招生网信息：http://zsb.bucea.edu.cn",02_简介,exact,1.0,text_minor
1105,北京石油化工学院,—,—,—,—,location.address,清源校区: 北京市大兴区黄村清源北路19号 | 康庄校区: 北京市大兴区黄村镇康庄路 | 燕山校区: 北京市房山区向阳街道燕山凤凰区北里7号 | 房山校区: 北京市房山区琉璃河车站东街22号,清源校区：北京市大兴区清源北路19号。邮编：102617 房山校区：北京市房山区琉璃河车站东街22号。,02_简介,exact,1.0,text_minor
1186,北京经济管理职业学院,—,—,—,—,location.address,望京校区: 北京市朝阳区花家地街12号 | 昌平校区: 北京市昌平区南口镇文化路1号 | 固安校区: 河北省固安县永定北路005号,望京校区：北京市朝阳区花家地街19号 固安校区：河北省固安县永定北路005号（京开高速出榆垡收费站南行至永定河桥南800米路东）,02_简介,exact,1.0,text_minor
0003,清华大学,—,—,—,—,location.address,清华大学: 北京市海淀区清华园,清华大学招生办公室 通讯地址：北京市海淀区清华大学招生办公室 邮政编码:100084 咨询电话:010－62770334，62782051 图文传真:010－62782061 电子邮箱:zsb@mail.tsinghua.edu.cn 清华大学本科招生网:http://www.join-tsinghua.edu.cn,02_简介,exact,1.0,text_minor
1107,首都师范大学,—,—,—,—,location.address,校本部: 北京市海淀区西三环北路105号 | 良乡校区: 北京市房山区白杨东路9号 | 来广营校区: 北京市朝阳区来广营西路1号 | 通州校区: 北京市通州区中山街50号 | 北一区: 北京市海淀区西三环北路83号 | 北二区: 北京市海淀区西三环北路56号 | 北三区: 北京市海淀区车公庄西路35号 | 东一区: 北京市海淀区白堆子甲23号 | 东二区: 北京市海淀区阜成路北3街5号院,校本部：北京市海淀区西三环北路105号,02_简介,exact,1.0,text_minor
0320,中国民航大学,—,—,—,—,location.address,东丽校区: 天津市东丽区津北公路2898号 | 宁河校区: 天津市宁河区现代产业区永定新河北路1号,东丽校区地址：天津市东丽区津北公路2898号 宁河校区地址：天津市宁河区现代产业区永定新河北路1号 邮政编码：300300,02_简介,exact,1.0,text_minor
0017,南开大学,—,—,—,—,location.address,八里台校区: 天津市南开区卫津路94号 | 津南校区: 天津市海河教育园区同砚路38号 | 泰达校区: 天津市经济开发区宏达街23号,"八里台校区：
天津市南开区卫津路94号 [300071]

津南校区：
天津海河教育园区同砚路38号 [300350]",02_简介,exact,1.0,text_minor
1209,天津外国语大学,—,—,—,—,location.address,马场道校区: 天津市河西区马场道117号 | 滨海校区: 天津市滨海新区大港学府路60号,"马场道校区：天津市河西区马场道117号
滨海校区：天津市滨海新区大港区学府路60号",02_简介,exact,1.0,text_minor
1217,天津职业大学,—,—,—,—,location.address,北辰校区: 天津市北辰区洛河道2号 | 海河园校区: 天津市海河教育园区雅观路21号,北辰校区：天津市北辰区洛河道2号（300410） 海河园校区：天津市海河教育园区雅观路21号（300350）,02_简介,exact,1.0,text_minor
1211,天津财经大学,—,—,—,—,location.address,天津市河西区珠江道25号 | 分部: 天津市河西区马场道123号,天津市河西区珠江道25号,02_简介,exact,1.0,text_minor
1364,冀中职业学院,—,—,—,—,location.address,南校区: 定州市刀枪街3号 | 北校区: 定州市北门街北口,南校区位于定州市刀枪街3号；北校区位于定州市北门街,02_简介,exact,1.0,text_minor
1317,廊坊师范学院,—,—,—,—,location.address,廊坊校区: 河北省廊坊市爱民西道100号 | 空港校区: 河北省廊坊市固安县新中东街998号(位于北京大兴新机场东南直线约5公里),廊坊校区：河北省廊坊市爱民西道100号； 空港校区：河北省廊坊市固安县新中东街998号（位于北京大兴新机场东南直线约5公里）,02_简介,exact,1.0,text_minor
1309,石家庄铁道大学,—,—,—,—,location.address,本校区: 河北省石家庄市北二环东路17号 | 龙山校区: 河北省石家庄市元氏县姬村镇龙山路1号,本校区：河北省石家庄市北二环东路17号 [050043] 龙山校区：河北省石家庄市元氏县姬村镇龙山路10号[051130],02_简介,exact,1.0,text_minor
1333,邯郸学院,—,—,—,—,location.address,邯郸学院: 河北省邯郸市邯山区学院北路530号,"邯郸学院在河北省邯郸市学院北路530号
056005",02_简介,exact,1.0,text_minor
1481,太原幼儿师范高等专科学校,—,—,—,—,location.address,徐沟校区: 山西省太原市清徐县徐沟镇清东路西北坊段888号 | 兴华校区: 山西省太原市兴华街67号,徐沟校区：太原市清徐县徐沟镇清东路西北坊段888号 兴华校区：太原市兴华街67号,02_简介,exact,1.0,text_minor
1453,山西工程职业学院,—,—,—,—,location.address,龙潭校区: 太原市新建路131号 | 唐槐校区: 太原市小店区西贾北街72号 | 许坦校区: 太原市小店区许坦东街40号,"龙潭校区：山西省太原市新建路131号
唐槐校区：山西省太原市小店区西贾北街72号",02_简介,exact,1.0,text_minor
1429,山西省财政税务专科学校,—,—,—,—,location.address,山西省财政税务专科学校: 山西省太原市万柏林区千峰南路25号,山西省太原市万柏林区千峰南路25号，邮编030024,02_简介,exact,1.0,text_minor
1513,内蒙古农业大学,—,—,—,—,location.address,内蒙古农业大学: 内蒙古呼和浩特市赛罕区昭乌达路306号,内蒙古呼和浩特市昭乌达路306号,02_简介,exact,1.0,text_minor
1564,鄂尔多斯应用技术学院,—,—,—,—,location.address,康巴什校区: 内蒙古鄂尔多斯市康巴什区鄂尔多斯大街东1号 | 东胜校区: 鄂尔多斯市东胜区科技教育创业园,康巴什校区：内蒙古自治区鄂尔多斯市康巴什区鄂尔多斯大街东1号 东胜校区：鄂尔多斯市东胜区科技教育创业园,02_简介,exact,1.0,text_minor
0371,大连民族大学,—,—,—,—,location.address,开发区校区: 大连市经济技术开发区辽河西路18号 | 金石滩校区: 大市连金石滩旅游度假区金石路31号,开发区校区：辽宁省大连经济技术开发区辽河西路18号 金石滩校区：辽宁省大连金石滩旅游度假区金石路31号,02_简介,exact,1.0,text_minor
2125,渤海大学,—,—,—,—,location.address,松山校区: 锦州市松山新区科技路19号 | 滨海校区: 锦州经济技术开发区(滨海新区)金山大街20号,松山校区地址：辽宁省锦州市松山新区科技路19号 滨海校区地址：辽宁省锦州市经济技术开发区（滨海新区）金山大街20号,02_简介,exact,1.0,text_minor
2159,辽东学院,—,—,—,—,location.address,临江校区: 辽宁省丹东市振安区临江后街116号 | 金山校区: 辽宁省丹东市元宝区文化路325号,"临江校区：辽宁省丹东市振安区临江后街116号


金山校区：辽宁省丹东市元宝区文化路325号",02_简介,exact,1.0,text_minor
2104,辽宁大学,—,—,—,—,location.address,崇山校区: 沈阳市皇姑区崇山中路66号 | 蒲河校区: 沈阳市沈北新区道义南大街58号 | 武圣校区: 辽阳市白塔区青年大街38号,"崇山校区
地址：沈阳市皇姑区崇山中路66号 
邮编：110036 
蒲河校区
地址：沈阳市沈北新区道义南大街58号 
邮编：110136
武圣校区
地址：辽阳市白塔区青年大街38号
邮编：111000",02_简介,exact,1.0,text_minor
2157,辽宁民族师范高等专科学校,—,—,—,—,location.address,沈阳校区: 沈阳市皇姑区崇山东路45号 | 阜新校区: 辽宁省阜新市海州区育红路40号,"沈阳校区：辽宁省沈阳市皇姑区崇山东路45号
阜新校区：辽宁省阜新市海州区育红路40号",02_简介,exact,1.0,text_minor
2295,吉林警察学院,—,—,—,—,location.address,净月校区: 吉林省长春市净月开发区博硕路1399号 | 乐山校区: 吉林省长春市朝阳区乐山镇,净月校区：吉林省长春市净月高新技术产业开发区博硕路1399号 乐山校区：吉林省长春市朝阳区乐山镇,02_简介,exact,1.0,text_minor
2216,长春师范大学,—,—,—,—,location.address,长吉校区(主校区): 吉林省长春市二道区长吉北路677号 | 乐群校区: 吉林省长春市吉林大路3291号 | 北湖校区(新校区): 吉林省长春市高新技术产业开发区,长吉校区（主校区）：吉林省长春市长吉北线677号 乐群校区：吉林省长春市吉林大路3291号 北湖校区（新校区）：吉林省长春市高新技术产业开发区,02_简介,exact,1.0,text_minor
0333,哈尔滨工程大学,—,—,—,—,location.address,哈尔滨工程大学: 哈尔滨市南岗区南通大街145号,哈尔滨市南岗区南通大街145号1号楼505室（150001）,02_简介,exact,1.0,text_minor
2327,哈尔滨理工大学,—,—,—,—,location.address,西校区: 哈尔滨市南岗区学府路52号 | 东校区: 黑龙江省哈尔滨市香坊区三大动力路23号 | 南校区: 哈尔滨市南岗区征仪路249号 | 荣成校区: 山东省荣成市学院路2006号,西校区：哈尔滨市南岗区学府路52号 南校区：哈尔滨市南岗区征仪路249号 东校区：哈尔滨市香坊区三大动力路23号 荣成校区：山东省荣成市学院路2006号,02_简介,exact,1.0,text_minor
2319,哈尔滨金融学院,—,—,—,—,location.address,哈尔滨金融学院: 哈尔滨市香坊区电碳路65号,哈尔滨市香坊区电碳路65号,02_简介,exact,1.0,text_minor
2362,哈尔滨铁道职业技术学院,—,—,—,—,location.address,哈尔滨铁道职业技术学院: 哈尔滨市平房区哈南第二大道20号,哈尔滨市平房区哈南第二大道20号,02_简介,exact,1.0,text_minor
2329,牡丹江医科大学,—,—,—,—,location.address,牡丹江医学院: 黑龙江省牡丹江市爱民区通乡街3号,牡丹江医科大学通讯地址：黑龙江省牡丹江市爱民区通乡街3号 邮政编码：157011 0453-6581491 6984830 19804530546 传真电话：0453-6581166,02_简介,exact,1.0,text_minor
2318,牡丹江师范学院,—,—,—,—,location.address,牡丹江师范学院: 黑龙江省牡丹江市爱民区文化街191号,牡丹江市爱民区兴中路文化街191号,02_简介,exact,1.0,text_minor
2365,黑龙江农业经济职业学院,—,—,—,—,location.address,黑龙江农业经济职业学院: 黑龙江省牡丹江市西安区温春镇,黑龙江省牡丹江市西安区,02_简介,exact,1.0,text_minor
2446,黑龙江农业职业技术学院,—,—,—,—,location.address,黑龙江农业职业技术学院: 黑龙江省佳木斯市前进区胜利东路248号,黑龙江省佳木斯市前进区胜利东路248号,02_简介,exact,1.0,text_minor
2353,黑龙江农垦职业学院,—,—,—,—,location.address,江北校区: 黑龙江省哈尔滨利民经济技术开发区学院路660号 | 宾西校区: 黑龙江省哈尔滨宾西经济技术开发区宾西大学城1号,江北校区：黑龙江省哈尔滨市松北区利民开发区学院路660号。 宾西校区：黑龙江省哈尔滨市宾西开发区大学城1号。,02_简介,exact,1.0,text_minor
2301,黑龙江大学,—,—,—,—,location.address,黑龙江大学: 黑龙江省哈尔滨市南岗区学府路74号,黑龙江省哈尔滨市南岗区学府路74号黑龙江大学,02_简介,exact,1.0,text_minor
2322,黑龙江工业学院,—,—,—,—,location.address,黑龙江工业学院: 鸡西市鸡冠区和平南大街99号,黑龙江省鸡西市和平南大街99号,02_简介,exact,1.0,text_minor
2331,黑龙江工程学院,—,—,—,—,location.address,黑龙江工程学院: 黑龙江省哈尔滨市道外区红旗大街999号,黑龙江省哈尔滨市道外区红旗大街999号    黑龙江工程学院招生办公室,02_简介,exact,1.0,text_minor
2447,黑龙江幼儿师范高等专科学校,—,—,—,—,location.address,黑龙江幼儿师范高等专科学校: 黑龙江省牡丹江市爱民区西地明街7号,黑龙江省牡丹江市爱民区西地明街7号,02_简介,exact,1.0,text_minor
2351,哈尔滨建筑科技职业大学,—,—,—,—,location.address,黑龙江建筑职业技术学院: 黑龙江省哈尔滨市呼兰区学院路999号,黑龙江省哈尔滨市呼兰区学院路999号 邮编：150025,02_简介,exact,1.0,text_minor
2335,黑龙江护理高等专科学校,—,—,—,—,location.address,南岗校区: 黑龙江省哈尔滨市南岗区学府路209号 | 阿城校区: 黑龙江省哈尔滨市阿城区金源路43号 | 松北校区: 黑龙江省哈尔滨市松北区学院路西九大街博雅路2号 | 黑河校区: 黑龙江省黑河市爱辉区中央东大街995号 | 北安校区: 黑龙江省黑河市北安市黄山街95号,"南岗校区：哈尔滨市南岗区学府路209号
阿城校区：哈尔滨市阿城区金源路43号
江北校区：哈尔滨市利民开发区学院路利民西八大街",02_简介,exact,1.0,text_minor
2396,黑龙江林业职业技术学院,—,—,—,—,location.address,黑龙江林业职业技术学院: 黑龙江省牡丹江市爱民区文化街99号,黑龙江省牡丹江市爱民区文化街99号,02_简介,exact,1.0,text_minor
2399,黑龙江民族职业学院,—,—,—,—,location.address,黑龙江民族职业学院: 黑龙江省哈尔滨市平房区学城大道5号,黑龙江省哈尔滨市平房区学城大道5号 邮编：150066,02_简介,exact,1.0,text_minor
2376,黑龙江能源职业学院,—,—,—,—,location.address,黑龙江能源职业学院: 双鸭山市尖山区迎宾大道公立街1号,黑龙江省双鸭山市迎宾大道公立街1号,02_简介,exact,1.0,text_minor
3154,上海商学院,—,—,—,—,location.address,奉浦校区: 上海市奉浦大道123号 | 徐汇校区: 上海市中山西路2271号 | 国权路院区: 上海市国权路75号 | 漕宝路校区: 上海市徐汇区漕宝路121号,奉浦校区地址：上海市奉贤区东方美谷大道6333号 中山西路校区地址：上海市徐汇区中山西路2271号 漕宝路校区地址：上海市徐汇区漕宝路121号,02_简介,exact,1.0,text_minor
3137,上海大学,—,—,—,—,location.address,宝山校区: 上海市宝山区上大路99号 | 延长校区: 上海市静安区延长路149号 | 嘉定校区: 上海市嘉定区城中路20号,宝山校区：上海市宝山区上大路99号；延长校区：上海市静安区延长路149号；嘉定校区：上海市嘉定区城中路20号,02_简介,exact,1.0,text_minor
3125,上海工程技术大学,—,—,—,—,location.address,松江校区: 上海市龙腾路333号 | 长宁校区: 上海市长宁区仙霞路350号 | 虹口校区: 上海市虹口区逸仙路88号,松江校区（主校区）地址：上海市松江区龙腾路333号，邮编：201620 长宁校区地址：上海市长宁区仙霞路350号，邮编：200335 虹口校区地址：上海市虹口区逸仙路88号，邮编：200434,02_简介,exact,1.0,text_minor
3113,上海师范大学,—,—,—,—,location.address,徐汇校区: 上海市徐汇区桂林路100号 | 奉贤校区: 上海市奉贤区海思路100号,"徐汇校区：上海市桂林路100号
奉贤校区：上海市海思路100号",02_简介,exact,1.0,text_minor
3107,上海应用技术大学,—,—,—,—,location.address,奉贤校区: 上海市奉贤区海泉路100号 | 徐汇校区: 上海市徐汇区漕宝路120号,"奉贤校区：上海市奉贤区海泉路100号  邮编：201418
徐汇校区：上海市徐汇区漕宝路120号  邮编：200235",02_简介,exact,1.0,text_minor
0028,东华大学,—,—,—,—,location.address,松江校区: 上海市松江区人民北路2999号 | 延安路校区: 上海市长宁区延安西路1882号,"松江校区：上海市松江区人民北路2999号
延安路校区：上海市延安西路1882号",02_简介,exact,1.0,text_minor
0037,南京农业大学,—,—,—,—,location.address,卫岗校区: 江苏省南京市玄武区卫岗1号 | 浦口校区: 江苏省南京市浦口区点将台路40号 | 滨江校区: 江苏省南京江北新区滨江大道666号 | 滨江校区: 江苏省南京市浦口区滨江大道666号,卫岗校区：江苏省南京市玄武区卫岗1号 滨江校区：江苏省南京市江北新区滨江大道666号 浦口校区：江苏省南京市浦口区点将台路40号,02_简介,exact,1.0,text_minor
0032,南京大学,—,—,—,—,location.address,仙林校区: 南京市栖霞区仙林大道163号 | 鼓楼校区: 南京市鼓楼区汉口路22号 | 浦口校区: 南京市浦口区学府路8号 | 苏州校区: 苏州市太湖大道1520号,仙林校区 南京市栖霞区仙林大道163号 (86)-25-89683186 (86)-25-83302728（fax） 210023 鼓楼校区 南京市鼓楼区汉口路22号 (86)-25-83593186 (86)-25-83302728（fax） 210093 浦口校区 南京市浦口区学府路8号 (86)-25-58646684 210089 苏州校区 苏州市太湖大道1520号 (86)-25-89681766 (86)-512-68768001 215163,02_简介,exact,1.0,text_minor
3209,南京邮电大学,—,—,—,—,location.address,仙林校区: 南京市亚东新城区文苑路9号 | 三牌楼校区: 南京市新模范马路66号 | 锁金村校区: 南京市龙蟠路177号 | 江宁校区: 南京市江宁区江宁大学城学十四路以南,"仙林校区地址：南京市仙林大学城文苑路9号 

邮编：210023 

三牌楼校区地址：南京市新模范马路66号

邮编：210003",02_简介,exact,1.0,text_minor
3246,扬州职业技术大学,—,—,—,—,location.address,瘦西湖校区: 江苏省扬州市翠岗路255号 | 邮湖校区: 扬州市高邮市正通新路1号,瘦西湖校区：江苏省扬州市邗江区翠岗路255号。 高邮湖校区：江苏省扬州市高邮市城南经济新区正通新路1号。,02_简介,exact,1.0,text_minor
3218,盐城工学院,—,—,—,—,location.address,希望大道校区: 江苏省盐城市希望大道中路1号 | 建军东路校区: 江苏省盐城市建军东路211号,"希望大道校区：江苏省盐城市亭湖区希望大道中路1号
建军东路校区：江苏省盐城市亭湖区建军东路211号",02_简介,exact,1.0,text_minor
3855,苏州卫生职业技术学院,—,—,—,—,location.address,石湖校区: 苏州国际教育园北区科华路28号 | 书院校区: 苏州市人民路三元坊书院巷20号 | 木渎校区: 苏州市吴中区中山西路12号,"石湖校区——苏州国际教育园北区科华路28号
书院校区——苏州市书院巷20号",02_简介,exact,1.0,text_minor
3220,苏州工学院,—,—,—,—,location.address,东湖校区: 江苏省常熟市南三环路99号 | 东南校区: 江苏省常熟市湖山路99号,东湖校区：江苏省苏州市常熟市南三环路99号 东南校区：江苏省苏州市常熟市湖山路99号 邮政编码：215500,02_简介,exact,1.0,text_minor
3314,台州学院,—,—,—,—,location.address,椒江校区: 浙江省台州市市府大道1139号 | 临海校区: 浙江省临海市东方大道605号 | 广文校区: 浙江省临海市广文路146号,椒江校区：浙江省台州市椒江区市府大道1139号 临海校区：浙江省台州市临海市东方大道605号,02_简介,exact,1.0,text_minor
3330,宁波幼儿师范高等专科学校,—,—,—,—,location.address,杭州湾校区: 宁波市前湾新区金慈路316号 | 宁波校区: 宁波市江北区环城北路西段625号,杭州湾校区：宁波市前湾新区金慈路316号 宁波校区：宁波市江北区环城北路西段625号,02_简介,exact,1.0,text_minor
3372,浙江建设职业技术学院,—,—,—,—,location.address,杭州萧山校区: 杭州市萧山高教园区学知路151号 | 绍兴上虞校区: 绍兴市上虞区五星西路111号,杭州萧山校区：杭州市萧山高教园区学知路151号 绍兴上虞校区：绍兴市上虞区五星西路111号,02_简介,exact,1.0,text_minor
3363,浙江旅游职业学院,—,—,—,—,location.address,杭州校区: 浙江省杭州市萧山高教园区耕文路399号 | 千岛湖校区: 浙江省杭州市淳安县文昌镇千岛湖大道2015号,杭州校区：浙江省杭州市萧山高教园区耕文路399号 千岛湖校区：浙江省杭州市淳安县千岛湖大道2015号,02_简介,exact,1.0,text_minor
3303,浙江理工大学,—,—,—,—,location.address,下沙校区: 浙江省杭州市钱塘区2号大街928号 | 临平校区: 浙江省杭州市临平区康泰路8号,下沙校区：浙江省杭州市钱塘区2号大街928号 临平校区：浙江省杭州市临平区康泰路8号,02_简介,exact,1.0,text_minor
3329,温州大学,—,—,—,—,location.address,茶山校区: 浙江省温州市茶山高教园区 | 学院路: 浙江省温州市学院中路276号,茶山校区中国浙江省温州市茶山高教园区 电话：0577-86598000 学院路校区中国浙江省温州市学院中路276号 电话：0577-86598000,02_简介,exact,1.0,text_minor
3401,安徽工业大学,—,—,—,—,location.address,佳山校区: 安徽省马鞍山市湖东北路400号 | 秀山校区: 安徽省马鞍山市马向路1530号,佳山校区地址：安徽省马鞍山市湖东北路400号 邮编：243002 秀山校区地址：安徽省马鞍山市马向路1530号 邮编：243032,02_简介,exact,1.0,text_minor
3417,安徽建筑大学,—,—,—,—,location.address,紫云路校区: 合肥市蜀山区紫云路292号 | 安徽建筑大学金寨路校区: 合肥市包河区金寨南路856号,紫云路校区：合肥市经济技术开发区紫云路292号 邮编：230601 金寨路校区：合肥市包河区金寨路856号 邮编：230022,02_简介,exact,1.0,text_minor
3418,安徽科技工程大学,—,—,—,—,location.address,凤阳校区: 安徽省凤阳县东华路9号 | 龙湖校区: 蚌埠市黄山大道1501号 | 滁州校区: 安徽省滁州市文慧路999号,"凤阳校区：安徽省凤阳县东华路9号 邮政编码：233100 招生咨询电话：0550-6732041,6732178 蚌埠龙湖校区：安徽省蚌埠市黄山大道1501号 招生咨询电话：0552-3197041、3197178",02_简介,exact,1.0,text_minor
3474,安徽第二医学院,—,—,—,—,location.address,芙蓉路校区: 合肥市芙蓉路632号 | 芜湖路校区: 合肥市芜湖路387号 | 新桥校区: 新桥国际产业园迎宾大道与寿州大道交口,芙蓉路校区：合肥市经开区芙蓉路632号 新桥校区：合肥新桥国际产业园迎宾大道与寿州大道交口,02_简介,exact,1.0,text_minor
3451,安徽职业技术大学,—,—,—,—,location.address,合肥市新站区文忠路2600号 | 老校区: 合肥市包河大道268号,合肥市新站区高教基地文忠路2600号,02_简介,exact,1.0,text_minor
3849,淮南职业技术学院,—,—,—,—,location.address,洞山校区: 安徽省淮南市田家庵区林场路一号 | 春申湖校区: 安徽省淮南市谢家集区十涧湖西路,洞山校区：安徽省淮南市田家庵区林场路1号 春申湖校区：安徽省淮南市谢家集区十涧湖西路,02_简介,exact,1.0,text_minor
3412,阜阳师范大学,—,—,—,—,location.address,西湖校区: 安徽省阜阳市颍州区清河西路100号 | 清河校区: 安徽省阜阳市颍州区清河东路741号,"西湖校区：安徽省阜阳市清河西路100号（邮政编码：236037）
清河校区：安徽省阜阳市清河东路741号（邮政编码：236041）",02_简介,exact,1.0,text_minor
0841,厦门大学,—,—,—,—,location.address,思明校区: 福建省厦门市思明区思明南路422号 | 翔安校区: 福建省厦门市翔安区翔安南路 | 漳州校区: 福建漳州招商局经济技术开发区南滨大道300号 | 马来西亚分校: 马来西亚首都吉隆坡南郊雪兰莪州雪邦沙叻丁宜,思明校区：福建省厦门市思明区思明南路422号 翔安校区：福建省厦门市翔安区翔安南路4221号 漳州校区：福建省漳州招商局经济技术开发区南滨大道300号 厦门大学马来西亚分校：马来西亚首都吉隆坡南郊雪兰莪州雪邦沙叻丁宜,02_简介,exact,1.0,text_minor
3597,福建商学院,—,—,—,—,location.address,鼓楼校区: 福建省福州市鼓楼区黄铺19号 | 连江校区: 福建省福州市连江县西江滨大道2号 | 马尾校区: 福建省福州市马尾区亭江镇亭江路8号,鼓楼校区：福建省福州市鼓楼区黄铺19号（校本部） 连江校区：福建省福州市连江县西江滨大道2号 马尾校区：福建省福州市马尾区亭江镇亭江路8号,02_简介,exact,1.0,text_minor
3536,福建技术师范学院,—,—,—,—,location.address,五马山校区: 福建省福清市龙江街道校园新村1号 | 石竹山校区: 福建省福清市石竹街道石竹路123号,"五马山校区：福建省福清市龙江街道校园新村1号
石竹山校区：福建省福清市石竹街道石竹路123号",02_简介,exact,1.0,text_minor
3501,福建理工大学,—,—,—,—,location.address,旗山校区: 福建省福州市闽侯县上街镇学府南路69号 | 鼓山校区: 福建省福州市晋安区东三环路999号,旗山校区办学地址：福建省福州市闽侯县上街镇学府南路69号 鼓山校区办学地址：福建省福州市晋安区东三环路999号,02_简介,exact,1.0,text_minor
3614,南昌健康职业技术学院,—,—,—,—,location.address,九龙湖校区: 江西省南昌市红谷滩区复兴大道西3999号 | 东湖校区: 江西省南昌市东湖区苏圃路上营坊9号 | 湾里校区: 江西省南昌市湾里区翠岩路466号,九龙湖校区:南昌市红谷滩区复兴大道西3999号 东湖校区:南昌市东湖区苏圃路上营坊9号,02_简介,exact,1.0,text_minor
3649,南昌师范学院,—,—,—,—,location.address,昌北校区: 江西省南昌市经济技术开发区瑞香路889号 | 青山湖校区: 南昌市青山湖区学院路158号,"昌北校区：南昌市经济技术开发区瑞香路889号 邮编：330032

                                                                             青山湖校区：南昌市学院路158号     邮编：330029",02_简介,exact,1.0,text_minor
3677,江西外语外贸职业学院,—,—,—,—,location.address,瑶湖校区: 江西省南昌市天祥大道291号 | 望城校区: 江西省南昌市新建区新城大道1888号,瑶湖校区：江西省南昌市天祥大道291号 望城校区：江西省南昌市新建区新城大道1888号,02_简介,exact,1.0,text_minor
3723,山东交通学院,—,—,—,—,location.address,长清校区: 山东省济南市长清大学科技园海棠路5001号 | 无影山校区: 山东省济南市天桥区交校路5号 | 威海校区: 山东省威海市高区双岛湾科技城和兴路1508号 | 东校区: 山东省济南市燕子山西路40号(南院)/桑园路52号(北院),长清校区：济南市长清大学科技园海棠路5001号 邮编：250357 无影山校区：济南市天桥区交校路5号 邮编：250023 威海校区：威海市双岛湾科技城和兴路1508号 邮编：264209,02_简介,exact,1.0,text_minor
3719,山东工艺美术学院,—,—,—,—,location.address,长清校区: 山东省济南市长清区大学路1255号 | 千佛山校区: 山东省济南市历下区千佛山东路23号 | 淄博校区: 山东省淄博市淄博新区原山大道以西青岛路以东 | 青岛校区: 山东省青岛市黄岛区灵山卫街道兰东路1500号,长清校区：山东省济南市长清区大学科技园大学路1255号 千佛山校区：山东省济南市历下区千佛山东路23号,02_简介,exact,1.0,text_minor
3713,山东师范大学,—,—,—,—,location.address,千佛山校区: 济南市历下区文化东路88号 | 长清湖校区: 济南市长清区大学科技园大学路1号,"千佛山校区地址：山东省济南市历下区文化东路88号 邮编：250014 


长清湖校区地址：济南市长清区大学科技园大学路1号 邮编：250358",02_简介,exact,1.0,text_minor
3706,山东建筑大学,—,—,—,—,location.address,山东建筑大学: 山东省济南市临港开发区凤鸣路1000号,山东建筑大学 学校地址：济南市临港开发区凤鸣路1000号 邮政编码：250101 学校网址：http://www.sdjzu.edu.cn 招生办公室 本科招生信息网：http://bkzs.sdjzu.edu.cn 电子信箱：zsb@sdjzu.edu.cn 招生咨询电话：0531-86367222，0531-86367225（兼传真）,02_简介,exact,1.0,text_minor
3794,山东管理学院,—,—,—,—,location.address,历城校区: 济南市历城区桑园路60号 | 长清校区: 济南市长清区丁香路3500号,历城校区：山东省济南市桑园路60号 长清校区：山东省济南市长清区丁香路3500号,02_简介,exact,1.0,text_minor
3717,山东艺术学院,—,—,—,—,location.address,长清校区: 济南市长清区大学科技园紫薇路6000号 | 文东校区: 济南市历下区文化东路91号,长清校区地址：济南市长清区大学科技园紫薇路6000号 邮编：250300 文东校区地址：济南市历下区文化东路91号 邮编：250014,02_简介,exact,1.0,text_minor
3731,枣庄学院,—,—,—,—,location.address,薛城校区: 山东省枣庄市薛城区民生南路1号 | 市中校区: 山东省枣庄市市中区北安路1号,薛城校区地址：山东省枣庄市薛城区民生南路1号 市中校区地址：山东省枣庄市市中区北安路1号,02_简介,exact,1.0,text_minor
3735,潍坊学院,—,—,—,—,location.address,主校区: 山东省潍坊市东风东街5147号 | 安顺校区: 山东省潍坊市潍城区卧龙西街2829号,主校区：山东省潍坊市东风东街5147号 安顺校区：山东省潍坊市潍城区卧龙西街2829号 联系我们 联系电话：0536-8785100,02_简介,exact,1.0,text_minor
3775,齐鲁师范学院,—,—,—,—,location.address,章丘校区: 山东省济南市章丘区文博路2号 | 历下校区: 山东省济南市历下区历山路36号,"章丘校区：山东省济南市章丘区文博路2号 历下校区：山东省济南市历下区历山路36号 邮政编码：250013（历下）,250200(章丘)",02_简介,exact,1.0,text_minor
4141,信阳师范大学,—,—,—,—,location.address,谭山校区: 河南省信阳市南湖路237号 | 淮河校区: 信阳市息县淮河新区大学路1号,谭山校区地址：河南省信阳市浉河区南湖路237号 邮政编码：464000 淮河校区地址：河南省信阳市息县淮河新区大学路1号 邮政编码：464300 咨询电话 0376-6391212 6390601,02_简介,exact,1.0,text_minor
4179,郑州旅游职业学院,—,—,—,—,location.address,河南省郑州市郑东新区金龙路188号 | 豫英校区: 河南省郑州市管城回族区豫英路1号,河南省·郑州市航海东路豫英路1号,02_简介,exact,1.0,text_minor
4281,咸宁职业技术学院,—,—,—,—,location.address,咸宁职业技术学院: 湖北省咸宁市咸宁大道118号,"咸宁职业技术学院通讯地址：
 
     湖北省咸宁市咸宁大道118号，邮编437100",02_简介,exact,1.0,text_minor
4239,武汉科技大学,—,—,—,—,location.address,青山校区: 武汉市青山区和平大道947号 | 黄家湖校区: 武汉市洪山区青菱街黄家湖西路2号 | 洪山校区: 湖北省武汉市洪山区雄楚大道199号,青山校区位于武汉市青山区和平大道947号，黄家湖校区位于武汉市洪山区青菱街黄家湖西路10号,02_简介,exact,1.0,text_minor
4204,武汉纺织大学,—,—,—,—,location.address,阳光校区: 武汉市江夏区阳光大道1号 | 南湖校区: 武汉市洪山区纺织路1号 | 东湖校区: 武汉市武昌区东湖梨园渔光村1号,"阳光校区：武汉市江夏区阳光大道1号 邮政编码：430200

南湖校区：武汉市洪山区纺织路1号 邮政编码：430073

东湖校区：武汉市武昌区东湖梨园渔光村1号 邮政编码：430077",02_简介,exact,1.0,text_minor
4275,武汉警官职业学院,—,—,—,—,location.address,东西湖校区: 武汉市东西湖区吴家山街杏花路特1号 | 汤逊湖校区: 武汉市东湖高新技术开发区庙山小区特2号,"东西湖校区：武汉市东西湖区吴家山街杏花路特1号 
武昌汤逊湖校区：武汉东湖高新技术开发区庙山小区特2号",02_简介,exact,1.0,text_minor
4205,武汉轻工大学,—,—,—,—,location.address,常青校区: 湖北省武汉市常青花园学府南路68号 | 金银湖校区: 湖北省武汉市东西湖区环湖中路36号,常青校区：湖北省武汉市常青花园学府南路68号 邮编：430023 金银湖校区：湖北省武汉市东西湖区环湖中路36号 邮编：430048,02_简介,exact,1.0,text_minor
4870,长江工程职业技术学院,—,—,—,—,location.address,文化大道校区: 武汉市江夏区文化大道9号 | 长江新城校区: 武汉市汉施大道82号,文化大道校区：湖北省武汉市江夏区文化大道9号（地铁7号线大花岭站） 长江新城校区：湖北省武汉市长江新区汉施大道82号（地铁21号线高车站）,02_简介,exact,1.0,text_minor
4254,黄冈职业技术大学,—,—,—,—,location.address,黄州校区: 湖北省黄冈市黄州区南湖桃园街109号 | 武穴校区: 湖北省黄冈市武穴市经济开发区电子信息园区,黄州校区地址：湖北省黄冈市黄州区南湖桃园街109号 邮政编码：438002 武穴校区地址：湖北省黄冈市武穴市经济开发区电子信息园区 邮政编码：435400,02_简介,exact,1.0,text_minor
4373,娄底职业技术学院,—,—,—,—,location.address,综合校区: 湖南省娄底市娄星区月塘街727号 | 医卫校区: 娄底市娄星区长青东街799号,综合校区：湖南省娄底市娄星区月塘街727号 医卫校区：湖南省娄底市娄星区长青东街799号,02_简介,exact,1.0,text_minor
4310,湖南中医药大学,—,—,—,—,location.address,含浦校区: 湖南省长沙市岳麓区含浦科教园学士路300号 | 东塘校区: 湖南省长沙市雨花区韶山中路113号,含浦校区：湖南省长沙市岳麓区含浦科教园学士路300号，邮政编码：410208； 东塘校区：湖南省长沙市雨花区韶山中路113号 ，邮政编码：410007。,02_简介,exact,1.0,text_minor
4389,湖南城建职业技术学院,—,—,—,—,location.address,高新校区: 湖南省湘潭市岳塘区书院路42号 | 新湖校区: 湖南省湘潭市岳塘区昭山镇,高新校区地址：湖南省湘潭市书院路42号,02_简介,exact,1.0,text_minor
4315,衡阳师范学院,—,—,—,—,location.address,东校区: 湖南省衡阳市珠晖区衡花路16号 | 西校区: 湖南省雁峰区黄白路165号,东校区：湖南省衡阳市珠晖区衡花路16号 西校区：湖南省衡阳市雁峰区黄白路165号 学校网址：http://www.hynu.cn 招生信息网：http://zs.hynu.cn 电子邮箱：zs@hynu.edu.cn 咨询电话：0734-8486615 8484941,02_简介,exact,1.0,text_minor
4436,佛山大学,—,—,—,—,location.address,仙溪校区: 广东省佛山市南海区狮山镇广云路33号 | 江湾校区: 广东省佛山市禅城区江湾一路18号 | 河滨校区: 广东省佛山市禅城区河滨路5号,仙溪校区——广东省佛山市南海区狮山镇广云路33号; 江湾校区——广东省佛山市禅城区江湾一路18号,02_简介,exact,1.0,text_minor
0051,华南理工大学,—,—,—,—,location.address,五山校区: 广州市天河区五山路381号 | 大学城校区: 广州市番禺区广州大学城 | 广州国际校区: 广州市番禺区兴业大道东777号,五山校区地址：广州市天河区五山路381号 邮编：510641 大学城校区地址：广州市番禺区广州大学城 邮编：510006 广州国际校区地址：广州市番禺区兴业大道东777号 邮编：511442,02_简介,exact,1.0,text_minor
4415,岭南师范学院,—,—,—,—,location.address,寸金校区: 广东省湛江市赤坎区寸金路29号 | 湖光校区: 广东省湛江市麻章区湛江教育基地教育城四路8号 | 椹川校区: 湛江市赤坎区椹川大道北89号,寸金校区：广东省湛江市赤坎区寸金路29号；邮政编码：524048 湖光校区：广东省湛江市麻章区湛江教育基地教育城四路8号；邮政编码：524088 椹川校区：广东省湛江市赤坎区椹川大道北89号；邮政编码：524033,02_简介,exact,1.0,text_minor
4484,广东交通职业技术学院,—,—,—,—,location.address,天河校区: 广州市天河区天源路789号、广州市天河区天源路818号 | 花都校区: 广州市花都区工业大道11号 | 清远校区: 清远市清城区东城街道中宿路34号 | 国际校区: 广州市天河区迎龙路481号,"天河校区：广东省广州市天河区天源路789号
花都校区：广东省广州市花都区工业大道11号",02_简介,exact,1.0,text_minor
4497,广东南华工商职业学院,—,—,—,—,location.address,天河校区: 广东省广州市天河区天平架沙太南路113号 | 黄埔校区: 广东省广州市黄埔区长洲街金洲南路9号 | 清远校区: 清远市清城区东城蟠龙园,"天河校区地址：广州市天河区天平架沙太南路113号 邮编：510507 

黄埔校区地址：广州市黄埔区长洲街金洲南路9号 邮编：510720 

清远校区地址：清远市清城区东城蟠龙园内 邮编：511510",02_简介,exact,1.0,text_minor
4769,广东建设职业技术学院,—,—,—,—,location.address,广州校区: 广东省广州市白云区广花二路638号 | 清远校区: 广东省清远市清城区东城街道环城东路38号,广州校区：广州市白云区广花二路638号 清远校区：清远市清城区东城街道环城东路北38号,02_简介,exact,1.0,text_minor
4406,广东海洋大学,—,—,—,—,location.address,湖光校区: 广东省湛江市麻章区海大路1号 | 霞山校区: 广东省湛江市霞山区解放东路40号 | 海滨校区: 广东省湛江市经济技术开发区海滨大道中5号 | 阳江校区: 广东省阳江市江城区罗琴路1号,湖光校区：广东省湛江市麻章区海大路1号 海滨校区：广东省湛江市经济技术开发区海滨大道中5号 霞山校区：广东省湛江市霞山区解放东路40号 阳江校区：广东省阳江市江城区罗琴路1号,02_简介,exact,1.0,text_minor
4435,广东石油化工学院,—,—,—,—,location.address,官渡校区: 广东省茂名市官渡二路139号 | 光华校区: 广东省茂名市科创路1号 | 西城校区: 广东省茂名市光华北路7号,"官渡校区（校本部）：广东省茂名市官渡二路139号；邮政编码：525000


西城校区：广东省茂名市科创路1号；邮政编码：525000

       
光华校区:广东省茂名市光华北路7号；邮政编码：525000",02_简介,exact,1.0,text_minor
4431,广东省外语艺术职业学院,—,—,—,—,location.address,五山校区: 广州市天河区瘦狗岭路463号 | 燕岭校区: 广州市天河区燕岭路495号 | 龙洞校区: 广州市天河区龙洞东路128号 | 天平架校区: 广州市天河区天平架兴华直街338号 | 海珠校区: 广州市海珠区新港中路艺苑南路29号 | 花都校区: 广州市花都区花山镇福源水库山前大道19号,五山校区地址：广州市天河区瘦狗岭路463号 燕岭校区地址：广州市天河区燕岭路495号 海珠校区地址：广州市海珠区新港中路艺苑南路29号 龙洞校区地址：广州市天河区龙洞东路128号 天平架校区地址：广州市天河区天平架兴华直街338号 花都校区地址：广州市花都区花山镇福源水库山前大道19号 电话：020-38457353 传真：020-38457353,02_简介,exact,1.0,text_minor
4459,广东科学技术职业学院,—,—,—,—,location.address,广州校区: 广州市天河区科华街351号 | 珠海校区: 珠海市金湾区珠海大道南侧65号,广州校区地址：广州市天河区科华街351号(邮编:510640) 珠海校区地址：珠海市金湾区珠海大道南侧65号(邮编：519090),02_简介,exact,1.0,text_minor
4425,广东警官学院,—,—,—,—,location.address,嘉禾校区: 广州市白云区文盛庄路118号 | 滨江东校区: 广州市海珠区滨江东路500号,"嘉禾校区：广州市白云区东平文盛庄路118号（邮政编码：510440）


滨江校区：广州市滨江东路500号（邮政编码：510230）",02_简介,exact,1.0,text_minor
4462,广东食品药品职业学院,—,—,—,—,location.address,龙洞校区: 广州市天河区龙洞北路321号 | 白云校区: 广州市白云区钟落潭镇幸福大道东,龙洞校区：广州市天河区龙洞北路321号；邮政编码：510520 白云校区：广州市白云区钟落潭镇幸福大道东；邮政编码：510900,02_简介,exact,1.0,text_minor
4788,广州卫生职业技术学院,—,—,—,—,location.address,白云校区: 广州市白云区江高镇广花二路802号 | 从化校区: 广州市从化区大江路18号 | 天河校区: 广州市天河区龙洞渔沙坦西坑大街1号 | 永福校区: 广州市天河区先烈东横路60-1号 | 广园北校区: 广州市白云区广园中路511号 | 广园南校区: 广东省广州市白云区广园中路248号,"白云校区地址：广州市白云区江高镇广花二路802号，邮政编码：510450 。

从化校区地址：广州市从化区大江路18号，邮政编码：510925。

天河校区地址：广州市天河区龙洞渔沙坦西坑大街1号, 邮政编码：510520。

越秀校区地址：广州市越秀区人民北路604号，邮政编码：510180。",02_简介,exact,1.0,text_minor
4428,广州航海学院,—,—,—,—,location.address,黄埔校区(校本部): 广州市黄埔区红山三路101号 | 琶洲校区: 广州市海珠区新港东路夏阳大街1号,黄埔校区：广州市黄埔区红山三路101号 琶洲校区：广州市海珠区新港东路夏阳大街1号,02_简介,exact,1.0,text_minor
4402,汕头大学,—,—,—,—,location.address,桑浦山校区: 广东省汕头市大学路243号 | 东海岸校区: 广东省汕头市翠峰路5号,桑浦山校区：广东省汕头市大学路243号，邮政编码：515063；东海岸校区：广东省汕头市翠峰路5号，邮政编码：515821；联系单位：招生就业处 地址：广东省汕头市大学路243号，邮政编码：515063,02_简介,exact,1.0,text_minor
4424,深圳大学,—,—,—,—,location.address,粤海校区: 深圳市南山区南海大道3688号 | 丽湖校区: 深圳市南山区学苑大道1066号,"粤海校区，广东省深圳市南山区南海大道3688号，邮政编码：518060。
      丽湖校区，广东省深圳市南山区学苑大道1066号，邮政编码：518055。",02_简介,exact,1.0,text_minor
4483,茂名职业技术学院,—,—,—,—,location.address,北校区: 广东省茂名市文明北路232号大院 | 南校区: 广东省茂名市电白区沙院镇海城路五路1号,北校区地址： 广东省茂名市文明北路232号大院 南校区地址： 广东省茂名市电白区沙院镇海城路五路1号 学 院网 址：https://www.mmpt.edu.cn/ 学院招生网址：https://w.mmpt.edu.cn/zsw/ 招生联系电话：0668-2920126 2920128,02_简介,exact,1.0,text_minor
4513,南宁师范大学,—,—,—,—,location.address,明秀校区: 广西南宁市西乡塘区明秀东路175号 | 长岗校区: 广西南宁市兴宁区燕子岭路4号 | 五合校区: 广西南宁市青秀区合兴路3号 | 武鸣校区: 广西南宁市武鸣区新宁路508号 | 建政校区: 广西南宁市青秀区建政路37号,明秀校区：广西南宁市西乡塘区明秀东路175号 邮编：530001 五合校区：广西南宁市青秀区合兴路3号 邮编：530299 武鸣校区：广西南宁市武鸣区新宁路508号 邮编：530100,02_简介,exact,1.0,text_minor
4508,广西中医药大学,—,—,—,—,location.address,仙葫校区: 广西南宁市五合大道13号 | 明秀校区: 广西南宁市明秀东路179号,仙葫校区：中国广西南宁市五合大道13号。 明秀校区：中国广西南宁市明秀东路179号。,02_简介,exact,1.0,text_minor
4556,广西交通职业技术学院,—,—,—,—,location.address,昆仑校区: 广西南宁市昆仑大道1258号 | 园湖校区: 广西南宁市园湖北路12号 | 相思湖校区: 广西南宁市大学东路109号,昆仑校区：广西南宁市兴宁区昆仑大道1258号 邮政编码：530216 园湖校区：广西南宁市青秀区园湖北路12号 邮政编码：530023 相思湖校区：广西南宁市西乡塘区大学东路109号 邮政编码：530007,02_简介,exact,1.0,text_minor
4561,广西水利电力职业技术学院,—,—,—,—,location.address,长堽校区: 广西南宁市长堽路99号 | 里建校区: 广西南宁市武鸣区广西-东盟经济开发区长岗大道98号 | 大沙田校区: 广西南宁市五象大道104号,"长堽校区地址：南宁市长堽路99号                                   邮编：530023 
里建校区地址：南宁市北·里建南宁-东盟经济开发区长岗大道98号       邮编：530105",02_简介,exact,1.0,text_minor
4532,广西科技师范学院,—,—,—,—,location.address,来宾校区: 广西来宾市兴宾区铁北大道966号 | 柳州校区: 广西柳州市柳北区沙塘镇君武路170号,来宾校区（主校区）来宾市铁北大道966号 邮编：546199 电话:0772-6620808 传真:0772-6620911 0772-6621123 柳州校区（分校区）柳州市柳北区沙塘镇君武路170号 邮编：545004 电话：0772-2046337,02_简介,exact,1.0,text_minor
5002,重庆交通大学,—,—,—,—,location.address,南岸校区: 重庆市南岸区学府大道66号 | 科学城校区: 重庆市双福新区福星大道1号,"南岸校区：重庆市南岸区学府大道66号，邮编：400074；  
    
科学城校区：重庆市双福新区福星大道1号，邮编：402247",02_简介,exact,1.0,text_minor
5008,重庆医科大学,—,—,—,—,location.address,袁家岗校区: 重庆市渝中区医学院路1号 | 缙云校区: 重庆市沙坪坝区大学城中路61号,"袁家岗校区：重庆市渝中区医学院路1号
缙云校区：重庆市沙坪坝区大学城中路61号",02_简介,exact,1.0,text_minor
5060,重庆商务职业学院,—,—,—,—,location.address,大学城校区: 重庆市沙坪坝区大学城中路81号 | 南岸校区: 重庆市南岸区学府大道41号,大学城校区：重庆市沙坪坝区大学城中路81号 南岸校区：重庆市南岸区学府大道41号 招生电话：023-61691066、023-61691077 学校网址：https://www.cqbvc.edu.cn/ 招生网址：https://www.cqbvc.edu.cn/zsc/ 电子邮件：cqswxyzjc@126.com,02_简介,exact,1.0,text_minor
5026,重庆工商大学,—,—,—,—,location.address,南岸校区: 重庆市南岸区学府大道19号 | 南岸校区兰花湖片区: 重庆市南岸区学府大道28号 | 江北校区: 重庆市江北区华新街董家溪鹅石堡山26号 | 茶园校区: 重庆市南岸区梨花大道853号,南岸校区：重庆市南岸区学府大道19号； 兰花湖片区：重庆市南岸区学府大道28号； 茶园校区：重庆市南岸区梨花大道西侧。,02_简介,exact,1.0,text_minor
5074,重庆建筑工程职业学院,—,—,—,—,location.address,广阳校区: 重庆市南岸区梨花大道857号 | 东站校区: 重庆市南岸区茶园大道289号,广阳校区：重庆市南岸区梨花大道857号 东站校区：重庆市南岸区茶园大道289号,02_简介,exact,1.0,text_minor
5027,重庆第二师范学院,—,—,—,—,location.address,南山校区: 重庆市南岸区南山街道崇教路1号 | 学府大道校区: 重庆市南岸区学府大道9号,南山校区:重庆市南岸区南山街道崇教路1号，邮编:400065 学府大道校区:重庆市南岸区四公里学府大道9号，邮编：400067,02_简介,exact,1.0,text_minor
0355,中国民用航空飞行学院,—,—,—,—,location.address,校本部: 四川省德阳市广汉市南昌路四段46号 | 成都天府校区: 四川省成都市东部新区未来科技城福田街道,校本部（四川省德阳市广汉市）；成都天府校区（四川省成都市东部新区）。 地址：四川省广汉市南昌路四段46号 邮政编码：618307,02_简介,exact,1.0,text_minor
5146,四川中医药高等专科学校,—,—,—,—,location.address,主校区: 四川省绵阳市教育中路1号 | 主校区: 四川省绵阳市教育中路2号 | 西校区: 四川省绵阳市涪城区玉龙北街21号,主校区：四川省绵阳市教育中路1、2号 西校区：四川省绵阳市涪城区玉龙北街21号,02_简介,exact,1.0,text_minor
5120,四川师范大学,—,—,—,—,location.address,狮子山校区: 成都市锦江区静安路5号 | 成龙校区: 成都市龙泉驿区成龙大道二段1819号,"狮子山校区：成都市锦江区静安路5号 (邮编:610066)

成龙校区：成都市龙泉驿区成龙大道二段1819号 (邮编:610101)",02_简介,exact,1.0,text_minor
5156,四川电力职业技术学院,—,—,—,—,location.address,温江校区: 成都市温江区春江南路666号 | 草堂校区: 成都市青羊区青华路8号 | 青峰岭校区: 成都市崇州市怀远镇青峰岭社区三组78号 | 罗家碾校区: 四川省成都市青羊区清江东路39号,温江校区：四川省成都市温江区春江南路666号 （邮编：611133）,02_简介,exact,1.0,text_minor
5171,四川航天职业技术学院,—,—,—,—,location.address,四川省成都市龙泉驿区天生路155号 | 三星堆校区: 四川省广汉市航天大道155号,四川省成都市龙泉驿区天生路155号,02_简介,exact,1.0,text_minor
1322,河北建筑工程学院,—,—,—,—,rankings.overallScore,56.0,57.8,02_大学排名,exact,1.0,numeric_small
1322,河北建筑工程学院,—,—,—,—,rankings.popularity,6,4,02_大学排名,exact,1.0,numeric_small
1395,河北水利电力学院,—,—,—,—,rankings.overallScore,56.1,58.6,02_大学排名,exact,1.0,numeric_small
1325,河北北方学院,—,—,—,—,rankings.overallScore,59.3,56.6,02_大学排名,exact,1.0,numeric_small
1325,河北北方学院,—,—,—,—,rankings.popularity,4,6,02_大学排名,exact,1.0,numeric_small
1331,保定学院,—,—,—,—,rankings.overallScore,56.6,57.5,02_大学排名,exact,1.0,numeric_small
1331,保定学院,—,—,—,—,rankings.popularity,6,5,02_大学排名,exact,1.0,numeric_small
1503,内蒙古科技大学,—,—,—,—,rankings.overallScore,59.0,56.3,02_大学排名,exact,1.0,numeric_small
6351,青海高等职业技术学院,—,—,—,—,rankings.overallScore,0.1,0.0,02_大学排名,exact,1.0,numeric_small
2165,辽宁铁道职业技术学院,—,—,—,—,rankings.overallScore,0.2,0.0,02_大学排名,exact,1.0,numeric_small
3944,徽商职业学院,—,—,—,—,rankings.overallScore,0.1,0.0,02_大学排名,exact,1.0,numeric_small
