school_code,school_name,subject,batch,major_code,major_name,field_name,current_value,new_value,source,match_type,confidence,diff_type
0008,中国农业大学,—,—,—,—,basic.type,综合 农林,农林,02_院校库,exact,1.0,text_major
0013,中国传媒大学,—,—,—,—,basic.type,艺术 语言,语言,02_院校库,exact,1.0,text_major
0018,天津大学,—,—,—,—,basic.type,理工,综合,02_院校库,exact,1.0,text_major
0022,东北师范大学,—,—,—,—,basic.type,综合 师范,师范,02_院校库,exact,1.0,text_major
0028,东华大学,—,—,—,—,basic.type,理工,综合,02_院校库,exact,1.0,text_major
0029,华东师范大学,—,—,—,—,basic.type,师范,综合,02_院校库,exact,1.0,text_major
0051,华南理工大学,—,—,—,—,basic.type,理工,综合,02_院校库,exact,1.0,text_major
0054,西南交通大学,—,—,—,—,basic.type,综合 理工,理工,02_院校库,exact,1.0,text_major
0060,陕西师范大学,—,—,—,—,basic.type,综合 师范,师范,02_院校库,exact,1.0,text_major
0065,西北农林科技大学,—,—,—,—,basic.type,综合 农林,农林,02_院校库,exact,1.0,text_major
0068,中南财经政法大学,—,—,—,—,basic.type,财经 政法,财经,02_院校库,exact,1.0,text_major
0077,北京大学医学部,—,—,—,—,basic.type,医药,综合,02_院校库,exact,1.0,text_major
0080,上海交通大学医学院,—,—,—,—,basic.type,医药,综合,02_院校库,exact,1.0,text_major
0090,合肥工业大学(宣城校区),—,—,—,—,basic.type,理工,综合,02_院校库,exact,1.0,text_major
0095,北京协和医学院,—,—,—,—,basic.authority,国家卫健委,国卫委,02_院校库,exact,1.0,text_major
0096,中国消防救援学院,—,—,—,—,basic.authority,应急管理部,应管部,02_院校库,exact,1.0,text_major
0211,北京师范大学(珠海校区),—,—,—,—,basic.type,师范,综合,02_院校库,exact,1.0,text_major
0211,北京师范大学(珠海校区),—,—,—,—,basic.authority,省教育厅,教育部,02_院校库,exact,1.0,text_major
0310,北京体育大学,—,—,—,—,basic.authority,国家体育总局,国体局,02_院校库,exact,1.0,text_major
0315,中央民族大学,—,—,—,—,basic.authority,国家民委,国民委,02_院校库,exact,1.0,text_major
0345,中国科学技术大学,—,—,—,—,basic.type,理工,综合,02_院校库,exact,1.0,text_major
0346,中国科学院大学,—,—,—,—,basic.type,综合 理工,综合,02_院校库,exact,1.0,text_major
0347,华侨大学,—,—,—,—,basic.authority,中央统战部,统战部,02_院校库,exact,1.0,text_major
0351,中南民族大学,—,—,—,—,basic.authority,国家民委,国民委,02_院校库,exact,1.0,text_major
0353,暨南大学,—,—,—,—,basic.authority,中央统战部,统战部,02_院校库,exact,1.0,text_major
0357,西南民族大学,—,—,—,—,basic.authority,国家民委,国民委,02_院校库,exact,1.0,text_major
0363,西北民族大学,—,—,—,—,basic.authority,国家民委,国民委,02_院校库,exact,1.0,text_major
0369,应急管理大学,—,—,—,—,basic.authority,应急管理部,应管部,02_院校库,exact,1.0,text_major
0371,大连民族大学,—,—,—,—,basic.authority,国家民委,国民委,02_院校库,exact,1.0,text_major
0373,北方民族大学,—,—,—,—,basic.authority,国家民委,国民委,02_院校库,exact,1.0,text_major
0381,防灾科技学院,—,—,—,—,basic.authority,中国地震局,地震局,02_院校库,exact,1.0,text_major
0391,中华女子学院,—,—,—,—,basic.authority,中华妇女联合会,全国妇联,02_院校库,exact,1.0,text_major
0397,中国劳动关系学院,—,—,—,—,basic.authority,中华全国总工会,全国总工会,02_院校库,exact,1.0,text_major
1101,北京工业大学,—,—,—,—,basic.authority,北京市政府,市政府,02_院校库,exact,1.0,text_major
1102,北方工业大学,—,—,—,—,basic.authority,北京市政府,市政府,02_院校库,exact,1.0,text_major
1103,北京服装学院,—,—,—,—,basic.type,理工,艺术,02_院校库,exact,1.0,text_major
1103,北京服装学院,—,—,—,—,basic.authority,北京市政府,市政府,02_院校库,exact,1.0,text_major
1104,北京印刷学院,—,—,—,—,basic.authority,北京市政府,市政府,02_院校库,exact,1.0,text_major
1105,北京石油化工学院,—,—,—,—,basic.authority,北京市政府,市政府,02_院校库,exact,1.0,text_major
1106,首都医科大学,—,—,—,—,basic.authority,北京市政府,市政府,02_院校库,exact,1.0,text_major
1107,首都师范大学,—,—,—,—,basic.type,综合 师范,师范,02_院校库,exact,1.0,text_major
1107,首都师范大学,—,—,—,—,basic.authority,北京市政府,市政府,02_院校库,exact,1.0,text_major
1108,首都体育学院,—,—,—,—,basic.authority,北京市政府,市政府,02_院校库,exact,1.0,text_major
1109,北京建筑大学,—,—,—,—,basic.authority,北京市政府,市政府,02_院校库,exact,1.0,text_major
1110,北京第二外国语学院,—,—,—,—,basic.authority,北京市政府,市政府,02_院校库,exact,1.0,text_major
1111,北京物资学院,—,—,—,—,basic.authority,北京市政府,市政府,02_院校库,exact,1.0,text_major
1114,中国戏曲学院,—,—,—,—,basic.authority,北京市政府,市政府,02_院校库,exact,1.0,text_major
1115,北京电影学院,—,—,—,—,basic.authority,北京市政府,市政府,02_院校库,exact,1.0,text_major
1116,北京舞蹈学院,—,—,—,—,basic.authority,北京市政府,市政府,02_院校库,exact,1.0,text_major
1119,北京联合大学,—,—,—,—,basic.authority,北京市政府,市政府,02_院校库,exact,1.0,text_major
1120,北京工商大学,—,—,—,—,basic.type,综合,财经,02_院校库,exact,1.0,text_major
1120,北京工商大学,—,—,—,—,basic.authority,北京市政府,市政府,02_院校库,exact,1.0,text_major
1121,首都经济贸易大学,—,—,—,—,basic.authority,北京市政府,市政府,02_院校库,exact,1.0,text_major
1123,北京信息科技大学,—,—,—,—,basic.authority,北京市政府,市政府,02_院校库,exact,1.0,text_major
1148,北京农学院,—,—,—,—,basic.authority,北京市政府,市政府,02_院校库,exact,1.0,text_major
1160,北京经贸职业学院,—,—,—,—,basic.authority,北京市教委,市教委,02_院校库,exact,1.0,text_major
1161,民政职业大学,—,—,—,—,basic.authority,民政部,市政府,02_院校库,exact,1.0,text_major
1169,北京培黎职业学院,—,—,—,—,basic.authority,北京市教委,市教委,02_院校库,exact,1.0,text_major
1171,北京经济技术职业学院,—,—,—,—,basic.authority,北京市教委,市教委,02_院校库,exact,1.0,text_major
1181,首都师范大学科德学院,—,—,—,—,basic.authority,北京市教委,市教委,02_院校库,exact,1.0,text_major
1182,北京金融科技学院,—,—,—,—,basic.authority,北京市教委,市教委,02_院校库,exact,1.0,text_major
1183,北京邮电大学世纪学院,—,—,—,—,basic.type,财经,综合,02_院校库,exact,1.0,text_major
1183,北京邮电大学世纪学院,—,—,—,—,basic.authority,北京市教委,市教委,02_院校库,exact,1.0,text_major
1184,北京工业大学耿丹学院,—,—,—,—,basic.authority,北京市教委,市教委,02_院校库,exact,1.0,text_major
1185,北京第二外国语学院中瑞酒店管理学院,—,—,—,—,basic.type,语言,财经,02_院校库,exact,1.0,text_major
1185,北京第二外国语学院中瑞酒店管理学院,—,—,—,—,basic.authority,北京市教委,市教委,02_院校库,exact,1.0,text_major
1186,北京经济管理职业学院,—,—,—,—,basic.authority,北京市政府,市政府,02_院校库,exact,1.0,text_major
1187,北京城市学院,—,—,—,—,basic.authority,北京市教委,市教委,02_院校库,exact,1.0,text_major
1190,北京信息职业技术学院,—,—,—,—,basic.authority,北京市政府,市政府,02_院校库,exact,1.0,text_major
1201,天津科技大学,—,—,—,—,basic.authority,天津市政府,市政府,02_院校库,exact,1.0,text_major
1202,天津工业大学,—,—,—,—,basic.type,理工,综合,02_院校库,exact,1.0,text_major
1202,天津工业大学,—,—,—,—,basic.authority,天津市政府,市政府,02_院校库,exact,1.0,text_major
1204,天津理工大学,—,—,—,—,basic.authority,天津市政府,市政府,02_院校库,exact,1.0,text_major
1205,天津农学院,—,—,—,—,basic.authority,天津市政府,市政府,02_院校库,exact,1.0,text_major
1206,天津中医药大学,—,—,—,—,basic.authority,天津市政府,市政府,02_院校库,exact,1.0,text_major
1207,天津师范大学,—,—,—,—,basic.type,综合 师范,综合,02_院校库,exact,1.0,text_major
1207,天津师范大学,—,—,—,—,basic.authority,天津市政府,市政府,02_院校库,exact,1.0,text_major
1209,天津外国语大学,—,—,—,—,basic.authority,天津市政府,市政府,02_院校库,exact,1.0,text_major
1210,天津商业大学,—,—,—,—,basic.authority,天津市政府,市政府,02_院校库,exact,1.0,text_major
1211,天津财经大学,—,—,—,—,basic.authority,天津市政府,市政府,02_院校库,exact,1.0,text_major
1212,天津体育学院,—,—,—,—,basic.authority,天津市政府,市政府,02_院校库,exact,1.0,text_major
1214,天津美术学院,—,—,—,—,basic.authority,天津市政府,市政府,02_院校库,exact,1.0,text_major
1216,天津城建大学,—,—,—,—,basic.authority,天津市政府,市政府,02_院校库,exact,1.0,text_major
1217,天津职业大学,—,—,—,—,basic.type,理工,综合,02_院校库,exact,1.0,text_major
1217,天津职业大学,—,—,—,—,basic.authority,天津市政府,市政府,02_院校库,exact,1.0,text_major
1218,天津医科大学,—,—,—,—,basic.authority,天津市政府,市政府,02_院校库,exact,1.0,text_major
1222,天津职业技术师范大学,—,—,—,—,basic.authority,天津市政府,市政府,02_院校库,exact,1.0,text_major
1225,天津医学高等专科学校,—,—,—,—,basic.authority,天津市政府,市政府,02_院校库,exact,1.0,text_major
1249,天津艺术职业学院,—,—,—,—,basic.authority,天津市政府,市政府,02_院校库,exact,1.0,text_major
1251,天津天狮学院,—,—,—,—,basic.authority,天津市教委,市教委,02_院校库,exact,1.0,text_major
1253,天津滨海职业学院,—,—,—,—,basic.authority,天津市政府,市政府,02_院校库,exact,1.0,text_major
1255,天津中德应用技术大学,—,—,—,—,basic.authority,天津市政府,市政府,02_院校库,exact,1.0,text_major
1256,天津轻工职业技术学院,—,—,—,—,basic.type,综合,理工,02_院校库,exact,1.0,text_major
1256,天津轻工职业技术学院,—,—,—,—,basic.authority,天津市政府,市政府,02_院校库,exact,1.0,text_major
1257,天津电子信息职业技术学院,—,—,—,—,basic.authority,天津市政府,市政府,02_院校库,exact,1.0,text_major
1258,天津渤海职业技术学院,—,—,—,—,basic.authority,天津市政府,市政府,02_院校库,exact,1.0,text_major
1259,天津机电职业技术学院,—,—,—,—,basic.authority,天津市政府,市政府,02_院校库,exact,1.0,text_major
1260,天津现代职业技术学院,—,—,—,—,basic.authority,天津市政府,市政府,02_院校库,exact,1.0,text_major
1261,天津商务职业学院,—,—,—,—,basic.authority,天津市政府,市政府,02_院校库,exact,1.0,text_major
1262,天津工业职业学院,—,—,—,—,basic.authority,天津市政府,市政府,02_院校库,exact,1.0,text_major
1264,天津国土资源和房屋职业学院,—,—,—,—,basic.authority,天津市政府,市政府,02_院校库,exact,1.0,text_major
1265,天津交通职业学院,—,—,—,—,basic.type,理工,综合,02_院校库,exact,1.0,text_major
1265,天津交通职业学院,—,—,—,—,basic.authority,天津市政府,市政府,02_院校库,exact,1.0,text_major
1266,天津铁道职业技术学院,—,—,—,—,basic.authority,天津市政府,市政府,02_院校库,exact,1.0,text_major
1268,天津石油职业技术学院,—,—,—,—,basic.authority,天津市政府,市政府,02_院校库,exact,1.0,text_major
1269,天津海运职业学院,—,—,—,—,basic.authority,天津市政府,市政府,02_院校库,exact,1.0,text_major
1271,天津生物工程职业技术学院,—,—,—,—,basic.type,理工,医药,02_院校库,exact,1.0,text_major
1271,天津生物工程职业技术学院,—,—,—,—,basic.authority,天津市政府,市政府,02_院校库,exact,1.0,text_major
1272,天津城市建设管理职业技术学院,—,—,—,—,basic.authority,天津市政府,市政府,02_院校库,exact,1.0,text_major
1273,天津城市职业学院,—,—,—,—,basic.authority,天津市政府,市政府,02_院校库,exact,1.0,text_major
1289,天津仁爱学院,—,—,—,—,basic.authority,天津市教委,市教委,02_院校库,exact,1.0,text_major
1290,天津滨海汽车工程职业学院,—,—,—,—,basic.authority,天津市教委,市教委,02_院校库,exact,1.0,text_major
1292,天津商业大学宝德学院,—,—,—,—,basic.type,财经,综合,02_院校库,exact,1.0,text_major
1292,天津商业大学宝德学院,—,—,—,—,basic.authority,天津市教委,市教委,02_院校库,exact,1.0,text_major
1293,天津医科大学临床医学院,—,—,—,—,basic.authority,天津市教委,市教委,02_院校库,exact,1.0,text_major
1294,天津传媒学院,—,—,—,—,basic.authority,天津市教委,市教委,02_院校库,exact,1.0,text_major
1295,天津外国语大学滨海外事学院,—,—,—,—,basic.authority,天津市教委,市教委,02_院校库,exact,1.0,text_major
1296,北京科技大学天津学院,—,—,—,—,basic.type,理工,综合,02_院校库,exact,1.0,text_major
1296,北京科技大学天津学院,—,—,—,—,basic.authority,天津市教委,市教委,02_院校库,exact,1.0,text_major
1297,天津财经大学珠江学院,—,—,—,—,basic.authority,天津市教委,市教委,02_院校库,exact,1.0,text_major
1298,天津理工大学中环信息学院,—,—,—,—,basic.authority,天津市教委,市教委,02_院校库,exact,1.0,text_major
1304,河北地质大学,—,—,—,—,basic.type,财经,综合,02_院校库,exact,1.0,text_major
1305,华北理工大学,—,—,—,—,basic.type,理工,综合,02_院校库,exact,1.0,text_major
1331,保定学院,—,—,—,—,basic.type,师范,综合,02_院校库,exact,1.0,text_major
1335,邢台医学院,—,—,—,—,basic.type,医学,医药,02_院校库,exact,1.0,text_major
1362,石家庄信息工程职业学院,—,—,—,—,basic.type,师范,理工,02_院校库,exact,1.0,text_major
1364,冀中职业学院,—,—,—,—,basic.type,理工,综合,02_院校库,exact,1.0,text_major
1383,承德应用技术职业学院,—,—,—,—,basic.type,其他,综合,02_院校库,exact,1.0,text_major
1397,沧州交通学院,—,—,—,—,basic.type,理工,综合,02_院校库,exact,1.0,text_major
1427,太原学院,—,—,—,—,basic.type,理工,综合,02_院校库,exact,1.0,text_major
1443,山西传媒学院,—,—,—,—,basic.type,语言,艺术,02_院校库,exact,1.0,text_major
1474,晋中信息学院,—,—,—,—,basic.type,农林,综合,02_院校库,exact,1.0,text_major
1484,山西电子科技学院,—,—,—,—,basic.type,师范,理工,02_院校库,exact,1.0,text_major
1564,鄂尔多斯应用技术学院,—,—,—,—,basic.type,理工,综合,02_院校库,exact,1.0,text_major
1832,河北地质大学华信学院,—,—,—,—,basic.type,财经,综合,02_院校库,exact,1.0,text_major
1834,保定理工学院,—,—,—,—,basic.type,综合,理工,02_院校库,exact,1.0,text_major
1846,宣化科技职业学院,—,—,—,—,basic.type,理工,综合,02_院校库,exact,1.0,text_major
1858,唐山职业技术学院,—,—,—,—,basic.type,医药,综合,02_院校库,exact,1.0,text_major
1908,内蒙古北方职业技术学院,—,—,—,—,basic.authority,省教育厅,自治区教育厅,02_院校库,exact,1.0,text_major
1909,山西科技学院,—,—,—,—,basic.type,综合,理工,02_院校库,exact,1.0,text_major
1913,山西工程科技职业大学,—,—,—,—,basic.type,财经,理工,02_院校库,exact,1.0,text_major
1918,北京科技职业大学,—,—,—,—,basic.authority,北京市政府,市政府,02_院校库,exact,1.0,text_major
2124,沈阳师范大学,—,—,—,—,basic.type,综合 师范,师范,02_院校库,exact,1.0,text_major
2154,辽宁经济职业技术学院,—,—,—,—,basic.type,综合,财经,02_院校库,exact,1.0,text_major
2162,营口职业技术学院,—,—,—,—,basic.type,师范,综合,02_院校库,exact,1.0,text_major
2178,辽宁冶金职业技术学院,—,—,—,—,basic.type,其他,理工,02_院校库,exact,1.0,text_major
2184,沈阳科技学院,—,—,—,—,basic.type,综合,理工,02_院校库,exact,1.0,text_major
2198,辽宁生态工程职业学院,—,—,—,—,basic.type,农林,理工,02_院校库,exact,1.0,text_major
2205,长春工业大学,—,—,—,—,basic.type,理工,综合,02_院校库,exact,1.0,text_major
2216,长春师范大学,—,—,—,—,basic.type,综合,师范,02_院校库,exact,1.0,text_major
2254,松原职业技术学院,—,—,—,—,basic.type,理工,综合,02_院校库,exact,1.0,text_major
2285,长春建筑学院,—,—,—,—,basic.type,综合,理工,02_院校库,exact,1.0,text_major
2318,牡丹江师范学院,—,—,—,—,basic.type,综合 师范,师范,02_院校库,exact,1.0,text_major
2341,哈尔滨商贸职业学院,—,—,—,—,basic.authority,省教育厅,哈尔滨新区管委会,02_院校库,exact,1.0,text_major
2389,黑龙江工程学院昆仑旅游学院,—,—,—,—,basic.type,理工,综合,02_院校库,exact,1.0,text_major
2443,哈尔滨传媒职业学院,—,—,—,—,basic.type,其他,综合,02_院校库,exact,1.0,text_major
2560,辽宁轻工职业学院,—,—,—,—,basic.type,其他,综合,02_院校库,exact,1.0,text_major
2802,通化医药健康职业学院,—,—,—,—,basic.type,医学,医药,02_院校库,exact,1.0,text_major
3101,上海理工大学,—,—,—,—,basic.authority,上海市政府,市政府,02_院校库,exact,1.0,text_major
3102,上海科技大学,—,—,—,—,basic.authority,上海市政府、中科院,市政府,02_院校库,exact,1.0,text_major
3103,上海海事大学,—,—,—,—,basic.authority,上海市政府,市政府,02_院校库,exact,1.0,text_major
3105,上海电力大学,—,—,—,—,basic.authority,上海市政府,市政府,02_院校库,exact,1.0,text_major
3107,上海应用技术大学,—,—,—,—,basic.authority,上海市政府,市政府,02_院校库,exact,1.0,text_major
3109,上海健康医学院,—,—,—,—,basic.authority,上海市政府,市政府,02_院校库,exact,1.0,text_major
3111,上海海洋大学,—,—,—,—,basic.authority,上海市政府,市政府,02_院校库,exact,1.0,text_major
3112,上海中医药大学,—,—,—,—,basic.authority,上海市政府,市政府,02_院校库,exact,1.0,text_major
3113,上海师范大学,—,—,—,—,basic.type,综合 师范,综合,02_院校库,exact,1.0,text_major
3113,上海师范大学,—,—,—,—,basic.authority,上海市政府,市政府,02_院校库,exact,1.0,text_major
3115,上海体育大学,—,—,—,—,basic.authority,上海市政府,市政府,02_院校库,exact,1.0,text_major
3117,上海对外经贸大学,—,—,—,—,basic.type,财经 语言,财经,02_院校库,exact,1.0,text_major
3117,上海对外经贸大学,—,—,—,—,basic.authority,上海市政府,市政府,02_院校库,exact,1.0,text_major
3118,华东政法大学,—,—,—,—,basic.authority,上海市政府,市政府,02_院校库,exact,1.0,text_major
3119,上海旅游高等专科学校,—,—,—,—,basic.type,其他,财经,02_院校库,exact,1.0,text_major
3119,上海旅游高等专科学校,—,—,—,—,basic.authority,上海市政府,市政府,02_院校库,exact,1.0,text_major
3122,上海戏剧学院,—,—,—,—,basic.authority,上海市政府,市政府,02_院校库,exact,1.0,text_major
3123,上海政法学院,—,—,—,—,basic.authority,上海市政府,市政府,02_院校库,exact,1.0,text_major
3124,上海电机学院,—,—,—,—,basic.authority,上海市政府,市政府,02_院校库,exact,1.0,text_major
3125,上海工程技术大学,—,—,—,—,basic.authority,上海市政府,市政府,02_院校库,exact,1.0,text_major
3126,上海立信会计金融学院,—,—,—,—,basic.authority,上海市政府,市政府,02_院校库,exact,1.0,text_major
3135,上海出版印刷高等专科学校,—,—,—,—,basic.type,综合,理工,02_院校库,exact,1.0,text_major
3135,上海出版印刷高等专科学校,—,—,—,—,basic.authority,上海市政府,市政府,02_院校库,exact,1.0,text_major
3137,上海大学,—,—,—,—,basic.authority,上海市政府,市政府,02_院校库,exact,1.0,text_major
3140,上海杉达学院,—,—,—,—,basic.authority,上海市教委,市教委,02_院校库,exact,1.0,text_major
3148,上海纽约大学,—,—,—,—,basic.nature,中外合作办学,中外/港澳,02_院校库,exact,1.0,text_major
3148,上海纽约大学,—,—,—,—,basic.authority,上海市教委,市教委,02_院校库,exact,1.0,text_major
3151,上海城建职业学院,—,—,—,—,basic.type,综合,理工,02_院校库,exact,1.0,text_major
3151,上海城建职业学院,—,—,—,—,basic.authority,上海市政府,市政府,02_院校库,exact,1.0,text_major
3153,上海交通职业技术学院,—,—,—,—,basic.authority,上海市政府,市政府,02_院校库,exact,1.0,text_major
3154,上海商学院,—,—,—,—,basic.authority,上海市政府,市政府,02_院校库,exact,1.0,text_major
3155,上海第二工业大学,—,—,—,—,basic.authority,上海市政府,市政府,02_院校库,exact,1.0,text_major
3156,上海济光职业技术学院,—,—,—,—,basic.type,综合,理工,02_院校库,exact,1.0,text_major
3156,上海济光职业技术学院,—,—,—,—,basic.authority,上海市教委,市教委,02_院校库,exact,1.0,text_major
3157,上海建桥学院,—,—,—,—,basic.authority,上海市教委,市教委,02_院校库,exact,1.0,text_major
3159,上海东海职业技术学院,—,—,—,—,basic.authority,上海市教委,市教委,02_院校库,exact,1.0,text_major
3160,上海工商职业技术学院,—,—,—,—,basic.authority,上海市教委,市教委,02_院校库,exact,1.0,text_major
3161,上海电子信息职业技术学院,—,—,—,—,basic.authority,上海市政府,市政府,02_院校库,exact,1.0,text_major
3162,上海震旦职业学院,—,—,—,—,basic.authority,上海市教委,市教委,02_院校库,exact,1.0,text_major
3164,上海行健职业学院,—,—,—,—,basic.type,综合,财经,02_院校库,exact,1.0,text_major
3164,上海行健职业学院,—,—,—,—,basic.authority,上海市政府,市政府,02_院校库,exact,1.0,text_major
3165,上海中侨职业技术大学,—,—,—,—,basic.authority,上海市教委,市教委,02_院校库,exact,1.0,text_major
3172,上海立达学院,—,—,—,—,basic.authority,上海市教委,市教委,02_院校库,exact,1.0,text_major
3174,上海工艺美术职业学院,—,—,—,—,basic.authority,上海市政府,市政府,02_院校库,exact,1.0,text_major
3177,上海科学技术职业学院,—,—,—,—,basic.authority,上海市政府,市政府,02_院校库,exact,1.0,text_major
3184,上海农林职业技术学院,—,—,—,—,basic.authority,上海市政府,市政府,02_院校库,exact,1.0,text_major
3191,上海民远职业技术学院,—,—,—,—,basic.authority,上海市教委,市教委,02_院校库,exact,1.0,text_major
3192,上海视觉艺术学院,—,—,—,—,basic.authority,上海市教委,市教委,02_院校库,exact,1.0,text_major
3193,上海外国语大学贤达经济人文学院,—,—,—,—,basic.type,语言,财经,02_院校库,exact,1.0,text_major
3193,上海外国语大学贤达经济人文学院,—,—,—,—,basic.authority,上海市教委,市教委,02_院校库,exact,1.0,text_major
3194,上海师范大学天华学院,—,—,—,—,basic.type,综合,师范,02_院校库,exact,1.0,text_major
3194,上海师范大学天华学院,—,—,—,—,basic.authority,上海市教委,市教委,02_院校库,exact,1.0,text_major
3195,上海兴伟学院,—,—,—,—,basic.authority,上海市教委,市教委,02_院校库,exact,1.0,text_major
3197,上海建设管理职业技术学院,—,—,—,—,basic.authority,上海市政府,市政府,02_院校库,exact,1.0,text_major
3204,江苏师范大学,—,—,—,—,basic.type,综合 师范,师范,02_院校库,exact,1.0,text_major
3209,南京邮电大学,—,—,—,—,basic.type,综合,理工,02_院校库,exact,1.0,text_major
3225,南京师范大学,—,—,—,—,basic.type,综合 师范,综合,02_院校库,exact,1.0,text_major
3232,南通科技职业学院,—,—,—,—,basic.type,农林,综合,02_院校库,exact,1.0,text_major
3235,徐州工程学院,—,—,—,—,basic.type,师范,综合,02_院校库,exact,1.0,text_major
3245,中国矿业大学徐海学院,—,—,—,—,basic.type,综合,理工,02_院校库,exact,1.0,text_major
3247,西交利物浦大学,—,—,—,—,basic.nature,中外合作办学,中外/港澳,02_院校库,exact,1.0,text_major
3248,苏州职业技术大学,—,—,—,—,basic.type,综合类,综合,02_院校库,exact,1.0,text_major
3255,江苏农牧科技职业学院,—,—,—,—,basic.type,师范,农林,02_院校库,exact,1.0,text_major
3265,江苏工程职业技术学院,—,—,—,—,basic.type,综合,理工,02_院校库,exact,1.0,text_major
3273,九州职业技术学院,—,—,—,—,basic.type,综合,理工,02_院校库,exact,1.0,text_major
3290,南京邮电大学通达学院,—,—,—,—,basic.type,综合,其它,02_院校库,exact,1.0,text_major
3294,无锡学院,—,—,—,—,basic.type,理工,综合,02_院校库,exact,1.0,text_major
3296,南京审计大学金审学院,—,—,—,—,basic.type,综合 财经,综合,02_院校库,exact,1.0,text_major
3304,宁波诺丁汉大学,—,—,—,—,basic.nature,中外合作办学,中外/港澳,02_院校库,exact,1.0,text_major
3305,浙江海洋大学,—,—,—,—,basic.type,综合 其他,农林,02_院校库,exact,1.0,text_major
3309,浙江师范大学,—,—,—,—,basic.type,师范,综合,02_院校库,exact,1.0,text_major
3337,浙江安防职业技术学院,—,—,—,—,basic.type,其他,理工,02_院校库,exact,1.0,text_major
3340,温州肯恩大学,—,—,—,—,basic.nature,中外合作办学,中外/港澳,02_院校库,exact,1.0,text_major
3343,浙江国际海运职业技术学院,—,—,—,—,basic.type,理工,综合,02_院校库,exact,1.0,text_major
3356,温州职业技术学院,—,—,—,—,basic.type,理工,综合,02_院校库,exact,1.0,text_major
3363,浙江旅游职业学院,—,—,—,—,basic.type,其他,其它,02_院校库,exact,1.0,text_major
3370,义乌工商职业技术学院,—,—,—,—,basic.type,财经,综合,02_院校库,exact,1.0,text_major
3378,浙江特殊教育职业学院,—,—,—,—,basic.type,其他,综合,02_院校库,exact,1.0,text_major
3384,浙江广厦建设职业技术大学,—,—,—,—,basic.type,其他,理工,02_院校库,exact,1.0,text_major
3394,嘉兴南湖学院,—,—,—,—,basic.type,财经,综合,02_院校库,exact,1.0,text_major
3399,温州理工学院,—,—,—,—,basic.type,综合,理工,02_院校库,exact,1.0,text_major
3407,安徽师范大学,—,—,—,—,basic.type,师范,综合,02_院校库,exact,1.0,text_major
3410,淮北师范大学,—,—,—,—,basic.type,师范,综合,02_院校库,exact,1.0,text_major
3418,安徽科技工程大学,—,—,—,—,basic.type,师范,综合,02_院校库,exact,1.0,text_major
3420,合肥大学,—,—,—,—,basic.type,理工,综合,02_院校库,exact,1.0,text_major
3451,安徽职业技术大学,—,—,—,—,basic.type,理工,综合,02_院校库,exact,1.0,text_major
3473,池州学院,—,—,—,—,basic.type,师范,综合,02_院校库,exact,1.0,text_major
3478,滁州职业技术学院,—,—,—,—,basic.type,理工,综合,02_院校库,exact,1.0,text_major
3481,蚌埠工商学院,—,—,—,—,basic.type,财经,综合,02_院校库,exact,1.0,text_major
3484,蚌埠经济技术职业学院,—,—,—,—,basic.type,财经,综合,02_院校库,exact,1.0,text_major
3495,安徽新闻出版职业技术学院,—,—,—,—,basic.type,理工,综合,02_院校库,exact,1.0,text_major
3521,福建农林大学金山学院,—,—,—,—,basic.type,农林,综合,02_院校库,exact,1.0,text_major
3523,泉州工程职业技术学院,—,—,—,—,basic.type,综合,理工,02_院校库,exact,1.0,text_major
3542,福州工商学院,—,—,—,—,basic.type,理工,财经,02_院校库,exact,1.0,text_major
3556,福建华南女子职业学院,—,—,—,—,basic.type,财经,综合,02_院校库,exact,1.0,text_major
3573,厦门软件职业技术学院,—,—,—,—,basic.type,理工,综合,02_院校库,exact,1.0,text_major
3576,泉州轻工职业学院,—,—,—,—,basic.type,综合,理工,02_院校库,exact,1.0,text_major
3578,福州英华职业学院,—,—,—,—,basic.type,语言,综合,02_院校库,exact,1.0,text_major
3584,厦门海洋职业技术学院,—,—,—,—,basic.type,其他,综合,02_院校库,exact,1.0,text_major
3594,阳光学院,—,—,—,—,basic.type,理工,综合,02_院校库,exact,1.0,text_major
3605,景德镇陶瓷大学,—,—,—,—,basic.type,理工,艺术,02_院校库,exact,1.0,text_major
3619,江西飞行学院,—,—,—,—,basic.type,航空,综合,02_院校库,exact,1.0,text_major
3622,鹰潭卫生职业学院,—,—,—,—,basic.authority,省政府,省教育厅,02_院校库,exact,1.0,text_major
3629,赣州职业技术学院,—,—,—,—,basic.type,理工,综合,02_院校库,exact,1.0,text_major
3634,江西科技师范大学,—,—,—,—,basic.type,综合 师范,综合,02_院校库,exact,1.0,text_major
3640,抚州医药学院,—,—,—,—,basic.authority,省教育厅,省政府,02_院校库,exact,1.0,text_major
3650,江西水利职业学院,—,—,—,—,basic.type,其他,其它,02_院校库,exact,1.0,text_major
3651,江西传媒职业学院,—,—,—,—,basic.type,综合,艺术,02_院校库,exact,1.0,text_major
3658,江西工业职业技术学院,—,—,—,—,basic.type,理工,综合,02_院校库,exact,1.0,text_major
3659,江西工商职业技术学院,—,—,—,—,basic.type,理工,综合,02_院校库,exact,1.0,text_major
3690,江西农业大学南昌商学院,—,—,—,—,basic.type,财经,综合,02_院校库,exact,1.0,text_major
3693,南昌航空大学科技学院,—,—,—,—,basic.type,理工,综合,02_院校库,exact,1.0,text_major
3694,赣东学院,—,—,—,—,basic.type,理工,综合,02_院校库,exact,1.0,text_major
3699,江西软件职业技术大学,—,—,—,—,basic.type,综合,理工,02_院校库,exact,1.0,text_major
3703,山东科技大学,—,—,—,—,basic.type,理工,综合,02_院校库,exact,1.0,text_major
3713,山东师范大学,—,—,—,—,basic.type,综合 师范,综合,02_院校库,exact,1.0,text_major
3790,青岛黄海学院,—,—,—,—,basic.type,理工,综合,02_院校库,exact,1.0,text_major
3791,山东海事职业学院,—,—,—,—,basic.type,综合,理工,02_院校库,exact,1.0,text_major
3797,青岛城市学院,—,—,—,—,basic.type,理工,综合,02_院校库,exact,1.0,text_major
3838,衢州职业技术学院,—,—,—,—,basic.type,理工,综合,02_院校库,exact,1.0,text_major
3848,安徽城市管理职业学院,—,—,—,—,basic.type,财经,综合,02_院校库,exact,1.0,text_major
3874,和君职业学院,—,—,—,—,basic.type,其他,综合,02_院校库,exact,1.0,text_major
3875,南京旅游职业学院,—,—,—,—,basic.type,其他,其它,02_院校库,exact,1.0,text_major
3881,宿州航空职业学院,—,—,—,—,basic.type,航空,理工,02_院校库,exact,1.0,text_major
3895,苏州大学应用技术学院,—,—,—,—,basic.type,理工,综合,02_院校库,exact,1.0,text_major
3909,青岛航空科技职业学院,—,—,—,—,basic.type,航空,其它,02_院校库,exact,1.0,text_major
3916,南京财经大学红山学院,—,—,—,—,basic.type,综合,财经,02_院校库,exact,1.0,text_major
3917,江苏师范大学科文学院,—,—,—,—,basic.type,综合 师范,师范,02_院校库,exact,1.0,text_major
3926,江苏旅游职业学院,—,—,—,—,basic.type,其他,其它,02_院校库,exact,1.0,text_major
3929,扬州中瑞酒店职业学院,—,—,—,—,basic.type,综合,财经,02_院校库,exact,1.0,text_major
3932,南通理工学院,—,—,—,—,basic.type,理工,综合,02_院校库,exact,1.0,text_major
3933,台州职业技术学院,—,—,—,—,basic.type,综合,理工,02_院校库,exact,1.0,text_major
3951,江西交通职业技术学院,—,—,—,—,basic.type,综合,理工,02_院校库,exact,1.0,text_major
3956,江西婺源茶业职业学院,—,—,—,—,basic.type,其他,其它,02_院校库,exact,1.0,text_major
3958,苏州百年职业学院,—,—,—,—,basic.nature,中外合作办学,中外/港澳,02_院校库,exact,1.0,text_major
3961,潍坊环境工程职业学院,—,—,—,—,basic.type,综合,理工,02_院校库,exact,1.0,text_major
3976,枣庄职业学院,—,—,—,—,basic.type,理工,综合,02_院校库,exact,1.0,text_major
3977,昆山杜克大学,—,—,—,—,basic.nature,中外合作办学,中外/港澳,02_院校库,exact,1.0,text_major
3978,潍坊理工学院,—,—,—,—,basic.type,综合,理工,02_院校库,exact,1.0,text_major
3985,烟台黄金职业学院,—,—,—,—,basic.type,理工,综合,02_院校库,exact,1.0,text_major
4109,河南牧业经济学院,—,—,—,—,basic.type,农业,财经,02_院校库,exact,1.0,text_major
4115,河南师范大学,—,—,—,—,basic.type,综合 师范,师范,02_院校库,exact,1.0,text_major
4119,洛阳师范学院,—,—,—,—,basic.type,师范,综合,02_院校库,exact,1.0,text_major
4125,鹤壁能源化工职业学院,—,—,—,—,basic.type,其他,理工,02_院校库,exact,1.0,text_major
4130,开封大学,—,—,—,—,basic.type,理工,综合,02_院校库,exact,1.0,text_major
4134,河南地矿职业学院,—,—,—,—,basic.type,其他,理工,02_院校库,exact,1.0,text_major
4177,郑州工业应用技术学院,—,—,—,—,basic.type,综合,理工,02_院校库,exact,1.0,text_major
4179,郑州旅游职业学院,—,—,—,—,basic.type,其他,其它,02_院校库,exact,1.0,text_major
4190,中原科技学院,—,—,—,—,basic.type,师范,理工,02_院校库,exact,1.0,text_major
4191,开封文化艺术职业学院,—,—,—,—,basic.type,综合,艺术,02_院校库,exact,1.0,text_major
4192,河南科技学院,—,—,—,—,basic.type,理工,师范,02_院校库,exact,1.0,text_major
4197,周口职业技术学院,—,—,—,—,basic.type,理工,综合,02_院校库,exact,1.0,text_major
4226,武昌工学院,—,—,—,—,basic.type,理工,综合,02_院校库,exact,1.0,text_major
4229,鄂州职业大学,—,—,—,—,basic.type,理工,综合,02_院校库,exact,1.0,text_major
4231,湖北三峡航空学院,—,—,—,—,basic.authority,省政府,湖北省教育厅,02_院校库,exact,1.0,text_major
4234,宜昌科技职业学院,—,—,—,—,basic.type,工科,理工,02_院校库,exact,1.0,text_major
4238,湖北铁道运输职业学院,—,—,—,—,basic.type,综合,理工,02_院校库,exact,1.0,text_major
4243,武汉光谷职业学院,—,—,—,—,basic.type,综合,理工,02_院校库,exact,1.0,text_major
4255,随州职业技术学院,—,—,—,—,basic.type,理工,综合,02_院校库,exact,1.0,text_major
4266,荆州职业技术学院,—,—,—,—,basic.type,理工,综合,02_院校库,exact,1.0,text_major
4279,武汉外语外事职业学院,—,—,—,—,basic.type,综合,语言,02_院校库,exact,1.0,text_major
4281,咸宁职业技术学院,—,—,—,—,basic.type,理工,综合,02_院校库,exact,1.0,text_major
4284,武汉科技职业学院,—,—,—,—,basic.type,综合,理工,02_院校库,exact,1.0,text_major
4286,武汉海事职业学院,—,—,—,—,basic.type,其他,理工,02_院校库,exact,1.0,text_major
4288,武昌首义学院,—,—,—,—,basic.type,理工,综合,02_院校库,exact,1.0,text_major
4299,武汉工商学院,—,—,—,—,basic.type,财经,综合,02_院校库,exact,1.0,text_major
4319,湖南科技学院,—,—,—,—,basic.type,理工,综合,02_院校库,exact,1.0,text_major
4329,长沙工业学院,—,—,—,—,basic.type,师范,理工,02_院校库,exact,1.0,text_major
4337,湖南电子科技职业学院,—,—,—,—,basic.type,理工,综合,02_院校库,exact,1.0,text_major
4350,湖南理工职业技术学院,—,—,—,—,basic.type,理工,综合,02_院校库,exact,1.0,text_major
4351,长沙民政职业技术学院,—,—,—,—,basic.type,语言,综合,02_院校库,exact,1.0,text_major
4365,湖南涉外经济学院,—,—,—,—,basic.type,综合,财经,02_院校库,exact,1.0,text_major
4368,湖南大众传媒职业技术学院,—,—,—,—,basic.type,其他,艺术,02_院校库,exact,1.0,text_major
4370,湘潭医卫职业技术学院,—,—,—,—,basic.type,综合,医药,02_院校库,exact,1.0,text_major
4371,湖南商务职业技术学院,—,—,—,—,basic.type,综合,财经,02_院校库,exact,1.0,text_major
4376,长沙环境保护职业技术学院,—,—,—,—,basic.type,其他,理工,02_院校库,exact,1.0,text_major
4379,湖南劳动人事职业学院,—,—,—,—,basic.type,综合,理工,02_院校库,exact,1.0,text_major
4381,长沙航空职业技术学院,—,—,—,—,basic.authority,空军装备部,人民解放军总空军装备部,02_院校库,exact,1.0,text_major
4395,南华大学船山学院,—,—,—,—,basic.type,理工,综合,02_院校库,exact,1.0,text_major
4406,广东海洋大学,—,—,—,—,basic.type,农林,综合,02_院校库,exact,1.0,text_major
4431,广东省外语艺术职业学院,—,—,—,—,basic.type,艺术,综合,02_院校库,exact,1.0,text_major
4433,肇庆医学院,—,—,—,—,basic.type,医学,医药,02_院校库,exact,1.0,text_major
4435,广东石油化工学院,—,—,—,—,basic.type,综合,理工,02_院校库,exact,1.0,text_major
4436,佛山大学,—,—,—,—,basic.type,综合,理工,02_院校库,exact,1.0,text_major
4437,广东外语外贸大学,—,—,—,—,basic.type,语言,综合,02_院校库,exact,1.0,text_major
4441,北师香港浸会大学,—,—,—,—,basic.nature,内地与港澳台合作办学,中外/港澳,02_院校库,exact,1.0,text_major
4448,广东工商职业技术大学,—,—,—,—,basic.type,财经,综合,02_院校库,exact,1.0,text_major
4450,广东科技学院,—,—,—,—,basic.type,理工,综合,02_院校库,exact,1.0,text_major
4458,广东以色列理工学院,—,—,—,—,basic.nature,中外合作办学,中外/港澳,02_院校库,exact,1.0,text_major
4462,广东食品药品职业学院,—,—,—,—,basic.type,理工,医药,02_院校库,exact,1.0,text_major
4484,广东交通职业技术学院,—,—,—,—,basic.type,理工,综合,02_院校库,exact,1.0,text_major
4486,广东环境保护工程职业学院,—,—,—,—,basic.type,农林,理工,02_院校库,exact,1.0,text_major
4488,香港中文大学(深圳),—,—,—,—,basic.nature,中外合作办学,中外/港澳,02_院校库,exact,1.0,text_major
4493,广东外语外贸大学南国商学院,—,—,—,—,basic.type,财经 语言,综合,02_院校库,exact,1.0,text_major
4517,南宁学院,—,—,—,—,basic.authority,省教育厅,自治区教育厅,02_院校库,exact,1.0,text_major
4518,广西民族大学,—,—,—,—,basic.type,民族,综合,02_院校库,exact,1.0,text_major
4527,桂林师范学院,—,—,—,—,basic.authority,省政府,自治区政府,02_院校库,exact,1.0,text_major
4555,南宁职业技术大学,—,—,—,—,basic.authority,省政府,自治区政府,02_院校库,exact,1.0,text_major
4558,广西自然资源职业技术学院,—,—,—,—,basic.type,自然资源,综合,02_院校库,exact,1.0,text_major
4562,北海艺术设计学院,—,—,—,—,basic.authority,省教育厅,自治区教育厅,02_院校库,exact,1.0,text_major
4564,广西经济职业学院,—,—,—,—,basic.authority,省教育厅,自治区教育厅,02_院校库,exact,1.0,text_major
4566,广西外国语学院,—,—,—,—,basic.authority,省教育厅,自治区教育厅,02_院校库,exact,1.0,text_major
4567,广西城市职业大学,—,—,—,—,basic.authority,省教育厅,自治区教育厅,02_院校库,exact,1.0,text_major
4573,广西科技职业学院,—,—,—,—,basic.authority,省教育厅,自治区教育厅,02_院校库,exact,1.0,text_major
4587,桂林信息工程职业学院,—,—,—,—,basic.authority,省教育厅,自治区教育厅,02_院校库,exact,1.0,text_major
4590,广西中医药大学赛恩斯新医药学院,—,—,—,—,basic.authority,省教育厅,自治区教育厅,02_院校库,exact,1.0,text_major
4591,桂林信息科技学院,—,—,—,—,basic.authority,省教育厅,自治区教育厅,02_院校库,exact,1.0,text_major
4592,柳州工学院,—,—,—,—,basic.authority,省教育厅,自治区教育厅,02_院校库,exact,1.0,text_major
4595,广西民族大学相思湖学院,—,—,—,—,basic.authority,省教育厅,自治区教育厅,02_院校库,exact,1.0,text_major
4596,南宁理工学院,—,—,—,—,basic.authority,省教育厅,自治区教育厅,02_院校库,exact,1.0,text_major
4597,梧州职业学院,—,—,—,—,basic.type,理工,综合,02_院校库,exact,1.0,text_major
4611,海南热带海洋学院,—,—,—,—,basic.type,其他,综合,02_院校库,exact,1.0,text_major
4634,海南东方新丝路职业学院,—,—,—,—,basic.authority,省教育厅,海南省教育厅,02_院校库,exact,1.0,text_major
4650,三亚中瑞酒店管理职业学院,—,—,—,—,basic.type,其他,综合,02_院校库,exact,1.0,text_major
4660,三亚航空旅游职业学院,—,—,—,—,basic.type,理工,综合,02_院校库,exact,1.0,text_major
4666,海南比勒费尔德应用科学大学,—,—,—,—,basic.type,应用型大学,理工,02_院校库,exact,1.0,text_major
4666,海南比勒费尔德应用科学大学,—,—,—,—,basic.nature,境外高校独立办学,中外/港澳,02_院校库,exact,1.0,text_major
4692,海南健康管理职业技术学院,—,—,—,—,basic.type,其他,医药,02_院校库,exact,1.0,text_major
4694,三亚护理职业学院,—,—,—,—,basic.authority,省教育厅,海南省教育厅,02_院校库,exact,1.0,text_major
4748,河南轻工职业学院,—,—,—,—,basic.type,综合,理工,02_院校库,exact,1.0,text_major
4760,武汉信息传播职业技术学院,—,—,—,—,basic.type,综合,理工,02_院校库,exact,1.0,text_major
4761,武汉纺织大学外经贸学院,—,—,—,—,basic.type,财经,综合,02_院校库,exact,1.0,text_major
4768,广州康大职业技术学院,—,—,—,—,basic.type,综合,理工,02_院校库,exact,1.0,text_major
4769,广东建设职业技术学院,—,—,—,—,basic.type,理工,综合,02_院校库,exact,1.0,text_major
4771,广东生态工程职业学院,—,—,—,—,basic.type,农林,综合,02_院校库,exact,1.0,text_major
4781,广州南洋理工职业学院,—,—,—,—,basic.type,综合,理工,02_院校库,exact,1.0,text_major
4786,广州华商职业学院,—,—,—,—,basic.type,财经,综合,02_院校库,exact,1.0,text_major
4789,桂林生命与健康职业技术学院,—,—,—,—,basic.authority,省教育厅,自治区教育厅,02_院校库,exact,1.0,text_major
4855,郴州智能科技职业学院,—,—,—,—,basic.type,理工,[],02_院校库,exact,1.0,text_major
4855,郴州智能科技职业学院,—,—,—,—,basic.authority,省政府,湖南省教育厅,02_院校库,exact,1.0,text_major
4865,湖北恩施学院,—,—,—,—,basic.type,理工,综合,02_院校库,exact,1.0,text_major
4869,湖北师范大学文理学院,—,—,—,—,basic.type,师范,综合,02_院校库,exact,1.0,text_major
4873,长江大学文理学院,—,—,—,—,basic.type,理工,综合,02_院校库,exact,1.0,text_major
4883,广西物流职业技术学院,—,—,—,—,basic.type,工科,综合,02_院校库,exact,1.0,text_major
4891,广西安全工程职业技术学院,—,—,—,—,basic.type,其他,理工,02_院校库,exact,1.0,text_major
4892,漯河职业技术学院,—,—,—,—,basic.type,理工,综合,02_院校库,exact,1.0,text_major
4893,广西农业职业技术大学,—,—,—,—,basic.authority,省政府,自治区政府,02_院校库,exact,1.0,text_major
4904,深圳北理莫斯科大学,—,—,—,—,basic.type,理工,综合,02_院校库,exact,1.0,text_major
4904,深圳北理莫斯科大学,—,—,—,—,basic.nature,中外合作办学,中外/港澳,02_院校库,exact,1.0,text_major
4946,香港科技大学(广州),—,—,—,—,basic.type,综合,理工,02_院校库,exact,1.0,text_major
4946,香港科技大学(广州),—,—,—,—,basic.nature,内地与港澳台合作办学,中外/港澳,02_院校库,exact,1.0,text_major
4960,北海康养职业学院,—,—,—,—,basic.authority,省教育厅,自治区教育厅,02_院校库,exact,1.0,text_major
4961,湖南农业大学东方科技学院,—,—,—,—,basic.type,农林,综合,02_院校库,exact,1.0,text_major
4967,广东肇庆航空职业学院,—,—,—,—,basic.type,航空,综合,02_院校库,exact,1.0,text_major
5001,重庆邮电大学,—,—,—,—,basic.authority,重庆市政府,市政府,02_院校库,exact,1.0,text_major
5002,重庆交通大学,—,—,—,—,basic.authority,重庆市政府,市政府,02_院校库,exact,1.0,text_major
5008,重庆医科大学,—,—,—,—,basic.authority,重庆市政府,市政府,02_院校库,exact,1.0,text_major
5010,重庆师范大学,—,—,—,—,basic.authority,重庆市政府,市政府,02_院校库,exact,1.0,text_major
5012,重庆文理学院,—,—,—,—,basic.authority,重庆市政府,市政府,02_院校库,exact,1.0,text_major
5013,重庆三峡科技大学,—,—,—,—,basic.authority,重庆市政府,市政府,02_院校库,exact,1.0,text_major
5014,长江师范学院,—,—,—,—,basic.authority,重庆市政府,市政府,02_院校库,exact,1.0,text_major
5015,四川外国语大学,—,—,—,—,basic.authority,重庆市政府,市政府,02_院校库,exact,1.0,text_major
5017,西南政法大学,—,—,—,—,basic.authority,重庆市政府,市政府,02_院校库,exact,1.0,text_major
5018,四川美术学院,—,—,—,—,basic.authority,重庆市政府,市政府,02_院校库,exact,1.0,text_major
5022,重庆科技大学,—,—,—,—,basic.authority,重庆市政府,市政府,02_院校库,exact,1.0,text_major
5025,重庆理工大学,—,—,—,—,basic.authority,重庆市政府,市政府,02_院校库,exact,1.0,text_major
5026,重庆工商大学,—,—,—,—,basic.authority,重庆市政府,市政府,02_院校库,exact,1.0,text_major
5027,重庆第二师范学院,—,—,—,—,basic.authority,重庆市政府,市政府,02_院校库,exact,1.0,text_major
5031,重庆电力高等专科学校,—,—,—,—,basic.authority,重庆市政府,市政府,02_院校库,exact,1.0,text_major
5032,重庆三峡医药高等专科学校,—,—,—,—,basic.authority,重庆市政府,市政府,02_院校库,exact,1.0,text_major
5033,重庆医药高等专科学校,—,—,—,—,basic.authority,重庆市政府,市政府,02_院校库,exact,1.0,text_major
5036,重庆幼儿师范高等专科学校,—,—,—,—,basic.authority,重庆市政府,市政府,02_院校库,exact,1.0,text_major
5049,重庆健康职业学院,—,—,—,—,basic.authority,重庆市教委,市教委,02_院校库,exact,1.0,text_major
5051,重庆航天职业技术学院,—,—,—,—,basic.authority,重庆市政府,市政府,02_院校库,exact,1.0,text_major
5052,重庆工业职业技术大学,—,—,—,—,basic.authority,重庆市政府,市政府,02_院校库,exact,1.0,text_major
5053,重庆工程职业技术学院,—,—,—,—,basic.authority,重庆市政府,市政府,02_院校库,exact,1.0,text_major
5054,重庆城市管理职业学院,—,—,—,—,basic.authority,重庆市政府,市政府,02_院校库,exact,1.0,text_major
5055,重庆化工职业学院,—,—,—,—,basic.authority,重庆市政府,市政府,02_院校库,exact,1.0,text_major
5056,重庆旅游职业学院,—,—,—,—,basic.type,财经,其他,02_院校库,exact,1.0,text_major
5056,重庆旅游职业学院,—,—,—,—,basic.authority,重庆市政府,市政府,02_院校库,exact,1.0,text_major
5057,重庆信息技术职业学院,—,—,—,—,basic.authority,重庆市教委,市教委,02_院校库,exact,1.0,text_major
5058,重庆海联职业技术学院,—,—,—,—,basic.authority,重庆市教委,市教委,02_院校库,exact,1.0,text_major
5059,重庆传媒职业学院,—,—,—,—,basic.type,理工,艺术,02_院校库,exact,1.0,text_major
5059,重庆传媒职业学院,—,—,—,—,basic.authority,重庆市教委,市教委,02_院校库,exact,1.0,text_major
5060,重庆商务职业学院,—,—,—,—,basic.authority,重庆市政府,市政府,02_院校库,exact,1.0,text_major
5061,重庆三峡职业学院,—,—,—,—,basic.authority,重庆市政府,市政府,02_院校库,exact,1.0,text_major
5062,重庆工贸职业技术学院,—,—,—,—,basic.authority,重庆市政府,市政府,02_院校库,exact,1.0,text_major
5063,重庆机电职业技术大学,—,—,—,—,basic.authority,重庆市教委,市教委,02_院校库,exact,1.0,text_major
5064,重庆工程学院,—,—,—,—,basic.authority,重庆市教委,市教委,02_院校库,exact,1.0,text_major
5065,重庆电子科技职业大学,—,—,—,—,basic.authority,重庆市政府,市政府,02_院校库,exact,1.0,text_major
5066,重庆水利电力职业技术学院,—,—,—,—,basic.authority,重庆市政府,市政府,02_院校库,exact,1.0,text_major
5067,重庆应用技术职业学院,—,—,—,—,basic.authority,重庆市教委,市教委,02_院校库,exact,1.0,text_major
5068,重庆工商职业学院,—,—,—,—,basic.authority,重庆市政府,市政府,02_院校库,exact,1.0,text_major
5069,重庆城市职业学院,—,—,—,—,basic.authority,重庆市政府,市政府,02_院校库,exact,1.0,text_major
5070,重庆建筑科技职业学院,—,—,—,—,basic.authority,重庆市教委,市教委,02_院校库,exact,1.0,text_major
5071,重庆青年职业技术学院,—,—,—,—,basic.authority,重庆市政府,市政府,02_院校库,exact,1.0,text_major
5072,重庆财经职业学院,—,—,—,—,basic.authority,重庆市政府,市政府,02_院校库,exact,1.0,text_major
5073,重庆科创职业学院,—,—,—,—,basic.type,综合,理工,02_院校库,exact,1.0,text_major
5073,重庆科创职业学院,—,—,—,—,basic.authority,重庆市教委,市教委,02_院校库,exact,1.0,text_major
5074,重庆建筑工程职业学院,—,—,—,—,basic.authority,重庆市政府,市政府,02_院校库,exact,1.0,text_major
5075,重庆电讯职业学院,—,—,—,—,basic.authority,重庆市教委,市教委,02_院校库,exact,1.0,text_major
5076,重庆能源职业学院,—,—,—,—,basic.authority,重庆市教委,市教委,02_院校库,exact,1.0,text_major
5077,重庆安全技术职业学院,—,—,—,—,basic.authority,重庆市政府,市政府,02_院校库,exact,1.0,text_major
5078,重庆公共运输职业学院,—,—,—,—,basic.authority,重庆市教委,市教委,02_院校库,exact,1.0,text_major
5079,重庆交通职业学院,—,—,—,—,basic.authority,重庆市教委,市教委,02_院校库,exact,1.0,text_major
5080,重庆艺术工程职业学院,—,—,—,—,basic.type,综合,艺术,02_院校库,exact,1.0,text_major
5080,重庆艺术工程职业学院,—,—,—,—,basic.authority,重庆市教委,市教委,02_院校库,exact,1.0,text_major
5081,重庆文化艺术职业学院,—,—,—,—,basic.authority,重庆市政府,市政府,02_院校库,exact,1.0,text_major
5082,重庆电信职业学院,—,—,—,—,basic.authority,重庆市教委,市教委,02_院校库,exact,1.0,text_major
5083,重庆经贸职业学院,—,—,—,—,basic.type,财经,综合,02_院校库,exact,1.0,text_major
5083,重庆经贸职业学院,—,—,—,—,basic.authority,重庆市教委,市教委,02_院校库,exact,1.0,text_major
5084,重庆科技职业学院,—,—,—,—,basic.type,综合,理工,02_院校库,exact,1.0,text_major
5084,重庆科技职业学院,—,—,—,—,basic.authority,重庆市教委,市教委,02_院校库,exact,1.0,text_major
5085,重庆人文科技学院,—,—,—,—,basic.authority,重庆市教委,市教委,02_院校库,exact,1.0,text_major
5086,重庆安防职业学院,—,—,—,—,basic.authority,市教委,重庆市教育委员会,02_院校库,exact,1.0,text_major
5088,重庆城市科技学院,—,—,—,—,basic.authority,重庆市教委,市教委,02_院校库,exact,1.0,text_major
5089,重庆智能工程职业学院,—,—,—,—,basic.type,新工科,理工,02_院校库,exact,1.0,text_major
5089,重庆智能工程职业学院,—,—,—,—,basic.authority,重庆市教委,市教委,02_院校库,exact,1.0,text_major
5090,重庆外语外事学院,—,—,—,—,basic.authority,重庆市教委,市教委,02_院校库,exact,1.0,text_major
5091,重庆工商大学派斯学院,—,—,—,—,basic.authority,重庆市教委,市教委,02_院校库,exact,1.0,text_major
5092,重庆移通学院,—,—,—,—,basic.authority,重庆市教委,市教委,02_院校库,exact,1.0,text_major
5093,重庆财经学院,—,—,—,—,basic.authority,重庆市教委,市教委,02_院校库,exact,1.0,text_major
5094,重庆资源与环境保护职业学院,—,—,—,—,basic.authority,重庆市教委,市教委,02_院校库,exact,1.0,text_major
5095,重庆护理职业学院,—,—,—,—,basic.authority,重庆市教委,市教委,02_院校库,exact,1.0,text_major
5096,重庆对外经贸学院,—,—,—,—,basic.authority,重庆市教委,市教委,02_院校库,exact,1.0,text_major
5097,重庆轻工职业学院,—,—,—,—,basic.authority,重庆市教委,市教委,02_院校库,exact,1.0,text_major
5098,重庆理工职业学院,—,—,—,—,basic.authority,重庆市教委,市教委,02_院校库,exact,1.0,text_major
5101,西南石油大学,—,—,—,—,basic.type,理工,综合,02_院校库,exact,1.0,text_major
5122,西华师范大学,—,—,—,—,basic.type,综合 师范,综合,02_院校库,exact,1.0,text_major
5136,四川音乐学院,—,—,—,—,basic.authority,省政府,省教育厅,02_院校库,exact,1.0,text_major
5140,川北幼儿师范高等专科学校,—,—,—,—,basic.type,理工,师范,02_院校库,exact,1.0,text_major
5147,四川旅游学院,—,—,—,—,basic.type,其他,综合,02_院校库,exact,1.0,text_major
5162,宜宾职业技术学院,—,—,—,—,basic.type,理工,综合,02_院校库,exact,1.0,text_major
5182,四川商务职业学院,—,—,—,—,basic.type,财经,综合,02_院校库,exact,1.0,text_major
5183,四川铁道职业学院,—,—,—,—,basic.type,其他,理工,02_院校库,exact,1.0,text_major
5192,四川长江职业学院,—,—,—,—,basic.type,其他,综合,02_院校库,exact,1.0,text_major
5197,南充电影工业职业学院,—,—,—,—,basic.type,电影技术,艺术,02_院校库,exact,1.0,text_major
5246,贵州生态能源职业学院,—,—,—,—,basic.authority,省政府,省林业局、省能源局共管,02_院校库,exact,1.0,text_major
5249,贵州传媒职业学院,—,—,—,—,basic.authority,省政府,省广播电视局,02_院校库,exact,1.0,text_major
5250,贵州文化旅游职业学院,—,—,—,—,basic.type,旅游,其它,02_院校库,exact,1.0,text_major
5258,黔南民族职业技术学院,—,—,—,—,basic.type,综合,理工,02_院校库,exact,1.0,text_major
5268,贵州机电职业技术学院,—,—,—,—,basic.type,理工,综合,02_院校库,exact,1.0,text_major
5274,毕节工业职业技术学院,—,—,—,—,basic.type,其他,综合,02_院校库,exact,1.0,text_major
5276,贵州民用航空职业学院,—,—,—,—,basic.type,航空,综合,02_院校库,exact,1.0,text_major
5282,贵阳信息科技学院,—,—,—,—,basic.type,理工,综合,02_院校库,exact,1.0,text_major
5288,茅台学院,—,—,—,—,basic.type,综合,理工,02_院校库,exact,1.0,text_major
5298,黔西南民族职业技术学院,—,—,—,—,basic.type,民族,综合,02_院校库,exact,1.0,text_major
5320,云南民族大学,—,—,—,—,basic.type,民族,综合,02_院校库,exact,1.0,text_major
5362,云南国防工业职业技术学院,—,—,—,—,basic.type,其他,理工,02_院校库,exact,1.0,text_major
5368,云南旅游职业学院,—,—,—,—,basic.type,其他,财经,02_院校库,exact,1.0,text_major
5372,云南新兴职业学院,—,—,—,—,basic.type,综合,医药,02_院校库,exact,1.0,text_major
5379,云南三鑫职业技术学院,—,—,—,—,basic.type,理工,综合,02_院校库,exact,1.0,text_major
5383,云南商务职业学院,—,—,—,—,basic.type,其他,综合,02_院校库,exact,1.0,text_major
5393,大理农林职业技术学院,—,—,—,—,basic.type,综合 农林,农林,02_院校库,exact,1.0,text_major
5397,云南特殊教育职业学院,—,—,—,—,basic.type,其他,综合,02_院校库,exact,1.0,text_major
5405,拉萨师范学院,—,—,—,—,basic.authority,省政府,自治区政府,02_院校库,exact,1.0,text_major
5407,西藏警官高等专科学校,—,—,—,—,basic.authority,省政府,自治区政府,02_院校库,exact,1.0,text_major
5409,日喀则职业技术学院,—,—,—,—,basic.type,综合,理工,02_院校库,exact,1.0,text_major
5561,重庆现代制造职业学院,—,—,—,—,basic.type,工业,其它,02_院校库,exact,1.0,text_major
5561,重庆现代制造职业学院,—,—,—,—,basic.authority,重庆市教委,市教委,02_院校库,exact,1.0,text_major
5566,成都轨道交通职业学院,—,—,—,—,basic.type,交通,理工,02_院校库,exact,1.0,text_major
5572,重庆数字产业职业技术学院,—,—,—,—,basic.authority,重庆市教委,市教委,02_院校库,exact,1.0,text_major
5574,重庆中医药学院,—,—,—,—,basic.type,应用型（中医药）,医药,02_院校库,exact,1.0,text_major
5574,重庆中医药学院,—,—,—,—,basic.authority,重庆市政府,市政府,02_院校库,exact,1.0,text_major
5652,四川希望汽车职业学院,—,—,—,—,basic.type,理工,综合,02_院校库,exact,1.0,text_major
5658,四川西南航空职业学院,—,—,—,—,basic.type,其他,综合,02_院校库,exact,1.0,text_major
5666,宜宾工业职业技术学院,—,—,—,—,basic.type,工业,理工,02_院校库,exact,1.0,text_major
5666,宜宾工业职业技术学院,—,—,—,—,basic.authority,省政府,四川省,02_院校库,exact,1.0,text_major
5697,博尔塔拉职业技术学院,—,—,—,—,basic.type,理工,综合,02_院校库,exact,1.0,text_major
5698,甘孜职业学院,—,—,—,—,basic.type,其他,综合,02_院校库,exact,1.0,text_major
5699,自贡职业技术学院,—,—,—,—,basic.type,其他,综合,02_院校库,exact,1.0,text_major
5706,西南交通大学希望学院,—,—,—,—,basic.type,综合,理工,02_院校库,exact,1.0,text_major
5719,四川传媒学院,—,—,—,—,basic.type,艺术,综合,02_院校库,exact,1.0,text_major
5747,成都文理学院,—,—,—,—,basic.type,师范,综合,02_院校库,exact,1.0,text_major
5783,天府新区航空旅游职业学院,—,—,—,—,basic.type,其他,其它,02_院校库,exact,1.0,text_major
5784,德阳科贸职业学院,—,—,—,—,basic.type,其他,综合,02_院校库,exact,1.0,text_major
5793,南充科技职业学院,—,—,—,—,basic.type,理工,综合,02_院校库,exact,1.0,text_major
5796,资阳环境科技职业学院,—,—,—,—,basic.type,环境,理工,02_院校库,exact,1.0,text_major
5799,南充文化旅游职业学院,—,—,—,—,basic.type,其他,其它,02_院校库,exact,1.0,text_major
5803,绵阳飞行职业学院,—,—,—,—,basic.type,航空,其它,02_院校库,exact,1.0,text_major
5861,重庆工信职业学院,—,—,—,—,basic.authority,重庆市政府,市政府,02_院校库,exact,1.0,text_major
5893,重庆五一职业技术学院,—,—,—,—,basic.type,理工,综合,02_院校库,exact,1.0,text_major
5893,重庆五一职业技术学院,—,—,—,—,basic.authority,重庆市政府,市政府,02_院校库,exact,1.0,text_major
6139,陕西理工大学,—,—,—,—,basic.type,理工,综合,02_院校库,exact,1.0,text_major
6144,西安电力高等专科学校,—,—,—,—,basic.type,理工,其它,02_院校库,exact,1.0,text_major
6150,西安信息职业大学,—,—,—,—,basic.type,理工,综合,02_院校库,exact,1.0,text_major
6151,陕西邮电职业技术学院,—,—,—,—,basic.type,理工,其它,02_院校库,exact,1.0,text_major
6161,陕西工业职业技术大学,—,—,—,—,basic.type,理工,综合,02_院校库,exact,1.0,text_major
6168,宝鸡职业技术学院,—,—,—,—,basic.type,师范,综合,02_院校库,exact,1.0,text_major
6171,西安城市建设职业学院,—,—,—,—,basic.type,综合,理工,02_院校库,exact,1.0,text_major
6190,西安工商学院,—,—,—,—,basic.type,理工,综合,02_院校库,exact,1.0,text_major
6194,西安铁路职业技术学院,—,—,—,—,basic.type,其他,理工,02_院校库,exact,1.0,text_major
6206,西北师范大学,—,—,—,—,basic.type,综合,师范,02_院校库,exact,1.0,text_major
6252,甘肃工业职业技术大学,—,—,—,—,basic.authority,省教育厅,省政府,02_院校库,exact,1.0,text_major
6279,白银矿冶职业技术学院,—,—,—,—,basic.type,其他,综合,02_院校库,exact,1.0,text_major
6288,武威职业技术大学,—,—,—,—,basic.type,理工,综合,02_院校库,exact,1.0,text_major
6288,武威职业技术大学,—,—,—,—,basic.authority,省教育厅,省政府,02_院校库,exact,1.0,text_major
6290,酒泉职业技术大学,—,—,—,—,basic.type,综合,理工,02_院校库,exact,1.0,text_major
6292,甘肃畜牧工程职业技术学院,—,—,—,—,basic.type,理工,农林,02_院校库,exact,1.0,text_major
6292,甘肃畜牧工程职业技术学院,—,—,—,—,basic.authority,省教育厅,省政府,02_院校库,exact,1.0,text_major
6293,平凉职业技术学院,—,—,—,—,basic.type,综合,理工,02_院校库,exact,1.0,text_major
6294,培黎职业学院,—,—,—,—,basic.type,其他,综合,02_院校库,exact,1.0,text_major
6295,白银希望职业技术学院,—,—,—,—,basic.type,其他,理工,02_院校库,exact,1.0,text_major
6353,青海农牧科技职业学院,—,—,—,—,basic.type,医药,农林,02_院校库,exact,1.0,text_major
6451,宁夏理工学院,—,—,—,—,basic.type,综合,理工,02_院校库,exact,1.0,text_major
6451,宁夏理工学院,—,—,—,—,basic.authority,省教育厅,自治区教育厅,02_院校库,exact,1.0,text_major
6491,宁夏大学新华学院,—,—,—,—,basic.authority,省教育厅,自治区教育厅,02_院校库,exact,1.0,text_major
6492,银川科技学院,—,—,—,—,basic.type,理工,综合,02_院校库,exact,1.0,text_major
6492,银川科技学院,—,—,—,—,basic.authority,省教育厅,自治区教育厅,02_院校库,exact,1.0,text_major
6495,银川能源学院,—,—,—,—,basic.authority,省教育厅,自治区教育厅,02_院校库,exact,1.0,text_major
6531,乌鲁木齐职业大学,—,—,—,—,basic.authority,省政府,自治区政府,02_院校库,exact,1.0,text_major
6532,乌鲁木齐职业技术学院,—,—,—,—,basic.authority,省政府,自治区政府,02_院校库,exact,1.0,text_major
6539,新疆司法警官职业学院,—,—,—,—,basic.authority,省政府,自治区政府,02_院校库,exact,1.0,text_major
6540,阿克苏工业职业技术学院,—,—,—,—,basic.authority,省政府,自治区政府,02_院校库,exact,1.0,text_major
6542,喀什理工职业技术学院,—,—,—,—,basic.authority,省政府,自治区政府,02_院校库,exact,1.0,text_major
6555,伊犁职业技术学院,—,—,—,—,basic.type,农林,综合,02_院校库,exact,1.0,text_major
6557,新疆科信职业技术学院,—,—,—,—,basic.authority,省教育厅,自治区教育厅,02_院校库,exact,1.0,text_major
6564,宝鸡中北职业学院,—,—,—,—,basic.type,其他,综合,02_院校库,exact,1.0,text_major
6567,新疆农业职业技术大学,—,—,—,—,basic.authority,省政府,自治区政府,02_院校库,exact,1.0,text_major
6578,神木职业技术学院,—,—,—,—,basic.type,其他,理工,02_院校库,exact,1.0,text_major
6583,新疆交通职业技术大学,—,—,—,—,basic.authority,省政府,自治区政府,02_院校库,exact,1.0,text_major
6588,兰州资源环境职业技术大学,—,—,—,—,basic.type,财经,理工,02_院校库,exact,1.0,text_major
6590,和田职业技术学院,—,—,—,—,basic.type,理工,综合,02_院校库,exact,1.0,text_major
6595,新疆天山职业技术大学,—,—,—,—,basic.type,理工,综合,02_院校库,exact,1.0,text_major
6595,新疆天山职业技术大学,—,—,—,—,basic.authority,省教育厅,自治区教育厅,02_院校库,exact,1.0,text_major
6737,榆林能源科技职业学院,—,—,—,—,basic.type,工科,综合,02_院校库,exact,1.0,text_major
6771,西安科技大学高新学院,—,—,—,—,basic.type,理工,综合,02_院校库,exact,1.0,text_major
9204,陆军工程大学,—,—,—,—,basic.authority,中国人民解放军陆军,人民解放军陆军,02_院校库,exact,1.0,text_major
9205,陆军兵种大学,—,—,—,—,basic.authority,中国人民解放军陆军,人民解放军陆军,02_院校库,exact,1.0,text_major
9206,陆军步兵学院,—,—,—,—,basic.authority,中国人民解放军陆军,人民解放军陆军,02_院校库,exact,1.0,text_major
9210,陆军防化学院,—,—,—,—,basic.authority,中国人民解放军陆军,人民解放军总参谋部,02_院校库,exact,1.0,text_major
9211,陆军军医大学,—,—,—,—,basic.type,医药 军事,医药,02_院校库,exact,1.0,text_major
9211,陆军军医大学,—,—,—,—,basic.authority,中国人民解放军陆军,人民解放军陆军,02_院校库,exact,1.0,text_major
9213,海军工程大学,—,—,—,—,basic.authority,中国人民解放军海军,人民解放军海军,02_院校库,exact,1.0,text_major
9214,海军大连舰艇学院,—,—,—,—,basic.authority,中国人民解放军海军,人民解放军海军,02_院校库,exact,1.0,text_major
9215,海军潜艇学院,—,—,—,—,basic.authority,中国人民解放军海军,人民解放军海军,02_院校库,exact,1.0,text_major
9216,海军航空大学,—,—,—,—,basic.authority,中国人民解放军海军,中央军委,02_院校库,exact,1.0,text_major
9217,海军军医大学,—,—,—,—,basic.type,医药 军事,医药,02_院校库,exact,1.0,text_major
9217,海军军医大学,—,—,—,—,basic.authority,中国人民解放军海军,人民解放军海军,02_院校库,exact,1.0,text_major
9222,空军工程大学,—,—,—,—,basic.authority,中国人民解放军空军,人民解放军空军,02_院校库,exact,1.0,text_major
9223,空军预警学院,—,—,—,—,basic.authority,中国人民解放军空军,人民解放军空军,02_院校库,exact,1.0,text_major
9227,空军军医大学,—,—,—,—,basic.authority,中国人民解放军空军,人民解放军空军,02_院校库,exact,1.0,text_major
9231,火箭军工程大学,—,—,—,—,basic.authority,中国人民解放军火箭军,人民解放军火箭军,02_院校库,exact,1.0,text_major
9233,军事航天部队航天工程大学,—,—,—,—,basic.authority,中国人民解放军军事航天部队,人民解放军战略支援部队,02_院校库,exact,1.0,text_major
9234,网络空间部队信息工程大学,—,—,—,—,basic.authority,中国人民解放军网络空间部队,人民解放军战略支援部,02_院校库,exact,1.0,text_major
9235,信息支援部队工程大学,—,—,—,—,basic.authority,中国人民解放军信息支援部队,中央军委训练管理部,02_院校库,exact,1.0,text_major
9236,联勤保障部队工程大学,—,—,—,—,basic.authority,中国人民解放军陆军,人民解放军陆军,02_院校库,exact,1.0,text_major
9238,武警工程大学,—,—,—,—,basic.authority,中国人民武装警察部队,人民武警,02_院校库,exact,1.0,text_major
9957,空军航空大学,—,—,—,—,basic.authority,中国人民解放军空军,人民解放军空军,02_院校库,exact,1.0,text_major
0001,北京大学,—,—,—,—,academics.doctoralPrograms,68,60,02_院校库,exact,1.0,numeric_large
0001,北京大学,—,—,—,—,academics.postgraduateRate,65.07,69.0,02_院校库,exact,1.0,numeric_large
0002,中国人民大学,—,—,—,—,academics.masterPrograms,71,79,02_院校库,exact,1.0,numeric_large
0003,清华大学,—,—,—,—,academics.masterPrograms,74,84,02_院校库,exact,1.0,numeric_large
0003,清华大学,—,—,—,—,academics.doctoralPrograms,69,78,02_院校库,exact,1.0,numeric_large
0003,清华大学,—,—,—,—,academics.postgraduateRate,61.2,76.0,02_院校库,exact,1.0,numeric_large
0005,北京科技大学,—,—,—,—,academics.masterPrograms,52,191,02_院校库,exact,1.0,numeric_large
0005,北京科技大学,—,—,—,—,academics.doctoralPrograms,27,110,02_院校库,exact,1.0,numeric_large
0005,北京科技大学,—,—,—,—,academics.postgraduateRate,25.0,38.0,02_院校库,exact,1.0,numeric_large
0007,北京邮电大学,—,—,—,—,academics.masterPrograms,41,37,02_院校库,exact,1.0,numeric_large
0008,中国农业大学,—,—,—,—,academics.doctoralPrograms,30,45,02_院校库,exact,1.0,numeric_large
0010,北京中医药大学,—,—,—,—,academics.masterPrograms,15,68,02_院校库,exact,1.0,numeric_large
0010,北京中医药大学,—,—,—,—,academics.doctoralPrograms,4,54,02_院校库,exact,1.0,numeric_large
0010,北京中医药大学,—,—,—,—,academics.postgraduateRate,13.0,19.0,02_院校库,exact,1.0,numeric_large
0016,中国政法大学,—,—,—,—,academics.masterPrograms,31,108,02_院校库,exact,1.0,numeric_large
0016,中国政法大学,—,—,—,—,academics.doctoralPrograms,8,50,02_院校库,exact,1.0,numeric_large
0016,中国政法大学,—,—,—,—,academics.postgraduateRate,30.0,23.0,02_院校库,exact,1.0,numeric_large
0017,南开大学,—,—,—,—,academics.masterPrograms,75,98,02_院校库,exact,1.0,numeric_large
0017,南开大学,—,—,—,—,academics.doctoralPrograms,40,48,02_院校库,exact,1.0,numeric_large
0018,天津大学,—,—,—,—,academics.masterPrograms,74,48,02_院校库,exact,1.0,numeric_large
0019,大连理工大学,—,—,—,—,academics.masterPrograms,67,54,02_院校库,exact,1.0,numeric_large
0021,吉林大学,—,—,—,—,academics.masterPrograms,102,31,02_院校库,exact,1.0,numeric_large
0022,东北师范大学,—,—,—,—,academics.masterPrograms,62,83,02_院校库,exact,1.0,numeric_large
0023,东北林业大学,—,—,—,—,academics.masterPrograms,53,37,02_院校库,exact,1.0,numeric_large
0030,上海外国语大学,—,—,—,—,academics.masterPrograms,18,61,02_院校库,exact,1.0,numeric_large
0030,上海外国语大学,—,—,—,—,academics.doctoralPrograms,6,28,02_院校库,exact,1.0,numeric_large
0031,上海财经大学,—,—,—,—,academics.masterPrograms,32,116,02_院校库,exact,1.0,numeric_large
0031,上海财经大学,—,—,—,—,academics.doctoralPrograms,11,72,02_院校库,exact,1.0,numeric_large
0032,南京大学,—,—,—,—,academics.masterPrograms,78,22,02_院校库,exact,1.0,numeric_large
0032,南京大学,—,—,—,—,academics.doctoralPrograms,53,57,02_院校库,exact,1.0,numeric_large
0033,东南大学,—,—,—,—,academics.postgraduateRate,32.83,37.0,02_院校库,exact,1.0,numeric_large
0039,浙江大学,—,—,—,—,academics.masterPrograms,94,98,02_院校库,exact,1.0,numeric_large
0041,厦门大学,—,—,—,—,academics.doctoralPrograms,50,43,02_院校库,exact,1.0,numeric_large
0041,厦门大学,—,—,—,—,academics.postgraduateRate,25.3,22.0,02_院校库,exact,1.0,numeric_large
0042,山东大学,—,—,—,—,academics.doctoralPrograms,57,64,02_院校库,exact,1.0,numeric_large
0044,中国石油大学(华东),—,—,—,—,academics.doctoralPrograms,19,33,02_院校库,exact,1.0,numeric_large
0045,武汉大学,—,—,—,—,academics.masterPrograms,102,94,02_院校库,exact,1.0,numeric_large
0049,湖南大学,—,—,—,—,academics.masterPrograms,67,38,02_院校库,exact,1.0,numeric_large
0049,湖南大学,—,—,—,—,academics.doctoralPrograms,41,34,02_院校库,exact,1.0,numeric_large
0051,华南理工大学,—,—,—,—,academics.masterPrograms,68,64,02_院校库,exact,1.0,numeric_large
0052,四川大学,—,—,—,—,academics.masterPrograms,101,21,02_院校库,exact,1.0,numeric_large
0052,四川大学,—,—,—,—,academics.doctoralPrograms,67,76,02_院校库,exact,1.0,numeric_large
0053,重庆大学,—,—,—,—,academics.masterPrograms,79,71,02_院校库,exact,1.0,numeric_large
0057,西南财经大学,—,—,—,—,academics.masterPrograms,34,23,02_院校库,exact,1.0,numeric_large
0058,西安交通大学,—,—,—,—,academics.masterPrograms,71,76,02_院校库,exact,1.0,numeric_large
0059,西安电子科技大学,—,—,—,—,academics.masterPrograms,43,30,02_院校库,exact,1.0,numeric_large
0060,陕西师范大学,—,—,—,—,academics.postgraduateRate,14.32,9.0,02_院校库,exact,1.0,numeric_large
0061,兰州大学,—,—,—,—,academics.masterPrograms,78,74,02_院校库,exact,1.0,numeric_large
0062,中国矿业大学(北京),—,—,—,—,academics.masterPrograms,47,96,02_院校库,exact,1.0,numeric_large
0062,中国矿业大学(北京),—,—,—,—,academics.doctoralPrograms,21,50,02_院校库,exact,1.0,numeric_large
0063,中国石油大学(北京),—,—,—,—,academics.masterPrograms,47,38,02_院校库,exact,1.0,numeric_large
0063,中国石油大学(北京),—,—,—,—,academics.doctoralPrograms,18,27,02_院校库,exact,1.0,numeric_large
0067,中南大学,—,—,—,—,academics.doctoralPrograms,53,58,02_院校库,exact,1.0,numeric_large
0068,中南财经政法大学,—,—,—,—,academics.masterPrograms,41,167,02_院校库,exact,1.0,numeric_large
0068,中南财经政法大学,—,—,—,—,academics.doctoralPrograms,9,77,02_院校库,exact,1.0,numeric_large
0069,华中科技大学,—,—,—,—,academics.masterPrograms,83,47,02_院校库,exact,1.0,numeric_large
0069,华中科技大学,—,—,—,—,academics.doctoralPrograms,58,46,02_院校库,exact,1.0,numeric_large
0073,中央美术学院,—,—,—,—,academics.masterPrograms,8,4,02_院校库,exact,1.0,numeric_large
0077,北京大学医学部,—,—,—,—,academics.doctoralPrograms,68,60,02_院校库,exact,1.0,numeric_large
0078,山东大学威海分校,—,—,—,—,academics.masterPrograms,90,26,02_院校库,exact,1.0,numeric_large
0078,山东大学威海分校,—,—,—,—,academics.doctoralPrograms,57,19,02_院校库,exact,1.0,numeric_large
0079,中国社会科学院大学,—,—,—,—,academics.masterPrograms,31,177,02_院校库,exact,1.0,numeric_large
0079,中国社会科学院大学,—,—,—,—,academics.doctoralPrograms,3,154,02_院校库,exact,1.0,numeric_large
0080,上海交通大学医学院,—,—,—,—,academics.postgraduateRate,0.0,44.0,02_院校库,exact,1.0,numeric_large
0086,中国人民大学(苏州校区),—,—,—,—,academics.doctoralPrograms,30,1,02_院校库,exact,1.0,numeric_large
0089,西南大学(荣昌校区),—,—,—,—,academics.masterPrograms,83,11,02_院校库,exact,1.0,numeric_large
0089,西南大学(荣昌校区),—,—,—,—,academics.doctoralPrograms,35,4,02_院校库,exact,1.0,numeric_large
0089,西南大学(荣昌校区),—,—,—,—,academics.postgraduateRate,5.9,0.0,02_院校库,exact,1.0,numeric_large
0090,合肥工业大学(宣城校区),—,—,—,—,academics.postgraduateRate,13.7,0.0,02_院校库,exact,1.0,numeric_large
0091,大连理工大学(盘锦校区),—,—,—,—,academics.masterPrograms,67,32,02_院校库,exact,1.0,numeric_large
0091,大连理工大学(盘锦校区),—,—,—,—,academics.doctoralPrograms,39,10,02_院校库,exact,1.0,numeric_large
0091,大连理工大学(盘锦校区),—,—,—,—,academics.postgraduateRate,13.6,0.0,02_院校库,exact,1.0,numeric_large
0093,浙江大学医学院,—,—,—,—,academics.masterPrograms,94,12,02_院校库,exact,1.0,numeric_large
0093,浙江大学医学院,—,—,—,—,academics.doctoralPrograms,78,10,02_院校库,exact,1.0,numeric_large
0094,中国石油大学(北京)克拉玛依校区,—,—,—,—,academics.doctoralPrograms,18,29,02_院校库,exact,1.0,numeric_large
0095,北京协和医学院,—,—,—,—,academics.masterPrograms,21,3,02_院校库,exact,1.0,numeric_large
0095,北京协和医学院,—,—,—,—,academics.doctoralPrograms,12,8,02_院校库,exact,1.0,numeric_large
0095,北京协和医学院,—,—,—,—,academics.postgraduateRate,17.5,0.0,02_院校库,exact,1.0,numeric_large
0211,北京师范大学(珠海校区),—,—,—,—,academics.masterPrograms,64,124,02_院校库,exact,1.0,numeric_large
0211,北京师范大学(珠海校区),—,—,—,—,academics.doctoralPrograms,40,97,02_院校库,exact,1.0,numeric_large
0211,北京师范大学(珠海校区),—,—,—,—,academics.postgraduateRate,29.2,36.0,02_院校库,exact,1.0,numeric_large
0233,东南大学,—,—,—,—,academics.postgraduateRate,32.83,37.0,02_院校库,exact,1.0,numeric_large
0301,北京航空航天大学,—,—,—,—,academics.masterPrograms,55,37,02_院校库,exact,1.0,numeric_large
0302,北京理工大学,—,—,—,—,academics.masterPrograms,53,59,02_院校库,exact,1.0,numeric_large
0302,北京理工大学,—,—,—,—,academics.doctoralPrograms,36,46,02_院校库,exact,1.0,numeric_large
0307,外交学院,—,—,—,—,academics.masterPrograms,10,29,02_院校库,exact,1.0,numeric_large
0307,外交学院,—,—,—,—,academics.doctoralPrograms,1,6,02_院校库,exact,1.0,numeric_large
0308,中国人民公安大学,—,—,—,—,academics.masterPrograms,8,20,02_院校库,exact,1.0,numeric_large
0308,中国人民公安大学,—,—,—,—,academics.doctoralPrograms,4,17,02_院校库,exact,1.0,numeric_large
0323,华北电力大学(保定),—,—,—,—,academics.masterPrograms,35,39,02_院校库,exact,1.0,numeric_large
0330,哈尔滨工业大学,—,—,—,—,academics.doctoralPrograms,46,39,02_院校库,exact,1.0,numeric_large
0340,南京航空航天大学,—,—,—,—,academics.masterPrograms,56,50,02_院校库,exact,1.0,numeric_large
0340,南京航空航天大学,—,—,—,—,academics.postgraduateRate,22.4,27.0,02_院校库,exact,1.0,numeric_large
0341,南京理工大学,—,—,—,—,academics.masterPrograms,59,55,02_院校库,exact,1.0,numeric_large
0345,中国科学技术大学,—,—,—,—,academics.masterPrograms,59,22,02_院校库,exact,1.0,numeric_large
0346,中国科学院大学,—,—,—,—,academics.postgraduateRate,65.6,72.0,02_院校库,exact,1.0,numeric_large
0380,哈尔滨工业大学(威海),—,—,—,—,academics.masterPrograms,60,23,02_院校库,exact,1.0,numeric_large
0380,哈尔滨工业大学(威海),—,—,—,—,academics.doctoralPrograms,46,26,02_院校库,exact,1.0,numeric_large
0390,哈尔滨工业大学(深圳),—,—,—,—,academics.masterPrograms,60,42,02_院校库,exact,1.0,numeric_large
0390,哈尔滨工业大学(深圳),—,—,—,—,academics.doctoralPrograms,46,19,02_院校库,exact,1.0,numeric_large
0841,厦门大学,—,—,—,—,academics.doctoralPrograms,50,43,02_院校库,exact,1.0,numeric_large
0841,厦门大学,—,—,—,—,academics.postgraduateRate,25.3,22.0,02_院校库,exact,1.0,numeric_large
1101,北京工业大学,—,—,—,—,academics.doctoralPrograms,27,56,02_院校库,exact,1.0,numeric_large
1106,首都医科大学,—,—,—,—,academics.masterPrograms,26,90,02_院校库,exact,1.0,numeric_large
1106,首都医科大学,—,—,—,—,academics.doctoralPrograms,11,67,02_院校库,exact,1.0,numeric_large
1107,首都师范大学,—,—,—,—,academics.masterPrograms,51,46,02_院校库,exact,1.0,numeric_large
1108,首都体育学院,—,—,—,—,academics.masterPrograms,4,8,02_院校库,exact,1.0,numeric_large
1110,北京第二外国语学院,—,—,—,—,academics.masterPrograms,13,43,02_院校库,exact,1.0,numeric_large
1115,北京电影学院,—,—,—,—,academics.masterPrograms,3,13,02_院校库,exact,1.0,numeric_large
1115,北京电影学院,—,—,—,—,academics.doctoralPrograms,3,11,02_院校库,exact,1.0,numeric_large
1187,北京城市学院,—,—,—,—,academics.masterPrograms,11,7,02_院校库,exact,1.0,numeric_large
1204,天津理工大学,—,—,—,—,academics.masterPrograms,40,36,02_院校库,exact,1.0,numeric_large
1206,天津中医药大学,—,—,—,—,academics.masterPrograms,15,40,02_院校库,exact,1.0,numeric_large
1206,天津中医药大学,—,—,—,—,academics.doctoralPrograms,4,21,02_院校库,exact,1.0,numeric_large
1212,天津体育学院,—,—,—,—,academics.masterPrograms,5,20,02_院校库,exact,1.0,numeric_large
1212,天津体育学院,—,—,—,—,academics.doctoralPrograms,2,7,02_院校库,exact,1.0,numeric_large
1218,天津医科大学,—,—,—,—,academics.masterPrograms,23,19,02_院校库,exact,1.0,numeric_large
1305,华北理工大学,—,—,—,—,academics.masterPrograms,54,49,02_院校库,exact,1.0,numeric_large
1310,燕山大学,—,—,—,—,academics.masterPrograms,54,49,02_院校库,exact,1.0,numeric_large
1341,河北中医药大学,—,—,—,—,academics.masterPrograms,9,43,02_院校库,exact,1.0,numeric_large
1341,河北中医药大学,—,—,—,—,academics.doctoralPrograms,3,27,02_院校库,exact,1.0,numeric_large
1401,山西大学,—,—,—,—,academics.masterPrograms,67,71,02_院校库,exact,1.0,numeric_large
1403,中北大学,—,—,—,—,academics.masterPrograms,44,40,02_院校库,exact,1.0,numeric_large
1405,太原理工大学,—,—,—,—,academics.masterPrograms,57,53,02_院校库,exact,1.0,numeric_large
1503,内蒙古科技大学,—,—,—,—,academics.masterPrograms,50,33,02_院校库,exact,1.0,numeric_large
2109,大连交通大学,—,—,—,—,academics.masterPrograms,22,65,02_院校库,exact,1.0,numeric_large
2109,大连交通大学,—,—,—,—,academics.doctoralPrograms,3,10,02_院校库,exact,1.0,numeric_large
2111,大连工业大学,—,—,—,—,academics.doctoralPrograms,3,7,02_院校库,exact,1.0,numeric_large
2112,沈阳建筑大学,—,—,—,—,academics.masterPrograms,32,47,02_院校库,exact,1.0,numeric_large
2113,沈阳体育学院,—,—,—,—,academics.masterPrograms,5,9,02_院校库,exact,1.0,numeric_large
2118,锦州医科大学,—,—,—,—,academics.masterPrograms,19,76,02_院校库,exact,1.0,numeric_large
2119,大连医科大学,—,—,—,—,academics.masterPrograms,18,24,02_院校库,exact,1.0,numeric_large
2120,大连外国语大学,—,—,—,—,academics.masterPrograms,16,35,02_院校库,exact,1.0,numeric_large
2121,沈阳药科大学,—,—,—,—,academics.masterPrograms,12,69,02_院校库,exact,1.0,numeric_large
2121,沈阳药科大学,—,—,—,—,academics.doctoralPrograms,4,25,02_院校库,exact,1.0,numeric_large
2122,辽宁中医药大学,—,—,—,—,academics.masterPrograms,9,34,02_院校库,exact,1.0,numeric_large
2122,辽宁中医药大学,—,—,—,—,academics.doctoralPrograms,5,23,02_院校库,exact,1.0,numeric_large
2124,沈阳师范大学,—,—,—,—,academics.masterPrograms,46,40,02_院校库,exact,1.0,numeric_large
2126,东北财经大学,—,—,—,—,academics.masterPrograms,27,90,02_院校库,exact,1.0,numeric_large
2126,东北财经大学,—,—,—,—,academics.doctoralPrograms,7,55,02_院校库,exact,1.0,numeric_large
2135,大连大学,—,—,—,—,academics.masterPrograms,34,27,02_院校库,exact,1.0,numeric_large
2201,长春理工大学,—,—,—,—,academics.masterPrograms,34,134,02_院校库,exact,1.0,numeric_large
2201,长春理工大学,—,—,—,—,academics.doctoralPrograms,11,49,02_院校库,exact,1.0,numeric_large
2202,延边大学,—,—,—,—,academics.masterPrograms,60,55,02_院校库,exact,1.0,numeric_large
2203,东北电力大学,—,—,—,—,academics.doctoralPrograms,7,12,02_院校库,exact,1.0,numeric_large
2230,长春大学,—,—,—,—,academics.masterPrograms,25,29,02_院校库,exact,1.0,numeric_large
2305,黑龙江科技大学,—,—,—,—,academics.masterPrograms,25,21,02_院校库,exact,1.0,numeric_large
2308,哈尔滨医科大学,—,—,—,—,academics.masterPrograms,23,17,02_院校库,exact,1.0,numeric_large
2309,东北农业大学,—,—,—,—,academics.masterPrograms,43,39,02_院校库,exact,1.0,numeric_large
2318,牡丹江师范学院,—,—,—,—,academics.masterPrograms,16,56,02_院校库,exact,1.0,numeric_large
2327,哈尔滨理工大学,—,—,—,—,academics.masterPrograms,38,34,02_院校库,exact,1.0,numeric_large
2329,牡丹江医科大学,—,—,—,—,academics.masterPrograms,9,42,02_院校库,exact,1.0,numeric_large
3103,上海海事大学,—,—,—,—,academics.masterPrograms,32,95,02_院校库,exact,1.0,numeric_large
3103,上海海事大学,—,—,—,—,academics.doctoralPrograms,4,22,02_院校库,exact,1.0,numeric_large
3107,上海应用技术大学,—,—,—,—,academics.masterPrograms,24,33,02_院校库,exact,1.0,numeric_large
3112,上海中医药大学,—,—,—,—,academics.masterPrograms,16,9,02_院校库,exact,1.0,numeric_large
3115,上海体育大学,—,—,—,—,academics.doctoralPrograms,3,8,02_院校库,exact,1.0,numeric_large
3117,上海对外经贸大学,—,—,—,—,academics.doctoralPrograms,2,12,02_院校库,exact,1.0,numeric_large
3122,上海戏剧学院,—,—,—,—,academics.masterPrograms,7,14,02_院校库,exact,1.0,numeric_large
3137,上海大学,—,—,—,—,academics.doctoralPrograms,35,44,02_院校库,exact,1.0,numeric_large
3201,苏州大学,—,—,—,—,academics.masterPrograms,88,82,02_院校库,exact,1.0,numeric_large
3201,苏州大学,—,—,—,—,academics.doctoralPrograms,36,32,02_院校库,exact,1.0,numeric_large
3202,南京医科大学,—,—,—,—,academics.masterPrograms,22,75,02_院校库,exact,1.0,numeric_large
3202,南京医科大学,—,—,—,—,academics.doctoralPrograms,13,73,02_院校库,exact,1.0,numeric_large
3204,江苏师范大学,—,—,—,—,academics.masterPrograms,55,51,02_院校库,exact,1.0,numeric_large
3301,杭州电子科技大学,—,—,—,—,academics.masterPrograms,43,20,02_院校库,exact,1.0,numeric_large
3306,浙江农林大学,—,—,—,—,academics.masterPrograms,48,65,02_院校库,exact,1.0,numeric_large
3388,衢州学院,—,—,—,—,academics.masterPrograms,3,9,02_院校库,exact,1.0,numeric_large
3401,安徽工业大学,—,—,—,—,academics.masterPrograms,37,47,02_院校库,exact,1.0,numeric_large
3402,安徽理工大学,—,—,—,—,academics.masterPrograms,38,156,02_院校库,exact,1.0,numeric_large
3402,安徽理工大学,—,—,—,—,academics.doctoralPrograms,9,44,02_院校库,exact,1.0,numeric_large
3403,安徽大学,—,—,—,—,academics.masterPrograms,69,65,02_院校库,exact,1.0,numeric_large
3404,安徽工程大学,—,—,—,—,academics.masterPrograms,35,39,02_院校库,exact,1.0,numeric_large
3406,安徽医科大学,—,—,—,—,academics.masterPrograms,24,101,02_院校库,exact,1.0,numeric_large
3406,安徽医科大学,—,—,—,—,academics.doctoralPrograms,6,50,02_院校库,exact,1.0,numeric_large
3428,安徽中医药大学,—,—,—,—,academics.masterPrograms,16,53,02_院校库,exact,1.0,numeric_large
3501,福建理工大学,—,—,—,—,academics.masterPrograms,1,22,02_院校库,exact,1.0,numeric_large
3515,集美大学,—,—,—,—,academics.masterPrograms,41,57,02_院校库,exact,1.0,numeric_large
3522,福建中医药大学,—,—,—,—,academics.doctoralPrograms,4,11,02_院校库,exact,1.0,numeric_large
3541,福建江夏学院,—,—,—,—,academics.masterPrograms,2,10,02_院校库,exact,1.0,numeric_large
3601,华东交通大学,—,—,—,—,academics.masterPrograms,45,41,02_院校库,exact,1.0,numeric_large
3602,东华理工大学,—,—,—,—,academics.masterPrograms,41,37,02_院校库,exact,1.0,numeric_large
3604,江西理工大学,—,—,—,—,academics.masterPrograms,44,48,02_院校库,exact,1.0,numeric_large
3605,景德镇陶瓷大学,—,—,—,—,academics.masterPrograms,28,24,02_院校库,exact,1.0,numeric_large
3607,江西农业大学,—,—,—,—,academics.masterPrograms,37,33,02_院校库,exact,1.0,numeric_large
3611,江西师范大学,—,—,—,—,academics.doctoralPrograms,15,30,02_院校库,exact,1.0,numeric_large
3618,江西财经大学,—,—,—,—,academics.masterPrograms,39,112,02_院校库,exact,1.0,numeric_large
3618,江西财经大学,—,—,—,—,academics.doctoralPrograms,9,51,02_院校库,exact,1.0,numeric_large
3620,南昌大学,—,—,—,—,academics.masterPrograms,92,86,02_院校库,exact,1.0,numeric_large
3709,山东第二医科大学,—,—,—,—,academics.masterPrograms,19,87,02_院校库,exact,1.0,numeric_large
3726,山东航空学院,—,—,—,—,academics.masterPrograms,2,11,02_院校库,exact,1.0,numeric_large
3728,山东中医药大学,—,—,—,—,academics.masterPrograms,18,26,02_院校库,exact,1.0,numeric_large
3728,山东中医药大学,—,—,—,—,academics.doctoralPrograms,5,26,02_院校库,exact,1.0,numeric_large
3737,齐鲁工业大学,—,—,—,—,academics.masterPrograms,37,33,02_院校库,exact,1.0,numeric_large
3740,山东农业大学,—,—,—,—,academics.masterPrograms,42,56,02_院校库,exact,1.0,numeric_large
3812,山东第一医科大学,—,—,—,—,academics.masterPrograms,19,38,02_院校库,exact,1.0,numeric_large
4103,华北水利水电大学,—,—,—,—,academics.masterPrograms,48,42,02_院校库,exact,1.0,numeric_large
4104,郑州轻工业大学,—,—,—,—,academics.doctoralPrograms,2,15,02_院校库,exact,1.0,numeric_large
4105,河南工业大学,—,—,—,—,academics.masterPrograms,49,43,02_院校库,exact,1.0,numeric_large
4106,河南科技大学,—,—,—,—,academics.masterPrograms,79,73,02_院校库,exact,1.0,numeric_large
4112,河南医药大学,—,—,—,—,academics.masterPrograms,24,30,02_院校库,exact,1.0,numeric_large
4113,河南大学,—,—,—,—,academics.masterPrograms,90,86,02_院校库,exact,1.0,numeric_large
4201,长江大学,—,—,—,—,academics.masterPrograms,64,60,02_院校库,exact,1.0,numeric_large
4202,武汉工程大学,—,—,—,—,academics.masterPrograms,42,23,02_院校库,exact,1.0,numeric_large
4216,武汉体育学院,—,—,—,—,academics.masterPrograms,15,11,02_院校库,exact,1.0,numeric_large
4241,三峡大学,—,—,—,—,academics.masterPrograms,53,49,02_院校库,exact,1.0,numeric_large
4306,长沙理工大学,—,—,—,—,academics.masterPrograms,54,186,02_院校库,exact,1.0,numeric_large
4306,长沙理工大学,—,—,—,—,academics.doctoralPrograms,16,89,02_院校库,exact,1.0,numeric_large
4307,湖南农业大学,—,—,—,—,academics.masterPrograms,42,38,02_院校库,exact,1.0,numeric_large
4310,湖南中医药大学,—,—,—,—,academics.masterPrograms,19,89,02_院校库,exact,1.0,numeric_large
4310,湖南中医药大学,—,—,—,—,academics.doctoralPrograms,4,28,02_院校库,exact,1.0,numeric_large
4321,湖南工商大学,—,—,—,—,academics.masterPrograms,33,26,02_院校库,exact,1.0,numeric_large
4335,湖南工业大学,—,—,—,—,academics.masterPrograms,40,118,02_院校库,exact,1.0,numeric_large
4402,汕头大学,—,—,—,—,academics.masterPrograms,44,177,02_院校库,exact,1.0,numeric_large
4402,汕头大学,—,—,—,—,academics.doctoralPrograms,7,58,02_院校库,exact,1.0,numeric_large
4405,广州大学,—,—,—,—,academics.masterPrograms,69,64,02_院校库,exact,1.0,numeric_large
4413,惠州学院,—,—,—,—,academics.masterPrograms,3,11,02_院校库,exact,1.0,numeric_large
4424,深圳大学,—,—,—,—,academics.doctoralPrograms,27,35,02_院校库,exact,1.0,numeric_large
4437,广东外语外贸大学,—,—,—,—,academics.masterPrograms,34,92,02_院校库,exact,1.0,numeric_large
4437,广东外语外贸大学,—,—,—,—,academics.doctoralPrograms,5,30,02_院校库,exact,1.0,numeric_large
4438,广东工业大学,—,—,—,—,academics.masterPrograms,49,144,02_院校库,exact,1.0,numeric_large
4438,广东工业大学,—,—,—,—,academics.doctoralPrograms,16,61,02_院校库,exact,1.0,numeric_large
4441,北师香港浸会大学,—,—,—,—,academics.masterPrograms,18,10,02_院校库,exact,1.0,numeric_large
4504,桂林理工大学,—,—,—,—,academics.masterPrograms,39,55,02_院校库,exact,1.0,numeric_large
4504,桂林理工大学,—,—,—,—,academics.doctoralPrograms,6,13,02_院校库,exact,1.0,numeric_large
4508,广西中医药大学,—,—,—,—,academics.masterPrograms,11,54,02_院校库,exact,1.0,numeric_large
4513,南宁师范大学,—,—,—,—,academics.masterPrograms,36,32,02_院校库,exact,1.0,numeric_large
4518,广西民族大学,—,—,—,—,academics.masterPrograms,47,72,02_院校库,exact,1.0,numeric_large
4528,北部湾大学,—,—,—,—,academics.masterPrograms,12,24,02_院校库,exact,1.0,numeric_large
5001,重庆邮电大学,—,—,—,—,academics.masterPrograms,35,49,02_院校库,exact,1.0,numeric_large
5015,四川外国语大学,—,—,—,—,academics.masterPrograms,18,116,02_院校库,exact,1.0,numeric_large
5015,四川外国语大学,—,—,—,—,academics.doctoralPrograms,2,15,02_院校库,exact,1.0,numeric_large
5018,四川美术学院,—,—,—,—,academics.masterPrograms,6,2,02_院校库,exact,1.0,numeric_large
5025,重庆理工大学,—,—,—,—,academics.masterPrograms,31,73,02_院校库,exact,1.0,numeric_large
5101,西南石油大学,—,—,—,—,academics.masterPrograms,41,170,02_院校库,exact,1.0,numeric_large
5101,西南石油大学,—,—,—,—,academics.doctoralPrograms,8,54,02_院校库,exact,1.0,numeric_large
5109,西华大学,—,—,—,—,academics.masterPrograms,45,82,02_院校库,exact,1.0,numeric_large
5112,四川农业大学,—,—,—,—,academics.masterPrograms,41,135,02_院校库,exact,1.0,numeric_large
5112,四川农业大学,—,—,—,—,academics.doctoralPrograms,15,76,02_院校库,exact,1.0,numeric_large
5117,成都中医药大学,—,—,—,—,academics.masterPrograms,16,75,02_院校库,exact,1.0,numeric_large
5117,成都中医药大学,—,—,—,—,academics.doctoralPrograms,5,35,02_院校库,exact,1.0,numeric_large
5122,西华师范大学,—,—,—,—,academics.doctoralPrograms,2,8,02_院校库,exact,1.0,numeric_large
5137,成都大学,—,—,—,—,academics.masterPrograms,35,56,02_院校库,exact,1.0,numeric_large
5211,贵州财经大学,—,—,—,—,academics.masterPrograms,31,47,02_院校库,exact,1.0,numeric_large
5304,云南农业大学,—,—,—,—,academics.masterPrograms,34,104,02_院校库,exact,1.0,numeric_large
5304,云南农业大学,—,—,—,—,academics.doctoralPrograms,8,35,02_院校库,exact,1.0,numeric_large
5309,云南师范大学,—,—,—,—,academics.masterPrograms,55,50,02_院校库,exact,1.0,numeric_large
6103,西安工业大学,—,—,—,—,academics.doctoralPrograms,5,18,02_院校库,exact,1.0,numeric_large
6104,西安建筑科技大学,—,—,—,—,academics.masterPrograms,47,92,02_院校库,exact,1.0,numeric_large
6119,西安外国语大学,—,—,—,—,academics.doctoralPrograms,2,19,02_院校库,exact,1.0,numeric_large
6121,西北政法大学,—,—,—,—,academics.masterPrograms,16,66,02_院校库,exact,1.0,numeric_large
6121,西北政法大学,—,—,—,—,academics.doctoralPrograms,2,10,02_院校库,exact,1.0,numeric_large
6137,宝鸡文理学院,—,—,—,—,academics.masterPrograms,22,87,02_院校库,exact,1.0,numeric_large
6201,兰州理工大学,—,—,—,—,academics.masterPrograms,44,25,02_院校库,exact,1.0,numeric_large
6206,西北师范大学,—,—,—,—,academics.masterPrograms,56,81,02_院校库,exact,1.0,numeric_large
6206,西北师范大学,—,—,—,—,academics.doctoralPrograms,15,20,02_院校库,exact,1.0,numeric_large
6207,兰州城市学院,—,—,—,—,academics.masterPrograms,3,13,02_院校库,exact,1.0,numeric_large
6211,兰州财经大学,—,—,—,—,academics.masterPrograms,28,55,02_院校库,exact,1.0,numeric_large
6215,甘肃政法大学,—,—,—,—,academics.masterPrograms,15,38,02_院校库,exact,1.0,numeric_large
6301,青海大学,—,—,—,—,academics.masterPrograms,41,231,02_院校库,exact,1.0,numeric_large
6304,青海师范大学,—,—,—,—,academics.masterPrograms,35,158,02_院校库,exact,1.0,numeric_large
6304,青海师范大学,—,—,—,—,academics.doctoralPrograms,5,22,02_院校库,exact,1.0,numeric_large
6401,宁夏大学,—,—,—,—,academics.masterPrograms,68,61,02_院校库,exact,1.0,numeric_large
6407,宁夏医科大学,—,—,—,—,academics.masterPrograms,18,25,02_院校库,exact,1.0,numeric_large
6503,塔里木大学,—,—,—,—,academics.masterPrograms,33,64,02_院校库,exact,1.0,numeric_large
6508,新疆师范大学,—,—,—,—,academics.masterPrograms,42,36,02_院校库,exact,1.0,numeric_large
9202,国防科技大学,—,—,—,—,academics.masterPrograms,44,26,02_院校库,exact,1.0,numeric_large
9202,国防科技大学,—,—,—,—,academics.doctoralPrograms,28,23,02_院校库,exact,1.0,numeric_large
9205,陆军兵种大学,—,—,—,—,academics.masterPrograms,26,12,02_院校库,exact,1.0,numeric_large
9213,海军工程大学,—,—,—,—,academics.masterPrograms,23,12,02_院校库,exact,1.0,numeric_large
9215,海军潜艇学院,—,—,—,—,academics.masterPrograms,6,12,02_院校库,exact,1.0,numeric_large
9216,海军航空大学,—,—,—,—,academics.masterPrograms,15,26,02_院校库,exact,1.0,numeric_large
9216,海军航空大学,—,—,—,—,academics.doctoralPrograms,4,17,02_院校库,exact,1.0,numeric_large
9222,空军工程大学,—,—,—,—,academics.masterPrograms,30,45,02_院校库,exact,1.0,numeric_large
9223,空军预警学院,—,—,—,—,academics.masterPrograms,10,6,02_院校库,exact,1.0,numeric_large
9227,空军军医大学,—,—,—,—,academics.masterPrograms,21,72,02_院校库,exact,1.0,numeric_large
9227,空军军医大学,—,—,—,—,academics.doctoralPrograms,15,65,02_院校库,exact,1.0,numeric_large
9231,火箭军工程大学,—,—,—,—,academics.masterPrograms,18,12,02_院校库,exact,1.0,numeric_large
9233,军事航天部队航天工程大学,—,—,—,—,academics.masterPrograms,20,15,02_院校库,exact,1.0,numeric_large
9234,网络空间部队信息工程大学,—,—,—,—,academics.masterPrograms,30,22,02_院校库,exact,1.0,numeric_large
9238,武警工程大学,—,—,—,—,academics.masterPrograms,8,4,02_院校库,exact,1.0,numeric_large
9957,空军航空大学,—,—,—,—,academics.masterPrograms,9,4,02_院校库,exact,1.0,numeric_large
0086,中国人民大学(苏州校区),—,—,—,—,academics.masterPrograms,71,,02_院校库,exact,1.0,one_side_missing
0090,合肥工业大学(宣城校区),—,—,—,—,academics.masterPrograms,64,,02_院校库,exact,1.0,one_side_missing
0090,合肥工业大学(宣城校区),—,—,—,—,academics.doctoralPrograms,26,,02_院校库,exact,1.0,one_side_missing
1110,北京第二外国语学院,—,—,—,—,academics.doctoralPrograms,,1,02_院校库,exact,1.0,one_side_missing
1323,秦皇岛工业职业技术学院,—,—,—,—,basic.type,,理工,02_院校库,exact,1.0,one_side_missing
1335,邢台医学院,—,—,—,—,academics.masterPrograms,,82,02_院校库,exact,1.0,one_side_missing
1335,邢台医学院,—,—,—,—,academics.doctoralPrograms,,3,02_院校库,exact,1.0,one_side_missing
1483,山西医药学院,—,—,—,—,academics.masterPrograms,,6,02_院校库,exact,1.0,one_side_missing
1483,山西医药学院,—,—,—,—,academics.doctoralPrograms,,3,02_院校库,exact,1.0,one_side_missing
1518,内蒙古财经大学,—,—,—,—,academics.doctoralPrograms,,1,02_院校库,exact,1.0,one_side_missing
1520,内蒙古科技大学包头师范学院,—,—,—,—,academics.masterPrograms,,19,02_院校库,exact,1.0,one_side_missing
1521,内蒙古科技大学包头医学院,—,—,—,—,academics.masterPrograms,,11,02_院校库,exact,1.0,one_side_missing
1521,内蒙古科技大学包头医学院,—,—,—,—,academics.doctoralPrograms,,1,02_院校库,exact,1.0,one_side_missing
2107,辽宁石油化工大学,—,—,—,—,academics.doctoralPrograms,,2,02_院校库,exact,1.0,one_side_missing
2124,沈阳师范大学,—,—,—,—,academics.doctoralPrograms,,1,02_院校库,exact,1.0,one_side_missing
2293,长春大学旅游学院,—,—,—,—,academics.masterPrograms,,1,02_院校库,exact,1.0,one_side_missing
2342,齐齐哈尔立德健康职业学院,—,—,—,—,basic.authority,省政府,,02_院校库,exact,1.0,one_side_missing
3119,上海旅游高等专科学校,—,—,—,—,academics.masterPrograms,,5,02_院校库,exact,1.0,one_side_missing
3119,上海旅游高等专科学校,—,—,—,—,academics.doctoralPrograms,,3,02_院校库,exact,1.0,one_side_missing
3148,上海纽约大学,—,—,—,—,academics.masterPrograms,,7,02_院校库,exact,1.0,one_side_missing
3148,上海纽约大学,—,—,—,—,academics.doctoralPrograms,,11,02_院校库,exact,1.0,one_side_missing
3156,上海济光职业技术学院,—,—,—,—,rankings.arwu,501,,02_院校库,exact,1.0,one_side_missing
3195,上海兴伟学院,—,—,—,—,rankings.alumni,500,,02_院校库,exact,1.0,one_side_missing
3197,上海建设管理职业技术学院,—,—,—,—,basic.type,,理工,02_院校库,exact,1.0,one_side_missing
3247,西交利物浦大学,—,—,—,—,academics.masterPrograms,,55,02_院校库,exact,1.0,one_side_missing
3247,西交利物浦大学,—,—,—,—,academics.doctoralPrograms,,17,02_院校库,exact,1.0,one_side_missing
3294,无锡学院,—,—,—,—,academics.masterPrograms,,6,02_院校库,exact,1.0,one_side_missing
3304,宁波诺丁汉大学,—,—,—,—,academics.masterPrograms,,10,02_院校库,exact,1.0,one_side_missing
3304,宁波诺丁汉大学,—,—,—,—,academics.doctoralPrograms,,5,02_院校库,exact,1.0,one_side_missing
3340,温州肯恩大学,—,—,—,—,academics.masterPrograms,,8,02_院校库,exact,1.0,one_side_missing
3340,温州肯恩大学,—,—,—,—,academics.doctoralPrograms,,1,02_院校库,exact,1.0,one_side_missing
3366,浙江师范大学行知学院,—,—,—,—,academics.masterPrograms,,3,02_院校库,exact,1.0,one_side_missing
3536,福建技术师范学院,—,—,—,—,academics.masterPrograms,,2,02_院校库,exact,1.0,one_side_missing
3610,赣南医科大学,—,—,—,—,academics.doctoralPrograms,,4,02_院校库,exact,1.0,one_side_missing
3628,上饶卫生健康职业学院,—,—,—,—,basic.type,,医药,02_院校库,exact,1.0,one_side_missing
3640,抚州医药学院,—,—,—,—,rankings.alumni,500,,02_院校库,exact,1.0,one_side_missing
3688,江西师范大学科学技术学院,—,—,—,—,academics.masterPrograms,,5,02_院校库,exact,1.0,one_side_missing
3692,南昌交通学院,—,—,—,—,academics.masterPrograms,,5,02_院校库,exact,1.0,one_side_missing
3736,山东城市服务职业学院,—,—,—,—,basic.type,,综合,02_院校库,exact,1.0,one_side_missing
3784,烟台南山学院,—,—,—,—,academics.masterPrograms,,4,02_院校库,exact,1.0,one_side_missing
3977,昆山杜克大学,—,—,—,—,academics.masterPrograms,,5,02_院校库,exact,1.0,one_side_missing
4110,河南工程学院,—,—,—,—,academics.masterPrograms,,2,02_院校库,exact,1.0,one_side_missing
4226,武昌工学院,—,—,—,—,academics.masterPrograms,,1,02_院校库,exact,1.0,one_side_missing
4244,湖北经济学院,—,—,—,—,academics.doctoralPrograms,,1,02_院校库,exact,1.0,one_side_missing
4261,武汉生物工程学院,—,—,—,—,academics.masterPrograms,,3,02_院校库,exact,1.0,one_side_missing
4334,邵阳工业职业技术学院,—,—,—,—,basic.type,,理工,02_院校库,exact,1.0,one_side_missing
4338,郴州思科职业学院,—,—,—,—,basic.type,,综合,02_院校库,exact,1.0,one_side_missing
4345,长沙文创艺术职业学院,—,—,—,—,basic.type,,综合,02_院校库,exact,1.0,one_side_missing
4432,东莞理工学院,—,—,—,—,academics.doctoralPrograms,,9,02_院校库,exact,1.0,one_side_missing
4458,广东以色列理工学院,—,—,—,—,academics.doctoralPrograms,,1,02_院校库,exact,1.0,one_side_missing
4488,香港中文大学(深圳),—,—,—,—,academics.masterPrograms,,39,02_院校库,exact,1.0,one_side_missing
4488,香港中文大学(深圳),—,—,—,—,academics.doctoralPrograms,,17,02_院校库,exact,1.0,one_side_missing
4505,广西财经学院,—,—,—,—,academics.doctoralPrograms,,2,02_院校库,exact,1.0,one_side_missing
4520,桂林航天工业学院,—,—,—,—,academics.masterPrograms,,3,02_院校库,exact,1.0,one_side_missing
4587,桂林信息工程职业学院,—,—,—,—,basic.type,,理工,02_院校库,exact,1.0,one_side_missing
4634,海南东方新丝路职业学院,—,—,—,—,basic.type,,综合,02_院校库,exact,1.0,one_side_missing
4904,深圳北理莫斯科大学,—,—,—,—,academics.doctoralPrograms,2,,02_院校库,exact,1.0,one_side_missing
4946,香港科技大学(广州),—,—,—,—,academics.masterPrograms,,15,02_院校库,exact,1.0,one_side_missing
4946,香港科技大学(广州),—,—,—,—,academics.doctoralPrograms,,15,02_院校库,exact,1.0,one_side_missing
5136,四川音乐学院,—,—,—,—,rankings.alumni,372,,02_院校库,exact,1.0,one_side_missing
5246,贵州生态能源职业学院,—,—,—,—,basic.type,,其它,02_院校库,exact,1.0,one_side_missing
5249,贵州传媒职业学院,—,—,—,—,basic.type,,艺术,02_院校库,exact,1.0,one_side_missing
5270,黔东南理工职业学院,—,—,—,—,basic.type,,理工,02_院校库,exact,1.0,one_side_missing
5316,云南艺术学院,—,—,—,—,academics.doctoralPrograms,,3,02_院校库,exact,1.0,one_side_missing
5409,日喀则职业技术学院,—,—,—,—,basic.authority,省政府,,02_院校库,exact,1.0,one_side_missing
5574,重庆中医药学院,—,—,—,—,academics.masterPrograms,,4,02_院校库,exact,1.0,one_side_missing
5574,重庆中医药学院,—,—,—,—,academics.doctoralPrograms,,2,02_院校库,exact,1.0,one_side_missing
5667,宜宾医药健康职业学院,—,—,—,—,basic.authority,市政府,,02_院校库,exact,1.0,one_side_missing
5882,遂宁职业学院,—,—,—,—,basic.type,,综合,02_院校库,exact,1.0,one_side_missing
5885,遂宁能源职业学院,—,—,—,—,basic.type,,理工,02_院校库,exact,1.0,one_side_missing
5888,遂宁工程职业学院,—,—,—,—,basic.type,,综合,02_院校库,exact,1.0,one_side_missing
5937,贵州铜仁数据职业学院,—,—,—,—,basic.type,,其它,02_院校库,exact,1.0,one_side_missing
6307,青海理工学院,—,—,—,—,academics.masterPrograms,,4,02_院校库,exact,1.0,one_side_missing
6511,新疆和田学院,—,—,—,—,basic.type,,综合,02_院校库,exact,1.0,one_side_missing
6521,新疆工程学院,—,—,—,—,academics.masterPrograms,2,,02_院校库,exact,1.0,one_side_missing
6536,可克达拉职业技术学院,—,—,—,—,basic.type,,综合,02_院校库,exact,1.0,one_side_missing
6539,新疆司法警官职业学院,—,—,—,—,basic.type,,其它,02_院校库,exact,1.0,one_side_missing
6540,阿克苏工业职业技术学院,—,—,—,—,basic.type,,综合,02_院校库,exact,1.0,one_side_missing
6541,新星职业技术学院,—,—,—,—,basic.type,,综合,02_院校库,exact,1.0,one_side_missing
6542,喀什理工职业技术学院,—,—,—,—,basic.type,,理工,02_院校库,exact,1.0,one_side_missing
8102,香港中文大学,—,—,—,—,academics.doctoralPrograms,,66,02_院校库,exact,1.0,one_side_missing
8106,香港城市大学,—,—,—,—,academics.doctoralPrograms,,2,02_院校库,exact,1.0,one_side_missing
9206,陆军步兵学院,—,—,—,—,rankings.usNews,398,,02_院校库,exact,1.0,one_side_missing
9206,陆军步兵学院,—,—,—,—,rankings.alumni,66,,02_院校库,exact,1.0,one_side_missing
9214,海军大连舰艇学院,—,—,—,—,rankings.usNews,446,,02_院校库,exact,1.0,one_side_missing
9214,海军大连舰艇学院,—,—,—,—,rankings.alumni,67,,02_院校库,exact,1.0,one_side_missing
9215,海军潜艇学院,—,—,—,—,academics.doctoralPrograms,,2,02_院校库,exact,1.0,one_side_missing
9235,信息支援部队工程大学,—,—,—,—,academics.masterPrograms,,7,02_院校库,exact,1.0,one_side_missing
9957,空军航空大学,—,—,—,—,rankings.usNews,432,,02_院校库,exact,1.0,one_side_missing
0320,中国民航大学,—,—,—,—,basic.authority,交通运输部(中国民用航空局),交通运输部,02_院校库,exact,1.0,text_minor
0355,中国民用航空飞行学院,—,—,—,—,basic.authority,交通运输部(中国民用航空局),交通运输部,02_院校库,exact,1.0,text_minor
0451,上海民航职业技术学院,—,—,—,—,basic.authority,交通运输部(中国民用航空局),交通运输部,02_院校库,exact,1.0,text_minor
4451,广州民航职业技术学院,—,—,—,—,basic.authority,交通运输部(中国民用航空局),交通运输部,02_院校库,exact,1.0,text_minor
6534,新疆工业学院,—,—,—,—,basic.authority,新疆生产建设兵团,新疆生产建设兵团教育局,02_院校库,exact,1.0,text_minor
8102,香港中文大学,—,—,—,—,basic.authority,香港特别行政区教育局,香港特区教育局,02_院校库,exact,1.0,text_minor
8106,香港城市大学,—,—,—,—,basic.authority,香港特别行政区教育局,香港特区教育局,02_院校库,exact,1.0,text_minor
0001,北京大学,—,—,—,—,academics.masterPrograms,78,79,02_院校库,exact,1.0,numeric_small
0002,中国人民大学,—,—,—,—,academics.doctoralPrograms,30,31,02_院校库,exact,1.0,numeric_small
0002,中国人民大学,—,—,—,—,academics.postgraduateRate,39.0,42.0,02_院校库,exact,1.0,numeric_small
0004,北京交通大学,—,—,—,—,academics.masterPrograms,55,52,02_院校库,exact,1.0,numeric_small
0007,北京邮电大学,—,—,—,—,academics.doctoralPrograms,18,16,02_院校库,exact,1.0,numeric_small
0007,北京邮电大学,—,—,—,—,academics.postgraduateRate,30.13,32.0,02_院校库,exact,1.0,numeric_small
0008,中国农业大学,—,—,—,—,academics.masterPrograms,55,58,02_院校库,exact,1.0,numeric_small
0009,北京林业大学,—,—,—,—,academics.masterPrograms,45,46,02_院校库,exact,1.0,numeric_small
0011,北京师范大学,—,—,—,—,academics.masterPrograms,64,61,02_院校库,exact,1.0,numeric_small
0012,北京语言大学,—,—,—,—,academics.masterPrograms,25,24,02_院校库,exact,1.0,numeric_small
0013,中国传媒大学,—,—,—,—,academics.masterPrograms,31,30,02_院校库,exact,1.0,numeric_small
0013,中国传媒大学,—,—,—,—,academics.doctoralPrograms,13,10,02_院校库,exact,1.0,numeric_small
0013,中国传媒大学,—,—,—,—,academics.postgraduateRate,15.0,18.0,02_院校库,exact,1.0,numeric_small
0014,中央财经大学,—,—,—,—,academics.masterPrograms,35,37,02_院校库,exact,1.0,numeric_small
0015,对外经济贸易大学,—,—,—,—,academics.masterPrograms,27,28,02_院校库,exact,1.0,numeric_small
0018,天津大学,—,—,—,—,academics.doctoralPrograms,40,38,02_院校库,exact,1.0,numeric_small
0018,天津大学,—,—,—,—,academics.postgraduateRate,35.0,33.0,02_院校库,exact,1.0,numeric_small
0019,大连理工大学,—,—,—,—,academics.doctoralPrograms,39,38,02_院校库,exact,1.0,numeric_small
0020,东北大学,—,—,—,—,academics.masterPrograms,56,53,02_院校库,exact,1.0,numeric_small
0020,东北大学,—,—,—,—,academics.postgraduateRate,30.52,33.0,02_院校库,exact,1.0,numeric_small
0021,吉林大学,—,—,—,—,academics.doctoralPrograms,61,60,02_院校库,exact,1.0,numeric_small
0022,东北师范大学,—,—,—,—,academics.doctoralPrograms,28,30,02_院校库,exact,1.0,numeric_small
0024,复旦大学,—,—,—,—,academics.masterPrograms,86,87,02_院校库,exact,1.0,numeric_small
0024,复旦大学,—,—,—,—,academics.doctoralPrograms,50,51,02_院校库,exact,1.0,numeric_small
0024,复旦大学,—,—,—,—,academics.postgraduateRate,44.13,43.0,02_院校库,exact,1.0,numeric_small
0025,同济大学,—,—,—,—,academics.masterPrograms,77,75,02_院校库,exact,1.0,numeric_small
0025,同济大学,—,—,—,—,academics.doctoralPrograms,50,49,02_院校库,exact,1.0,numeric_small
0025,同济大学,—,—,—,—,academics.postgraduateRate,41.41,40.0,02_院校库,exact,1.0,numeric_small
0026,上海交通大学,—,—,—,—,academics.postgraduateRate,45.95,44.0,02_院校库,exact,1.0,numeric_small
0027,华东理工大学,—,—,—,—,academics.masterPrograms,56,53,02_院校库,exact,1.0,numeric_small
0027,华东理工大学,—,—,—,—,academics.doctoralPrograms,25,24,02_院校库,exact,1.0,numeric_small
0028,东华大学,—,—,—,—,academics.masterPrograms,51,49,02_院校库,exact,1.0,numeric_small
0029,华东师范大学,—,—,—,—,academics.masterPrograms,75,76,02_院校库,exact,1.0,numeric_small
0029,华东师范大学,—,—,—,—,academics.doctoralPrograms,45,44,02_院校库,exact,1.0,numeric_small
0033,东南大学,—,—,—,—,academics.masterPrograms,84,85,02_院校库,exact,1.0,numeric_small
0033,东南大学,—,—,—,—,academics.doctoralPrograms,54,56,02_院校库,exact,1.0,numeric_small
0034,中国矿业大学,—,—,—,—,academics.masterPrograms,58,56,02_院校库,exact,1.0,numeric_small
0034,中国矿业大学,—,—,—,—,academics.doctoralPrograms,27,26,02_院校库,exact,1.0,numeric_small
0035,河海大学,—,—,—,—,academics.masterPrograms,63,62,02_院校库,exact,1.0,numeric_small
0036,江南大学,—,—,—,—,academics.masterPrograms,59,57,02_院校库,exact,1.0,numeric_small
0037,南京农业大学,—,—,—,—,academics.masterPrograms,50,51,02_院校库,exact,1.0,numeric_small
0038,中国药科大学,—,—,—,—,academics.masterPrograms,16,14,02_院校库,exact,1.0,numeric_small
0039,浙江大学,—,—,—,—,academics.doctoralPrograms,78,80,02_院校库,exact,1.0,numeric_small
0039,浙江大学,—,—,—,—,academics.postgraduateRate,40.67,39.0,02_院校库,exact,1.0,numeric_small
0040,合肥工业大学,—,—,—,—,academics.masterPrograms,64,61,02_院校库,exact,1.0,numeric_small
0040,合肥工业大学,—,—,—,—,academics.doctoralPrograms,26,25,02_院校库,exact,1.0,numeric_small
0041,厦门大学,—,—,—,—,academics.masterPrograms,86,85,02_院校库,exact,1.0,numeric_small
0042,山东大学,—,—,—,—,academics.masterPrograms,90,93,02_院校库,exact,1.0,numeric_small
0043,中国海洋大学,—,—,—,—,academics.masterPrograms,63,60,02_院校库,exact,1.0,numeric_small
0044,中国石油大学(华东),—,—,—,—,academics.masterPrograms,51,50,02_院校库,exact,1.0,numeric_small
0045,武汉大学,—,—,—,—,academics.doctoralPrograms,65,63,02_院校库,exact,1.0,numeric_small
0046,中国地质大学(武汉),—,—,—,—,academics.masterPrograms,51,50,02_院校库,exact,1.0,numeric_small
0047,华中农业大学,—,—,—,—,academics.masterPrograms,46,45,02_院校库,exact,1.0,numeric_small
0048,华中师范大学,—,—,—,—,academics.masterPrograms,59,56,02_院校库,exact,1.0,numeric_small
0050,中山大学,—,—,—,—,academics.masterPrograms,111,114,02_院校库,exact,1.0,numeric_small
0050,中山大学,—,—,—,—,academics.doctoralPrograms,74,75,02_院校库,exact,1.0,numeric_small
0051,华南理工大学,—,—,—,—,academics.doctoralPrograms,42,43,02_院校库,exact,1.0,numeric_small
0053,重庆大学,—,—,—,—,academics.doctoralPrograms,46,47,02_院校库,exact,1.0,numeric_small
0054,西南交通大学,—,—,—,—,academics.masterPrograms,69,68,02_院校库,exact,1.0,numeric_small
0055,电子科技大学,—,—,—,—,academics.masterPrograms,45,46,02_院校库,exact,1.0,numeric_small
0055,电子科技大学,—,—,—,—,academics.doctoralPrograms,26,27,02_院校库,exact,1.0,numeric_small
0056,西南大学,—,—,—,—,academics.masterPrograms,83,86,02_院校库,exact,1.0,numeric_small
0059,西安电子科技大学,—,—,—,—,academics.doctoralPrograms,21,19,02_院校库,exact,1.0,numeric_small
0060,陕西师范大学,—,—,—,—,academics.masterPrograms,61,60,02_院校库,exact,1.0,numeric_small
0060,陕西师范大学,—,—,—,—,academics.doctoralPrograms,28,27,02_院校库,exact,1.0,numeric_small
0061,兰州大学,—,—,—,—,academics.doctoralPrograms,37,35,02_院校库,exact,1.0,numeric_small
0064,中国地质大学(北京),—,—,—,—,academics.masterPrograms,48,47,02_院校库,exact,1.0,numeric_small
0064,中国地质大学(北京),—,—,—,—,academics.doctoralPrograms,20,18,02_院校库,exact,1.0,numeric_small
0066,长安大学,—,—,—,—,academics.masterPrograms,58,55,02_院校库,exact,1.0,numeric_small
0067,中南大学,—,—,—,—,academics.masterPrograms,81,79,02_院校库,exact,1.0,numeric_small
0069,华中科技大学,—,—,—,—,academics.postgraduateRate,35.04,37.0,02_院校库,exact,1.0,numeric_small
0070,武汉理工大学,—,—,—,—,academics.masterPrograms,73,72,02_院校库,exact,1.0,numeric_small
0071,东北大学秦皇岛分校,—,—,—,—,academics.masterPrograms,56,55,02_院校库,exact,1.0,numeric_small
0074,中央戏剧学院,—,—,—,—,academics.doctoralPrograms,2,3,02_院校库,exact,1.0,numeric_small
0075,北京外国语大学,—,—,—,—,academics.masterPrograms,20,21,02_院校库,exact,1.0,numeric_small
0075,北京外国语大学,—,—,—,—,academics.postgraduateRate,33.22,35.0,02_院校库,exact,1.0,numeric_small
0077,北京大学医学部,—,—,—,—,academics.masterPrograms,78,79,02_院校库,exact,1.0,numeric_small
0077,北京大学医学部,—,—,—,—,academics.postgraduateRate,68.6,69.0,02_院校库,exact,1.0,numeric_small
0094,中国石油大学(北京)克拉玛依校区,—,—,—,—,academics.masterPrograms,47,48,02_院校库,exact,1.0,numeric_small
0233,东南大学,—,—,—,—,academics.masterPrograms,84,85,02_院校库,exact,1.0,numeric_small
0233,东南大学,—,—,—,—,academics.doctoralPrograms,54,56,02_院校库,exact,1.0,numeric_small
0301,北京航空航天大学,—,—,—,—,academics.doctoralPrograms,38,35,02_院校库,exact,1.0,numeric_small
0301,北京航空航天大学,—,—,—,—,academics.postgraduateRate,47.14,50.0,02_院校库,exact,1.0,numeric_small
0302,北京理工大学,—,—,—,—,academics.postgraduateRate,45.0,43.0,02_院校库,exact,1.0,numeric_small
0305,北京电子科技学院,—,—,—,—,academics.masterPrograms,4,3,02_院校库,exact,1.0,numeric_small
0307,外交学院,—,—,—,—,academics.postgraduateRate,20.0,19.0,02_院校库,exact,1.0,numeric_small
0309,国际关系学院,—,—,—,—,academics.masterPrograms,11,10,02_院校库,exact,1.0,numeric_small
0310,北京体育大学,—,—,—,—,academics.masterPrograms,14,13,02_院校库,exact,1.0,numeric_small
0315,中央民族大学,—,—,—,—,academics.masterPrograms,53,54,02_院校库,exact,1.0,numeric_small
0317,华北电力大学(北京),—,—,—,—,academics.masterPrograms,42,41,02_院校库,exact,1.0,numeric_small
0317,华北电力大学(北京),—,—,—,—,academics.doctoralPrograms,15,14,02_院校库,exact,1.0,numeric_small
0323,华北电力大学(保定),—,—,—,—,academics.doctoralPrograms,8,9,02_院校库,exact,1.0,numeric_small
0325,大连海事大学,—,—,—,—,academics.masterPrograms,43,40,02_院校库,exact,1.0,numeric_small
0327,中国刑事警察学院,—,—,—,—,academics.masterPrograms,10,8,02_院校库,exact,1.0,numeric_small
0330,哈尔滨工业大学,—,—,—,—,academics.masterPrograms,60,58,02_院校库,exact,1.0,numeric_small
0333,哈尔滨工程大学,—,—,—,—,academics.masterPrograms,48,45,02_院校库,exact,1.0,numeric_small
0340,南京航空航天大学,—,—,—,—,academics.doctoralPrograms,26,25,02_院校库,exact,1.0,numeric_small
0345,中国科学技术大学,—,—,—,—,academics.doctoralPrograms,39,41,02_院校库,exact,1.0,numeric_small
0346,中国科学院大学,—,—,—,—,academics.masterPrograms,76,78,02_院校库,exact,1.0,numeric_small
0346,中国科学院大学,—,—,—,—,academics.doctoralPrograms,56,57,02_院校库,exact,1.0,numeric_small
0347,华侨大学,—,—,—,—,academics.masterPrograms,55,54,02_院校库,exact,1.0,numeric_small
0353,暨南大学,—,—,—,—,academics.masterPrograms,78,77,02_院校库,exact,1.0,numeric_small
0355,中国民用航空飞行学院,—,—,—,—,academics.masterPrograms,21,20,02_院校库,exact,1.0,numeric_small
0357,西南民族大学,—,—,—,—,academics.masterPrograms,56,53,02_院校库,exact,1.0,numeric_small
0357,西南民族大学,—,—,—,—,academics.doctoralPrograms,4,5,02_院校库,exact,1.0,numeric_small
0358,西北工业大学,—,—,—,—,academics.masterPrograms,54,55,02_院校库,exact,1.0,numeric_small
0358,西北工业大学,—,—,—,—,academics.doctoralPrograms,33,36,02_院校库,exact,1.0,numeric_small
0365,石河子大学,—,—,—,—,academics.masterPrograms,69,68,02_院校库,exact,1.0,numeric_small
0369,应急管理大学,—,—,—,—,academics.masterPrograms,3,1,02_院校库,exact,1.0,numeric_small
0371,大连民族大学,—,—,—,—,academics.masterPrograms,23,22,02_院校库,exact,1.0,numeric_small
0373,北方民族大学,—,—,—,—,academics.masterPrograms,33,32,02_院校库,exact,1.0,numeric_small
0381,防灾科技学院,—,—,—,—,academics.masterPrograms,3,1,02_院校库,exact,1.0,numeric_small
0397,中国劳动关系学院,—,—,—,—,academics.masterPrograms,8,10,02_院校库,exact,1.0,numeric_small
0841,厦门大学,—,—,—,—,academics.masterPrograms,86,85,02_院校库,exact,1.0,numeric_small
1101,北京工业大学,—,—,—,—,academics.masterPrograms,55,56,02_院校库,exact,1.0,numeric_small
1102,北方工业大学,—,—,—,—,academics.masterPrograms,29,28,02_院校库,exact,1.0,numeric_small
1103,北京服装学院,—,—,—,—,academics.masterPrograms,15,13,02_院校库,exact,1.0,numeric_small
1104,北京印刷学院,—,—,—,—,academics.masterPrograms,20,19,02_院校库,exact,1.0,numeric_small
1105,北京石油化工学院,—,—,—,—,academics.masterPrograms,15,13,02_院校库,exact,1.0,numeric_small
1109,北京建筑大学,—,—,—,—,academics.masterPrograms,26,27,02_院校库,exact,1.0,numeric_small
1111,北京物资学院,—,—,—,—,academics.masterPrograms,19,18,02_院校库,exact,1.0,numeric_small
1114,中国戏曲学院,—,—,—,—,academics.masterPrograms,5,6,02_院校库,exact,1.0,numeric_small
1116,北京舞蹈学院,—,—,—,—,academics.masterPrograms,3,2,02_院校库,exact,1.0,numeric_small
1120,北京工商大学,—,—,—,—,academics.masterPrograms,43,41,02_院校库,exact,1.0,numeric_small
1120,北京工商大学,—,—,—,—,academics.doctoralPrograms,8,9,02_院校库,exact,1.0,numeric_small
1121,首都经济贸易大学,—,—,—,—,academics.masterPrograms,29,30,02_院校库,exact,1.0,numeric_small
1123,北京信息科技大学,—,—,—,—,academics.masterPrograms,22,21,02_院校库,exact,1.0,numeric_small
1148,北京农学院,—,—,—,—,academics.masterPrograms,19,18,02_院校库,exact,1.0,numeric_small
1201,天津科技大学,—,—,—,—,academics.masterPrograms,37,34,02_院校库,exact,1.0,numeric_small
1202,天津工业大学,—,—,—,—,academics.masterPrograms,44,42,02_院校库,exact,1.0,numeric_small
1202,天津工业大学,—,—,—,—,academics.doctoralPrograms,7,8,02_院校库,exact,1.0,numeric_small
1204,天津理工大学,—,—,—,—,academics.doctoralPrograms,8,9,02_院校库,exact,1.0,numeric_small
1205,天津农学院,—,—,—,—,academics.masterPrograms,17,16,02_院校库,exact,1.0,numeric_small
1210,天津商业大学,—,—,—,—,academics.masterPrograms,24,23,02_院校库,exact,1.0,numeric_small
1211,天津财经大学,—,—,—,—,academics.masterPrograms,26,25,02_院校库,exact,1.0,numeric_small
1216,天津城建大学,—,—,—,—,academics.masterPrograms,27,25,02_院校库,exact,1.0,numeric_small
1222,天津职业技术师范大学,—,—,—,—,academics.masterPrograms,20,18,02_院校库,exact,1.0,numeric_small
1222,天津职业技术师范大学,—,—,—,—,academics.doctoralPrograms,2,1,02_院校库,exact,1.0,numeric_small
1302,河北大学,—,—,—,—,academics.postgraduateRate,8.5,10.0,02_院校库,exact,1.0,numeric_small
1304,河北地质大学,—,—,—,—,academics.masterPrograms,27,25,02_院校库,exact,1.0,numeric_small
1306,河北科技大学,—,—,—,—,academics.masterPrograms,47,46,02_院校库,exact,1.0,numeric_small
1308,河北师范大学,—,—,—,—,academics.masterPrograms,55,53,02_院校库,exact,1.0,numeric_small
1309,石家庄铁道大学,—,—,—,—,academics.masterPrograms,31,30,02_院校库,exact,1.0,numeric_small
1311,河北科技师范学院,—,—,—,—,academics.masterPrograms,15,12,02_院校库,exact,1.0,numeric_small
1315,北华航天工业学院,—,—,—,—,academics.masterPrograms,13,11,02_院校库,exact,1.0,numeric_small
1319,河北医科大学,—,—,—,—,academics.masterPrograms,15,16,02_院校库,exact,1.0,numeric_small
1320,河北经贸大学,—,—,—,—,academics.masterPrograms,32,29,02_院校库,exact,1.0,numeric_small
1322,河北建筑工程学院,—,—,—,—,academics.masterPrograms,10,9,02_院校库,exact,1.0,numeric_small
1325,河北北方学院,—,—,—,—,academics.masterPrograms,12,11,02_院校库,exact,1.0,numeric_small
1330,河北农业大学,—,—,—,—,academics.masterPrograms,38,36,02_院校库,exact,1.0,numeric_small
1330,河北农业大学,—,—,—,—,academics.doctoralPrograms,13,12,02_院校库,exact,1.0,numeric_small
1368,河北传媒学院,—,—,—,—,academics.masterPrograms,5,6,02_院校库,exact,1.0,numeric_small
1401,山西大学,—,—,—,—,academics.doctoralPrograms,23,26,02_院校库,exact,1.0,numeric_small
1402,太原科技大学,—,—,—,—,academics.masterPrograms,32,30,02_院校库,exact,1.0,numeric_small
1405,太原理工大学,—,—,—,—,academics.doctoralPrograms,23,22,02_院校库,exact,1.0,numeric_small
1406,山西农业大学,—,—,—,—,academics.masterPrograms,26,25,02_院校库,exact,1.0,numeric_small
1407,山西医科大学,—,—,—,—,academics.masterPrograms,24,21,02_院校库,exact,1.0,numeric_small
1407,山西医科大学,—,—,—,—,academics.doctoralPrograms,7,8,02_院校库,exact,1.0,numeric_small
1411,山西师范大学,—,—,—,—,academics.masterPrograms,41,40,02_院校库,exact,1.0,numeric_small
1411,山西师范大学,—,—,—,—,academics.doctoralPrograms,8,7,02_院校库,exact,1.0,numeric_small
1412,太原师范学院,—,—,—,—,academics.masterPrograms,22,21,02_院校库,exact,1.0,numeric_small
1413,山西大同大学,—,—,—,—,academics.masterPrograms,14,11,02_院校库,exact,1.0,numeric_small
1421,山西中医药大学,—,—,—,—,academics.masterPrograms,6,7,02_院校库,exact,1.0,numeric_small
1503,内蒙古科技大学,—,—,—,—,academics.doctoralPrograms,5,4,02_院校库,exact,1.0,numeric_small
1504,内蒙古工业大学,—,—,—,—,academics.masterPrograms,45,43,02_院校库,exact,1.0,numeric_small
1504,内蒙古工业大学,—,—,—,—,academics.doctoralPrograms,9,10,02_院校库,exact,1.0,numeric_small
1509,内蒙古师范大学,—,—,—,—,academics.masterPrograms,45,44,02_院校库,exact,1.0,numeric_small
1513,内蒙古农业大学,—,—,—,—,academics.masterPrograms,44,42,02_院校库,exact,1.0,numeric_small
1513,内蒙古农业大学,—,—,—,—,academics.doctoralPrograms,18,17,02_院校库,exact,1.0,numeric_small
1515,内蒙古民族大学,—,—,—,—,academics.masterPrograms,38,36,02_院校库,exact,1.0,numeric_small
2101,沈阳工业大学,—,—,—,—,academics.doctoralPrograms,6,9,02_院校库,exact,1.0,numeric_small
2102,沈阳航空航天大学,—,—,—,—,academics.masterPrograms,26,24,02_院校库,exact,1.0,numeric_small
2103,沈阳理工大学,—,—,—,—,academics.masterPrograms,21,23,02_院校库,exact,1.0,numeric_small
2104,辽宁大学,—,—,—,—,academics.masterPrograms,65,63,02_院校库,exact,1.0,numeric_small
2105,辽宁科技大学,—,—,—,—,academics.masterPrograms,25,22,02_院校库,exact,1.0,numeric_small
2106,辽宁工程技术大学,—,—,—,—,academics.masterPrograms,32,31,02_院校库,exact,1.0,numeric_small
2107,辽宁石油化工大学,—,—,—,—,academics.masterPrograms,24,23,02_院校库,exact,1.0,numeric_small
2108,沈阳化工大学,—,—,—,—,academics.masterPrograms,24,23,02_院校库,exact,1.0,numeric_small
2110,沈阳大学,—,—,—,—,academics.masterPrograms,25,24,02_院校库,exact,1.0,numeric_small
2111,大连工业大学,—,—,—,—,academics.masterPrograms,26,23,02_院校库,exact,1.0,numeric_small
2113,沈阳体育学院,—,—,—,—,academics.doctoralPrograms,1,3,02_院校库,exact,1.0,numeric_small
2115,沈阳农业大学,—,—,—,—,academics.masterPrograms,35,32,02_院校库,exact,1.0,numeric_small
2116,大连海洋大学,—,—,—,—,academics.masterPrograms,22,19,02_院校库,exact,1.0,numeric_small
2117,中国医科大学,—,—,—,—,academics.masterPrograms,23,21,02_院校库,exact,1.0,numeric_small
2120,大连外国语大学,—,—,—,—,academics.doctoralPrograms,1,4,02_院校库,exact,1.0,numeric_small
2123,辽宁师范大学,—,—,—,—,academics.masterPrograms,43,41,02_院校库,exact,1.0,numeric_small
2123,辽宁师范大学,—,—,—,—,academics.doctoralPrograms,14,16,02_院校库,exact,1.0,numeric_small
2125,渤海大学,—,—,—,—,academics.masterPrograms,38,35,02_院校库,exact,1.0,numeric_small
2127,鞍山师范学院,—,—,—,—,academics.masterPrograms,4,5,02_院校库,exact,1.0,numeric_small
2134,沈阳医学院,—,—,—,—,academics.masterPrograms,8,9,02_院校库,exact,1.0,numeric_small
2139,辽宁工业大学,—,—,—,—,academics.masterPrograms,25,22,02_院校库,exact,1.0,numeric_small
2145,沈阳工程学院,—,—,—,—,academics.masterPrograms,4,3,02_院校库,exact,1.0,numeric_small
2203,东北电力大学,—,—,—,—,academics.masterPrograms,27,30,02_院校库,exact,1.0,numeric_small
2205,长春工业大学,—,—,—,—,academics.masterPrograms,36,38,02_院校库,exact,1.0,numeric_small
2205,长春工业大学,—,—,—,—,academics.doctoralPrograms,7,10,02_院校库,exact,1.0,numeric_small
2206,吉林建筑大学,—,—,—,—,academics.masterPrograms,23,21,02_院校库,exact,1.0,numeric_small
2207,吉林化工大学,—,—,—,—,academics.masterPrograms,16,14,02_院校库,exact,1.0,numeric_small
2208,吉林农业大学,—,—,—,—,academics.masterPrograms,39,37,02_院校库,exact,1.0,numeric_small
2214,吉林师范大学,—,—,—,—,academics.masterPrograms,34,33,02_院校库,exact,1.0,numeric_small
2218,吉林财经大学,—,—,—,—,academics.masterPrograms,25,24,02_院校库,exact,1.0,numeric_small
2235,北华大学,—,—,—,—,academics.masterPrograms,44,41,02_院校库,exact,1.0,numeric_small
2279,吉林外国语大学,—,—,—,—,academics.masterPrograms,12,10,02_院校库,exact,1.0,numeric_small
2301,黑龙江大学,—,—,—,—,academics.masterPrograms,66,65,02_院校库,exact,1.0,numeric_small
2306,东北石油大学,—,—,—,—,academics.masterPrograms,35,32,02_院校库,exact,1.0,numeric_small
2306,东北石油大学,—,—,—,—,academics.postgraduateRate,4.2,4.0,02_院校库,exact,1.0,numeric_small
2307,齐齐哈尔大学,—,—,—,—,academics.masterPrograms,36,34,02_院校库,exact,1.0,numeric_small
2308,哈尔滨医科大学,—,—,—,—,academics.doctoralPrograms,13,12,02_院校库,exact,1.0,numeric_small
2311,哈尔滨师范大学,—,—,—,—,academics.masterPrograms,36,33,02_院校库,exact,1.0,numeric_small
2317,哈尔滨商业大学,—,—,—,—,academics.masterPrograms,35,32,02_院校库,exact,1.0,numeric_small
2321,佳木斯大学,—,—,—,—,academics.masterPrograms,33,31,02_院校库,exact,1.0,numeric_small
2325,黑龙江八一农垦大学,—,—,—,—,academics.masterPrograms,21,19,02_院校库,exact,1.0,numeric_small
3101,上海理工大学,—,—,—,—,academics.masterPrograms,52,49,02_院校库,exact,1.0,numeric_small
3101,上海理工大学,—,—,—,—,academics.doctoralPrograms,12,11,02_院校库,exact,1.0,numeric_small
3105,上海电力大学,—,—,—,—,academics.masterPrograms,16,15,02_院校库,exact,1.0,numeric_small
3105,上海电力大学,—,—,—,—,academics.doctoralPrograms,2,1,02_院校库,exact,1.0,numeric_small
3111,上海海洋大学,—,—,—,—,academics.masterPrograms,26,23,02_院校库,exact,1.0,numeric_small
3113,上海师范大学,—,—,—,—,academics.masterPrograms,61,59,02_院校库,exact,1.0,numeric_small
3123,上海政法学院,—,—,—,—,academics.masterPrograms,15,14,02_院校库,exact,1.0,numeric_small
3124,上海电机学院,—,—,—,—,academics.masterPrograms,13,12,02_院校库,exact,1.0,numeric_small
3125,上海工程技术大学,—,—,—,—,academics.masterPrograms,28,27,02_院校库,exact,1.0,numeric_small
3137,上海大学,—,—,—,—,academics.masterPrograms,75,73,02_院校库,exact,1.0,numeric_small
3155,上海第二工业大学,—,—,—,—,academics.masterPrograms,14,13,02_院校库,exact,1.0,numeric_small
3204,江苏师范大学,—,—,—,—,academics.doctoralPrograms,3,2,02_院校库,exact,1.0,numeric_small
3205,江苏科技大学,—,—,—,—,academics.masterPrograms,46,45,02_院校库,exact,1.0,numeric_small
3207,南京工业大学,—,—,—,—,academics.masterPrograms,54,52,02_院校库,exact,1.0,numeric_small
3208,常州大学,—,—,—,—,academics.masterPrograms,46,45,02_院校库,exact,1.0,numeric_small
3209,南京邮电大学,—,—,—,—,academics.masterPrograms,40,37,02_院校库,exact,1.0,numeric_small
3211,南京林业大学,—,—,—,—,academics.masterPrograms,50,48,02_院校库,exact,1.0,numeric_small
3211,南京林业大学,—,—,—,—,academics.doctoralPrograms,14,13,02_院校库,exact,1.0,numeric_small
3212,江苏大学,—,—,—,—,academics.masterPrograms,74,72,02_院校库,exact,1.0,numeric_small
3214,淮安大学,—,—,—,—,academics.masterPrograms,15,14,02_院校库,exact,1.0,numeric_small
3215,常州工学院,—,—,—,—,academics.masterPrograms,4,3,02_院校库,exact,1.0,numeric_small
3218,盐城工学院,—,—,—,—,academics.masterPrograms,21,20,02_院校库,exact,1.0,numeric_small
3223,徐州医科大学,—,—,—,—,academics.masterPrograms,20,19,02_院校库,exact,1.0,numeric_small
3225,南京师范大学,—,—,—,—,academics.masterPrograms,74,73,02_院校库,exact,1.0,numeric_small
3225,南京师范大学,—,—,—,—,academics.doctoralPrograms,31,32,02_院校库,exact,1.0,numeric_small
3227,淮阴师范学院,—,—,—,—,academics.masterPrograms,17,15,02_院校库,exact,1.0,numeric_small
3233,南京艺术学院,—,—,—,—,academics.masterPrograms,7,5,02_院校库,exact,1.0,numeric_small
3233,南京艺术学院,—,—,—,—,academics.doctoralPrograms,6,7,02_院校库,exact,1.0,numeric_small
3241,江苏海洋大学,—,—,—,—,academics.masterPrograms,32,30,02_院校库,exact,1.0,numeric_small
3243,南京工程学院,—,—,—,—,academics.masterPrograms,18,17,02_院校库,exact,1.0,numeric_small
3302,浙江工业大学,—,—,—,—,academics.masterPrograms,59,58,02_院校库,exact,1.0,numeric_small
3303,浙江理工大学,—,—,—,—,academics.masterPrograms,46,44,02_院校库,exact,1.0,numeric_small
3303,浙江理工大学,—,—,—,—,academics.doctoralPrograms,9,8,02_院校库,exact,1.0,numeric_small
3305,浙江海洋大学,—,—,—,—,academics.masterPrograms,21,20,02_院校库,exact,1.0,numeric_small
3308,温州医科大学,—,—,—,—,academics.masterPrograms,24,22,02_院校库,exact,1.0,numeric_small
3309,浙江师范大学,—,—,—,—,academics.masterPrograms,53,52,02_院校库,exact,1.0,numeric_small
3310,杭州师范大学,—,—,—,—,academics.masterPrograms,52,51,02_院校库,exact,1.0,numeric_small
3313,绍兴大学,—,—,—,—,academics.masterPrograms,30,29,02_院校库,exact,1.0,numeric_small
3314,台州学院,—,—,—,—,academics.masterPrograms,18,17,02_院校库,exact,1.0,numeric_small
3315,浙江工商大学,—,—,—,—,academics.masterPrograms,42,40,02_院校库,exact,1.0,numeric_small
3316,湖州师范大学,—,—,—,—,academics.masterPrograms,24,23,02_院校库,exact,1.0,numeric_small
3317,中国美术学院,—,—,—,—,academics.masterPrograms,9,8,02_院校库,exact,1.0,numeric_small
3317,中国美术学院,—,—,—,—,academics.doctoralPrograms,5,4,02_院校库,exact,1.0,numeric_small
3318,中国计量大学,—,—,—,—,academics.masterPrograms,31,30,02_院校库,exact,1.0,numeric_small
3325,宁波大学,—,—,—,—,academics.masterPrograms,62,63,02_院校库,exact,1.0,numeric_small
3329,温州大学,—,—,—,—,academics.masterPrograms,41,40,02_院校库,exact,1.0,numeric_small
3385,浙江树人学院,—,—,—,—,academics.masterPrograms,3,5,02_院校库,exact,1.0,numeric_small
3401,安徽工业大学,—,—,—,—,academics.doctoralPrograms,6,9,02_院校库,exact,1.0,numeric_small
3405,安徽农业大学,—,—,—,—,academics.masterPrograms,50,47,02_院校库,exact,1.0,numeric_small
3407,安徽师范大学,—,—,—,—,academics.masterPrograms,57,56,02_院校库,exact,1.0,numeric_small
3410,淮北师范大学,—,—,—,—,academics.masterPrograms,32,31,02_院校库,exact,1.0,numeric_small
3412,阜阳师范大学,—,—,—,—,academics.masterPrograms,24,23,02_院校库,exact,1.0,numeric_small
3418,安徽科技工程大学,—,—,—,—,academics.masterPrograms,11,14,02_院校库,exact,1.0,numeric_small
3427,安庆师范大学,—,—,—,—,academics.masterPrograms,29,28,02_院校库,exact,1.0,numeric_small
3428,安徽中医药大学,—,—,—,—,academics.doctoralPrograms,4,5,02_院校库,exact,1.0,numeric_small
3502,福州大学,—,—,—,—,academics.masterPrograms,66,64,02_院校库,exact,1.0,numeric_small
3507,福建师范大学,—,—,—,—,academics.masterPrograms,62,60,02_院校库,exact,1.0,numeric_small
3510,闽南师范大学,—,—,—,—,academics.masterPrograms,29,28,02_院校库,exact,1.0,numeric_small
3512,泉州师范学院,—,—,—,—,academics.masterPrograms,5,3,02_院校库,exact,1.0,numeric_small
3515,集美大学,—,—,—,—,academics.doctoralPrograms,8,10,02_院校库,exact,1.0,numeric_small
3522,福建中医药大学,—,—,—,—,academics.masterPrograms,14,13,02_院校库,exact,1.0,numeric_small
3603,南昌航空大学,—,—,—,—,academics.masterPrograms,37,34,02_院校库,exact,1.0,numeric_small
3609,江西中医药大学,—,—,—,—,academics.masterPrograms,15,14,02_院校库,exact,1.0,numeric_small
3610,赣南医科大学,—,—,—,—,academics.masterPrograms,13,11,02_院校库,exact,1.0,numeric_small
3611,江西师范大学,—,—,—,—,academics.masterPrograms,55,52,02_院校库,exact,1.0,numeric_small
3633,江西水利电力大学,—,—,—,—,academics.masterPrograms,18,17,02_院校库,exact,1.0,numeric_small
3634,江西科技师范大学,—,—,—,—,academics.masterPrograms,37,35,02_院校库,exact,1.0,numeric_small
3702,青岛科技大学,—,—,—,—,academics.masterPrograms,44,42,02_院校库,exact,1.0,numeric_small
3703,山东科技大学,—,—,—,—,academics.masterPrograms,57,55,02_院校库,exact,1.0,numeric_small
3704,山东政法学院,—,—,—,—,academics.masterPrograms,1,3,02_院校库,exact,1.0,numeric_small
3705,青岛理工大学,—,—,—,—,academics.masterPrograms,45,44,02_院校库,exact,1.0,numeric_small
3706,山东建筑大学,—,—,—,—,academics.masterPrograms,39,36,02_院校库,exact,1.0,numeric_small
3706,山东建筑大学,—,—,—,—,academics.doctoralPrograms,1,2,02_院校库,exact,1.0,numeric_small
3707,曲阜师范大学,—,—,—,—,academics.masterPrograms,50,47,02_院校库,exact,1.0,numeric_small
3712,聊城大学,—,—,—,—,academics.masterPrograms,49,47,02_院校库,exact,1.0,numeric_small
3713,山东师范大学,—,—,—,—,academics.masterPrograms,58,55,02_院校库,exact,1.0,numeric_small
3713,山东师范大学,—,—,—,—,academics.doctoralPrograms,21,20,02_院校库,exact,1.0,numeric_small
3715,鲁东大学,—,—,—,—,academics.masterPrograms,47,46,02_院校库,exact,1.0,numeric_small
3717,山东艺术学院,—,—,—,—,academics.masterPrograms,9,12,02_院校库,exact,1.0,numeric_small
3719,山东工艺美术学院,—,—,—,—,academics.masterPrograms,6,5,02_院校库,exact,1.0,numeric_small
3720,山东财经大学,—,—,—,—,academics.masterPrograms,34,33,02_院校库,exact,1.0,numeric_small
3721,烟台大学,—,—,—,—,academics.masterPrograms,43,41,02_院校库,exact,1.0,numeric_small
3724,山东医药大学,—,—,—,—,academics.masterPrograms,20,19,02_院校库,exact,1.0,numeric_small
3725,山东工商学院,—,—,—,—,academics.masterPrograms,21,20,02_院校库,exact,1.0,numeric_small
3730,青岛大学,—,—,—,—,academics.masterPrograms,73,70,02_院校库,exact,1.0,numeric_small
3739,山东理工大学,—,—,—,—,academics.masterPrograms,52,50,02_院校库,exact,1.0,numeric_small
3812,山东第一医科大学,—,—,—,—,academics.doctoralPrograms,3,6,02_院校库,exact,1.0,numeric_small
3851,浙江中医药大学,—,—,—,—,academics.doctoralPrograms,5,4,02_院校库,exact,1.0,numeric_small
3922,扬州大学,—,—,—,—,academics.masterPrograms,91,89,02_院校库,exact,1.0,numeric_small
4101,郑州大学,—,—,—,—,academics.masterPrograms,100,101,02_院校库,exact,1.0,numeric_small
4101,郑州大学,—,—,—,—,academics.doctoralPrograms,41,42,02_院校库,exact,1.0,numeric_small
4102,河南理工大学,—,—,—,—,academics.masterPrograms,53,51,02_院校库,exact,1.0,numeric_small
4106,河南科技大学,—,—,—,—,academics.doctoralPrograms,11,13,02_院校库,exact,1.0,numeric_small
4107,中原工学院,—,—,—,—,academics.masterPrograms,39,38,02_院校库,exact,1.0,numeric_small
4108,河南农业大学,—,—,—,—,academics.masterPrograms,42,39,02_院校库,exact,1.0,numeric_small
4108,河南农业大学,—,—,—,—,academics.doctoralPrograms,13,12,02_院校库,exact,1.0,numeric_small
4113,河南大学,—,—,—,—,academics.doctoralPrograms,27,26,02_院校库,exact,1.0,numeric_small
4115,河南师范大学,—,—,—,—,academics.masterPrograms,57,56,02_院校库,exact,1.0,numeric_small
4121,河南财经政法大学,—,—,—,—,academics.masterPrograms,35,34,02_院校库,exact,1.0,numeric_small
4123,郑州航空工业管理学院,—,—,—,—,academics.masterPrograms,30,28,02_院校库,exact,1.0,numeric_small
4124,安阳师范学院,—,—,—,—,academics.masterPrograms,14,13,02_院校库,exact,1.0,numeric_small
4192,河南科技学院,—,—,—,—,academics.masterPrograms,29,28,02_院校库,exact,1.0,numeric_small
4203,湖北大学,—,—,—,—,academics.masterPrograms,59,58,02_院校库,exact,1.0,numeric_small
4204,武汉纺织大学,—,—,—,—,academics.masterPrograms,33,31,02_院校库,exact,1.0,numeric_small
4204,武汉纺织大学,—,—,—,—,academics.doctoralPrograms,4,2,02_院校库,exact,1.0,numeric_small
4205,武汉轻工大学,—,—,—,—,academics.masterPrograms,30,32,02_院校库,exact,1.0,numeric_small
4207,湖北工业大学,—,—,—,—,academics.masterPrograms,47,44,02_院校库,exact,1.0,numeric_small
4208,湖北中医药大学,—,—,—,—,academics.masterPrograms,18,17,02_院校库,exact,1.0,numeric_small
4213,湖北民族大学,—,—,—,—,academics.masterPrograms,26,23,02_院校库,exact,1.0,numeric_small
4217,湖北汽车工业学院,—,—,—,—,academics.masterPrograms,18,15,02_院校库,exact,1.0,numeric_small
4219,湖北工程学院,—,—,—,—,academics.masterPrograms,2,3,02_院校库,exact,1.0,numeric_small
4225,湖北医药学院,—,—,—,—,academics.masterPrograms,14,13,02_院校库,exact,1.0,numeric_small
4239,武汉科技大学,—,—,—,—,academics.masterPrograms,58,55,02_院校库,exact,1.0,numeric_small
4239,武汉科技大学,—,—,—,—,academics.doctoralPrograms,10,13,02_院校库,exact,1.0,numeric_small
4242,江汉大学,—,—,—,—,academics.masterPrograms,27,26,02_院校库,exact,1.0,numeric_small
4301,湘潭大学,—,—,—,—,academics.masterPrograms,58,55,02_院校库,exact,1.0,numeric_small
4302,吉首大学,—,—,—,—,academics.masterPrograms,39,38,02_院校库,exact,1.0,numeric_small
4304,湖南科技大学,—,—,—,—,academics.masterPrograms,51,50,02_院校库,exact,1.0,numeric_small
4307,湖南农业大学,—,—,—,—,academics.doctoralPrograms,14,13,02_院校库,exact,1.0,numeric_small
4311,湖南师范大学,—,—,—,—,academics.doctoralPrograms,27,28,02_院校库,exact,1.0,numeric_small
4312,湖南理工大学,—,—,—,—,academics.masterPrograms,27,26,02_院校库,exact,1.0,numeric_small
4318,湖南文理学院,—,—,—,—,academics.masterPrograms,3,6,02_院校库,exact,1.0,numeric_small
4321,湖南工商大学,—,—,—,—,academics.doctoralPrograms,1,2,02_院校库,exact,1.0,numeric_small
4331,湖南城市学院,—,—,—,—,academics.masterPrograms,13,12,02_院校库,exact,1.0,numeric_small
4339,南华大学,—,—,—,—,academics.masterPrograms,47,46,02_院校库,exact,1.0,numeric_small
4339,南华大学,—,—,—,—,academics.doctoralPrograms,8,9,02_院校库,exact,1.0,numeric_small
4341,湖南工程学院,—,—,—,—,academics.masterPrograms,3,2,02_院校库,exact,1.0,numeric_small
4404,华南农业大学,—,—,—,—,academics.doctoralPrograms,16,15,02_院校库,exact,1.0,numeric_small
4406,广东海洋大学,—,—,—,—,academics.masterPrograms,30,28,02_院校库,exact,1.0,numeric_small
4406,广东海洋大学,—,—,—,—,academics.doctoralPrograms,3,4,02_院校库,exact,1.0,numeric_small
4408,广州中医药大学,—,—,—,—,academics.masterPrograms,15,13,02_院校库,exact,1.0,numeric_small
4409,广东药科大学,—,—,—,—,academics.masterPrograms,15,14,02_院校库,exact,1.0,numeric_small
4410,华南师范大学,—,—,—,—,academics.masterPrograms,60,59,02_院校库,exact,1.0,numeric_small
4410,华南师范大学,—,—,—,—,academics.doctoralPrograms,23,22,02_院校库,exact,1.0,numeric_small
4422,南方科技大学,—,—,—,—,academics.postgraduateRate,30.0,32.0,02_院校库,exact,1.0,numeric_small
4424,深圳大学,—,—,—,—,academics.masterPrograms,79,76,02_院校库,exact,1.0,numeric_small
4426,广东财经大学,—,—,—,—,academics.doctoralPrograms,2,3,02_院校库,exact,1.0,numeric_small
4432,东莞理工学院,—,—,—,—,academics.masterPrograms,16,15,02_院校库,exact,1.0,numeric_small
4435,广东石油化工学院,—,—,—,—,academics.masterPrograms,9,8,02_院校库,exact,1.0,numeric_small
4436,佛山大学,—,—,—,—,academics.masterPrograms,26,25,02_院校库,exact,1.0,numeric_small
4444,五邑大学,—,—,—,—,academics.masterPrograms,17,14,02_院校库,exact,1.0,numeric_small
4454,广东技术师范大学,—,—,—,—,academics.masterPrograms,16,15,02_院校库,exact,1.0,numeric_small
4501,广西大学,—,—,—,—,academics.masterPrograms,67,64,02_院校库,exact,1.0,numeric_small
4502,广西科技大学,—,—,—,—,academics.masterPrograms,30,28,02_院校库,exact,1.0,numeric_small
4506,广西医科大学,—,—,—,—,academics.masterPrograms,21,20,02_院校库,exact,1.0,numeric_small
4506,广西医科大学,—,—,—,—,academics.doctoralPrograms,9,8,02_院校库,exact,1.0,numeric_small
4510,广西师范大学,—,—,—,—,academics.masterPrograms,57,56,02_院校库,exact,1.0,numeric_small
4605,海南大学,—,—,—,—,academics.masterPrograms,66,65,02_院校库,exact,1.0,numeric_small
4617,海南医科大学,—,—,—,—,academics.doctoralPrograms,4,5,02_院校库,exact,1.0,numeric_small
5002,重庆交通大学,—,—,—,—,academics.masterPrograms,35,33,02_院校库,exact,1.0,numeric_small
5008,重庆医科大学,—,—,—,—,academics.masterPrograms,26,25,02_院校库,exact,1.0,numeric_small
5010,重庆师范大学,—,—,—,—,academics.masterPrograms,47,44,02_院校库,exact,1.0,numeric_small
5013,重庆三峡科技大学,—,—,—,—,academics.masterPrograms,16,15,02_院校库,exact,1.0,numeric_small
5022,重庆科技大学,—,—,—,—,academics.masterPrograms,16,15,02_院校库,exact,1.0,numeric_small
5102,成都理工大学,—,—,—,—,academics.masterPrograms,50,48,02_院校库,exact,1.0,numeric_small
5105,西南科技大学,—,—,—,—,academics.masterPrograms,43,42,02_院校库,exact,1.0,numeric_small
5107,成都信息工程大学,—,—,—,—,academics.masterPrograms,30,28,02_院校库,exact,1.0,numeric_small
5108,四川轻化工大学,—,—,—,—,academics.masterPrograms,29,27,02_院校库,exact,1.0,numeric_small
5116,西南医科大学,—,—,—,—,academics.masterPrograms,20,19,02_院校库,exact,1.0,numeric_small
5118,川北医学院,—,—,—,—,academics.masterPrograms,18,17,02_院校库,exact,1.0,numeric_small
5119,成都医学院,—,—,—,—,academics.masterPrograms,16,17,02_院校库,exact,1.0,numeric_small
5120,四川师范大学,—,—,—,—,academics.masterPrograms,45,43,02_院校库,exact,1.0,numeric_small
5122,西华师范大学,—,—,—,—,academics.masterPrograms,39,38,02_院校库,exact,1.0,numeric_small
5136,四川音乐学院,—,—,—,—,academics.masterPrograms,6,3,02_院校库,exact,1.0,numeric_small
5136,四川音乐学院,—,—,—,—,academics.postgraduateRate,1.0,0.0,02_院校库,exact,1.0,numeric_small
5149,四川警察学院,—,—,—,—,academics.masterPrograms,3,4,02_院校库,exact,1.0,numeric_small
5201,贵州大学,—,—,—,—,academics.masterPrograms,79,78,02_院校库,exact,1.0,numeric_small
5204,贵州医科大学,—,—,—,—,academics.masterPrograms,22,21,02_院校库,exact,1.0,numeric_small
5204,贵州医科大学,—,—,—,—,academics.doctoralPrograms,5,8,02_院校库,exact,1.0,numeric_small
5207,贵州师范大学,—,—,—,—,academics.masterPrograms,53,50,02_院校库,exact,1.0,numeric_small
5210,黔南民族师范学院,—,—,—,—,academics.masterPrograms,3,1,02_院校库,exact,1.0,numeric_small
5230,贵州民族大学,—,—,—,—,academics.masterPrograms,33,32,02_院校库,exact,1.0,numeric_small
5230,贵州民族大学,—,—,—,—,academics.doctoralPrograms,2,1,02_院校库,exact,1.0,numeric_small
5301,云南大学,—,—,—,—,academics.masterPrograms,74,73,02_院校库,exact,1.0,numeric_small
5302,昆明理工大学,—,—,—,—,academics.masterPrograms,70,69,02_院校库,exact,1.0,numeric_small
5305,西南林业大学,—,—,—,—,academics.masterPrograms,35,34,02_院校库,exact,1.0,numeric_small
5320,云南民族大学,—,—,—,—,academics.masterPrograms,44,43,02_院校库,exact,1.0,numeric_small
5320,云南民族大学,—,—,—,—,academics.doctoralPrograms,3,4,02_院校库,exact,1.0,numeric_small
5323,云南警官学院,—,—,—,—,academics.masterPrograms,4,3,02_院校库,exact,1.0,numeric_small
5402,西藏民族大学,—,—,—,—,academics.masterPrograms,34,33,02_院校库,exact,1.0,numeric_small
5406,西藏农牧大学,—,—,—,—,academics.masterPrograms,16,15,02_院校库,exact,1.0,numeric_small
6101,西安理工大学,—,—,—,—,academics.masterPrograms,42,40,02_院校库,exact,1.0,numeric_small
6102,西北大学,—,—,—,—,academics.masterPrograms,61,59,02_院校库,exact,1.0,numeric_small
6102,西北大学,—,—,—,—,academics.postgraduateRate,18.3,20.0,02_院校库,exact,1.0,numeric_small
6103,西安工业大学,—,—,—,—,academics.masterPrograms,28,27,02_院校库,exact,1.0,numeric_small
6105,西安科技大学,—,—,—,—,academics.masterPrograms,42,40,02_院校库,exact,1.0,numeric_small
6106,西安石油大学,—,—,—,—,academics.masterPrograms,35,33,02_院校库,exact,1.0,numeric_small
6109,陕西科技大学,—,—,—,—,academics.masterPrograms,40,38,02_院校库,exact,1.0,numeric_small
6110,西安工程大学,—,—,—,—,academics.masterPrograms,35,32,02_院校库,exact,1.0,numeric_small
6115,陕西中医药大学,—,—,—,—,academics.masterPrograms,14,11,02_院校库,exact,1.0,numeric_small
6116,延安大学,—,—,—,—,academics.masterPrograms,36,33,02_院校库,exact,1.0,numeric_small
6119,西安外国语大学,—,—,—,—,academics.masterPrograms,22,21,02_院校库,exact,1.0,numeric_small
6125,榆林大学,—,—,—,—,academics.masterPrograms,16,15,02_院校库,exact,1.0,numeric_small
6129,西安邮电大学,—,—,—,—,academics.masterPrograms,29,27,02_院校库,exact,1.0,numeric_small
6139,陕西理工大学,—,—,—,—,academics.masterPrograms,26,25,02_院校库,exact,1.0,numeric_small
6156,西京学院,—,—,—,—,academics.masterPrograms,12,11,02_院校库,exact,1.0,numeric_small
6202,兰州交通大学,—,—,—,—,academics.masterPrograms,46,44,02_院校库,exact,1.0,numeric_small
6203,甘肃农业大学,—,—,—,—,academics.masterPrograms,36,34,02_院校库,exact,1.0,numeric_small
6203,甘肃农业大学,—,—,—,—,academics.doctoralPrograms,9,10,02_院校库,exact,1.0,numeric_small
6209,天水师范大学,—,—,—,—,academics.masterPrograms,17,16,02_院校库,exact,1.0,numeric_small
6222,河西学院,—,—,—,—,academics.masterPrograms,12,11,02_院校库,exact,1.0,numeric_small
6306,青海民族大学,—,—,—,—,academics.masterPrograms,38,37,02_院校库,exact,1.0,numeric_small
6407,宁夏医科大学,—,—,—,—,academics.doctoralPrograms,6,8,02_院校库,exact,1.0,numeric_small
6501,新疆大学,—,—,—,—,academics.masterPrograms,64,62,02_院校库,exact,1.0,numeric_small
6503,塔里木大学,—,—,—,—,academics.doctoralPrograms,3,6,02_院校库,exact,1.0,numeric_small
6504,新疆农业大学,—,—,—,—,academics.masterPrograms,34,33,02_院校库,exact,1.0,numeric_small
6509,喀什大学,—,—,—,—,academics.doctoralPrograms,1,2,02_院校库,exact,1.0,numeric_small
6512,新疆财经大学,—,—,—,—,academics.masterPrograms,25,24,02_院校库,exact,1.0,numeric_small
6535,新疆医科大学,—,—,—,—,academics.masterPrograms,25,24,02_院校库,exact,1.0,numeric_small
6599,昌吉学院,—,—,—,—,academics.masterPrograms,6,5,02_院校库,exact,1.0,numeric_small
9204,陆军工程大学,—,—,—,—,academics.masterPrograms,30,27,02_院校库,exact,1.0,numeric_small
9204,陆军工程大学,—,—,—,—,academics.doctoralPrograms,13,12,02_院校库,exact,1.0,numeric_small
9206,陆军步兵学院,—,—,—,—,academics.masterPrograms,4,2,02_院校库,exact,1.0,numeric_small
9210,陆军防化学院,—,—,—,—,academics.masterPrograms,10,7,02_院校库,exact,1.0,numeric_small
9211,陆军军医大学,—,—,—,—,academics.masterPrograms,21,19,02_院校库,exact,1.0,numeric_small
9211,陆军军医大学,—,—,—,—,academics.doctoralPrograms,12,9,02_院校库,exact,1.0,numeric_small
9213,海军工程大学,—,—,—,—,academics.doctoralPrograms,8,7,02_院校库,exact,1.0,numeric_small
9214,海军大连舰艇学院,—,—,—,—,academics.masterPrograms,14,13,02_院校库,exact,1.0,numeric_small
9214,海军大连舰艇学院,—,—,—,—,academics.doctoralPrograms,3,2,02_院校库,exact,1.0,numeric_small
9217,海军军医大学,—,—,—,—,academics.doctoralPrograms,13,10,02_院校库,exact,1.0,numeric_small
9234,网络空间部队信息工程大学,—,—,—,—,academics.doctoralPrograms,10,9,02_院校库,exact,1.0,numeric_small
9236,联勤保障部队工程大学,—,—,—,—,academics.masterPrograms,22,19,02_院校库,exact,1.0,numeric_small
9236,联勤保障部队工程大学,—,—,—,—,academics.doctoralPrograms,5,6,02_院校库,exact,1.0,numeric_small
